,Data,PREC,RAD,TMAX,TMIN,URMED,U
0,2008-01-01,0.0,0.0,,,,
1,2008-01-02,0.0,0.0,,,,
2,2008-01-03,0.0,0.0,,,,
3,2008-01-04,0.0,0.0,,,,
4,2008-01-05,0.0,0.0,,,,
5,2008-01-06,0.0,0.0,,,,
6,2008-01-07,0.0,0.0,,,,
7,2008-01-08,0.0,0.0,,,,
8,2008-01-09,0.0,0.0,,,,
9,2008-01-10,0.0,0.0,,,,
10,2008-01-11,0.0,0.0,,,,
11,2008-01-12,0.0,0.0,,,,
12,2008-01-13,0.0,0.0,,,,
13,2008-01-14,0.0,0.0,,,,
14,2008-01-15,0.0,0.0,,,,
15,2008-01-16,0.0,0.0,,,,
16,2008-01-17,0.0,0.0,,,,
17,2008-01-18,0.0,0.0,,,,
18,2008-01-19,0.0,0.0,,,,
19,2008-01-20,0.0,0.0,,,,
20,2008-01-21,0.0,0.0,,,,
21,2008-01-22,0.0,0.0,,,,
22,2008-01-23,0.0,0.0,,,,
23,2008-01-24,0.0,0.0,,,,
24,2008-01-25,0.0,0.0,,,,
25,2008-01-26,0.0,0.0,,,,
26,2008-01-27,0.0,0.0,,,,
27,2008-01-28,0.0,0.0,,,,
28,2008-01-29,0.0,0.0,,,,
29,2008-01-30,0.0,0.0,,,,
30,2008-01-31,0.0,0.0,,,,
31,2008-02-01,0.0,0.0,,,,
32,2008-02-02,0.0,0.0,,,,
33,2008-02-03,0.0,0.0,,,,
34,2008-02-04,0.0,0.0,,,,
35,2008-02-05,0.0,0.0,,,,
36,2008-02-06,0.0,0.0,,,,
37,2008-02-07,0.0,0.0,,,,
38,2008-02-08,0.0,0.0,,,,
39,2008-02-09,0.0,0.0,,,,
40,2008-02-10,0.0,0.0,,,,
41,2008-02-11,0.0,0.0,,,,
42,2008-02-12,0.0,0.0,,,,
43,2008-02-13,0.0,0.0,,,,
44,2008-02-14,0.0,0.0,,,,
45,2008-02-15,0.0,0.0,,,,
46,2008-02-16,0.0,0.0,,,,
47,2008-02-17,0.0,0.0,,,,
48,2008-02-18,0.0,0.0,,,,
49,2008-02-19,0.0,0.0,,,,
50,2008-02-20,0.0,0.0,,,,
51,2008-02-21,0.0,0.0,,,,
52,2008-02-22,0.0,0.0,,,,
53,2008-02-23,0.0,0.0,,,,
54,2008-02-24,0.0,0.0,,,,
55,2008-02-25,0.0,0.0,,,,
56,2008-02-26,0.0,0.0,,,,
57,2008-02-27,0.0,0.0,,,,
58,2008-02-28,0.0,0.0,,,,
59,2008-02-29,0.0,0.0,,,,
60,2008-03-01,0.0,0.0,,,,
61,2008-03-02,0.0,0.0,26.7,23.9,80.5,4.2
62,2008-03-03,4.4,18118.81278,26.378260869565214,25.51304347826087,79.02173913043478,1.117391304347826
63,2008-03-04,0.0,21123.32101,27.84583333333333,26.65416666666667,75.70833333333333,1.1291666666666667
64,2008-03-05,26.2,26685.251,27.725000000000005,26.45416666666667,76.5,1.4208333333333334
65,2008-03-06,0.0,15658.62407,27.291666666666668,26.337500000000002,76.97916666666667,1.3291666666666666
66,2008-03-07,6.8,9126.803390000001,24.370588235294115,23.370588235294115,87.23529411764706,1.5941176470588232
67,2008-03-08,0.0,0.0,23.9,23.6,92.5,0.2
68,2008-03-09,0.0,0.0,,,,
69,2008-03-10,1.4,21698.54497,29.727272727272727,27.727272727272727,68.54545454545455,2.0999999999999996
70,2008-03-11,0.2,15588.50052,27.229166666666668,26.166666666666668,79.45833333333333,1.1708333333333332
71,2008-03-12,5.6,8499.04353,25.758333333333336,24.995833333333337,85.9375,1.425
72,2008-03-13,15.6,12046.46632,25.55,24.479166666666668,89.54166666666667,0.8249999999999998
73,2008-03-14,1.0,20256.313,26.616666666666664,25.604166666666668,81.0625,1.075
74,2008-03-15,13.2,20447.45427,25.783333333333335,24.625,82.33333333333333,1.3333333333333333
75,2008-03-16,24.2,15889.471,25.4375,24.525000000000002,86.45833333333333,1.554166666666667
76,2008-03-17,0.0,14670.56792,24.962500000000002,24.116666666666664,85.95833333333333,1.4541666666666668
77,2008-03-18,1.0,19927.236,25.879166666666666,25.120833333333337,84.5,1.4375
78,2008-03-19,24.6,14723.636960000002,26.004166666666666,25.025000000000002,82.9375,1.7833333333333332
79,2008-03-20,11.799999999999999,17871.29365,25.600000000000005,24.570833333333336,84.375,1.4416666666666667
80,2008-03-21,1.5999999999999999,11461.95291,25.291666666666668,24.516666666666666,88.35416666666667,0.9125000000000001
81,2008-03-22,34.6,8378.295820000001,25.099999999999998,24.370833333333334,90.4375,0.8375
82,2008-03-23,0.0,19309.64367,26.304166666666664,25.27916666666667,83.45833333333333,1.2208333333333332
83,2008-03-24,46.8,16966.398289999997,26.258333333333336,25.425,84.25,1.2958333333333332
84,2008-03-25,7.6000000000000005,22903.451699999998,26.691666666666666,25.558333333333334,81.47916666666667,1.1041666666666667
85,2008-03-26,44.400000000000006,11754.903890000001,25.3875,24.566666666666674,88.125,1.5333333333333332
86,2008-03-27,0.4,14938.32958,26.4875,25.6875,81.3125,1.3958333333333333
87,2008-03-28,42.0,7721.991110000001,25.024999999999995,24.383333333333336,88.54166666666667,1.4666666666666668
88,2008-03-29,0.0,19893.324,26.208333333333332,25.304166666666664,82.75,1.0958333333333332
89,2008-03-30,3.0,13808.34971,25.95416666666667,25.05,85.0,1.2333333333333334
90,2008-03-31,82.4,19185.45623,26.287499999999998,25.354166666666668,84.3125,1.0541666666666667
91,2008-04-01,90.6,7538.951,24.45,23.84166666666667,90.29166666666667,2.254166666666667
92,2008-04-02,0.0,21422.44,26.412499999999998,25.479166666666668,79.29166666666667,0.9541666666666666
93,2008-04-03,25.4,11396.753,25.90416666666667,24.608333333333334,87.16666666666667,1.1500000000000001
94,2008-04-04,3.0,11584.646439999999,25.287499999999998,24.662500000000005,85.875,1.258333333333333
95,2008-04-05,0.2,13886.216,26.520833333333332,25.745833333333337,82.08333333333333,1.4458333333333335
96,2008-04-06,0.4,9775.10372,25.133333333333336,24.3625,84.10416666666667,1.7333333333333334
97,2008-04-07,0.6,13617.40352,26.337500000000006,25.3875,82.375,0.9791666666666666
98,2008-04-08,39.2,13704.63564,25.991666666666664,24.683333333333334,86.625,1.2166666666666666
99,2008-04-09,2.2,17881.16463,26.75833333333333,25.59166666666667,84.08333333333333,1.1500000000000001
100,2008-04-10,0.4,14903.23807,26.54583333333333,25.454166666666662,83.39583333333333,0.8958333333333334
101,2008-04-11,0.0,23337.695,28.079166666666666,26.995833333333334,76.27083333333333,1.3541666666666667
102,2008-04-12,0.0,19914.417,27.304166666666664,26.375,76.16666666666667,1.2916666666666667
103,2008-04-13,6.4,18494.19179,26.837499999999995,25.483333333333334,80.45833333333333,1.675
104,2008-04-14,0.6,13065.76459,25.966666666666665,24.900000000000006,85.64583333333333,0.8291666666666666
105,2008-04-15,0.6000000000000001,14717.64069,26.691666666666663,25.674999999999997,83.02083333333333,1.1041666666666667
106,2008-04-16,2.2,9138.23685,26.087499999999995,25.104166666666668,84.95833333333333,1.0583333333333333
107,2008-04-17,18.4,18816.635,26.208333333333332,24.850000000000005,86.52083333333333,0.9083333333333333
108,2008-04-18,1.0,19603.27538,27.354166666666668,26.291666666666668,79.4375,1.1208333333333333
109,2008-04-19,0.4,19462.62206,27.308333333333334,26.162500000000005,78.97916666666667,0.8083333333333335
110,2008-04-20,2.4,17905.30722,27.545833333333338,26.254166666666663,80.14583333333333,0.8916666666666667
111,2008-04-21,0.0,19085.938670000003,28.212499999999995,27.024999999999995,75.22916666666667,1.2208333333333334
112,2008-04-22,0.2,16067.71481,28.0625,26.887500000000003,77.95833333333333,1.1125
113,2008-04-23,24.6,16584.64844,27.75,26.7375,79.33333333333333,1.4583333333333333
114,2008-04-24,3.8000000000000003,17999.84721,27.450000000000003,26.258333333333336,79.3125,0.9291666666666666
115,2008-04-25,33.6,17260.302,26.7375,25.59583333333333,84.58333333333333,1.3333333333333333
116,2008-04-26,0.0,15288.81524,27.675,26.76666666666667,79.97916666666667,1.125
117,2008-04-27,4.6,14099.99838,27.933333333333334,26.549999999999997,80.20833333333333,0.9166666666666666
118,2008-04-28,0.0,16498.78891,28.020833333333332,26.829166666666666,79.58333333333333,0.8083333333333332
119,2008-04-29,0.0,15386.78041,27.925,26.78333333333333,79.70833333333333,1.0458333333333334
120,2008-04-30,7.199999999999999,11871.519,26.012500000000003,24.941666666666666,84.95833333333333,1.0291666666666666
121,2008-05-01,3.2,14342.138210000001,26.073913043478264,24.839130434782607,87.15217391304348,0.9173913043478261
122,2008-05-02,25.6,12537.28074,26.05,24.98333333333333,87.77083333333333,0.8791666666666668
123,2008-05-03,15.799999999999999,9450.329,25.579166666666666,24.7375,90.89583333333333,0.625
124,2008-05-04,10.4,10405.151,25.683333333333334,24.766666666666666,89.10416666666667,1.0375
125,2008-05-05,0.6,11102.875,25.84583333333333,25.270833333333332,85.52083333333333,0.7458333333333332
126,2008-05-06,0.0,19955.468,27.24166666666667,26.208333333333332,81.83333333333333,0.7041666666666666
127,2008-05-07,1.2,18050.356259999997,27.27916666666667,26.104166666666668,80.875,0.8208333333333334
128,2008-05-08,0.0,13770.633,26.633333333333336,25.65833333333333,84.375,0.6708333333333334
129,2008-05-09,76.6,9980.273,25.212499999999995,24.450000000000003,89.83333333333333,1.325
130,2008-05-10,20.599999999999998,11447.886379999998,24.65833333333333,23.849999999999998,88.45833333333333,0.7916666666666666
131,2008-05-11,3.4000000000000004,11799.08803,26.0625,25.091666666666665,86.29166666666667,1.125
132,2008-05-12,0.2,11803.30225,26.59166666666667,25.691666666666666,82.89583333333333,1.0041666666666667
133,2008-05-13,0.0,18246.99052,27.433333333333337,26.412500000000005,74.66666666666667,1.9291666666666665
134,2008-05-14,0.0,20756.83891,27.34583333333333,26.20416666666667,73.625,1.575
135,2008-05-15,0.0,17628.97386,27.7,26.516666666666666,72.60416666666667,1.2708333333333333
136,2008-05-16,0.0,19990.79769,28.2,26.80416666666667,73.89583333333333,1.2583333333333335
137,2008-05-17,0.0,20192.578,28.137500000000003,26.837500000000002,74.5,1.6458333333333333
138,2008-05-18,0.0,17710.45737,28.270833333333332,27.120833333333337,73.10416666666667,1.9041666666666668
139,2008-05-19,0.0,15764.83079,27.741666666666664,26.549999999999997,75.16666666666667,1.4333333333333333
140,2008-05-20,0.0,19589.328,27.604166666666668,26.25,76.97916666666667,1.3458333333333332
141,2008-05-21,0.0,19739.616,27.958333333333332,26.64166666666667,75.29166666666667,1.2708333333333333
142,2008-05-22,0.0,19977.426,27.94583333333333,26.491666666666664,76.60416666666667,1.0541666666666667
143,2008-05-23,1.2,11036.857780000002,27.587499999999995,26.44583333333333,78.97916666666667,0.9874999999999999
144,2008-05-24,17.6,11585.389949999999,27.150000000000002,25.804166666666664,82.60416666666667,1.0958333333333332
145,2008-05-25,1.6,14658.97321,26.6875,25.641666666666666,83.02083333333333,0.8916666666666667
146,2008-05-26,1.6,15878.654530000002,26.85833333333333,25.829166666666666,80.33333333333333,0.8375
147,2008-05-27,0.0,15934.834,26.53333333333333,25.454166666666666,81.6875,1.0416666666666667
148,2008-05-28,0.0,16484.90384,26.7625,25.708333333333332,79.79166666666667,1.1791666666666667
149,2008-05-29,0.0,20114.75721,27.383333333333336,26.129166666666666,73.9375,1.3
150,2008-05-30,0.0,20323.252829999998,26.95,25.5625,73.02083333333333,1.3666666666666665
151,2008-05-31,0.0,14986.56143,28.208333333333332,26.84583333333333,72.83333333333333,1.2541666666666667
152,2008-06-01,0.0,18486.31,27.40869565217391,25.926086956521736,74.6086956521739,1.3521739130434782
153,2008-06-02,0.2,16248.519789999998,27.541666666666668,26.162499999999998,72.77083333333333,1.0999999999999999
154,2008-06-03,0.0,16668.08319,26.004166666666666,24.57916666666667,75.20833333333333,0.7875
155,2008-06-04,0.0,14446.935609999999,26.291666666666668,25.070833333333336,72.33333333333333,1.0958333333333334
156,2008-06-05,0.0,18645.00795,26.8,25.3875,72.72916666666667,1.4416666666666667
157,2008-06-06,0.0,16910.419149999998,26.69545454545454,25.35909090909091,73.75,1.4363636363636363
158,2008-06-07,0.0,15877.52973,27.495833333333334,26.125,70.22916666666667,1.5249999999999997
159,2008-06-08,0.0,21140.772,26.850000000000005,25.26666666666667,68.79166666666667,1.7874999999999999
160,2008-06-09,0.0,15505.137279999999,26.15416666666667,24.854166666666668,71.35416666666667,1.5958333333333332
161,2008-06-10,0.0,12378.26725,27.3875,26.337500000000002,72.64583333333333,1.0666666666666667
162,2008-06-11,0.0,18320.80005,28.004166666666666,26.71666666666667,70.10416666666667,1.3708333333333333
163,2008-06-12,0.0,14676.72899,28.5125,26.89166666666667,69.77083333333333,0.9458333333333333
164,2008-06-13,0.0,17952.90554,27.583333333333332,26.166666666666668,71.60416666666667,0.9875000000000002
165,2008-06-14,0.0,14727.835969999998,27.629166666666663,26.304166666666664,72.27083333333333,1.0125
166,2008-06-15,0.0,19005.38395,27.883333333333336,26.495833333333337,67.79166666666667,1.5166666666666668
167,2008-06-16,0.0,17470.14646,28.083333333333332,26.641666666666666,67.39583333333333,1.0041666666666667
168,2008-06-17,0.0,15886.26684,28.804166666666664,27.2375,71.125,0.7958333333333334
169,2008-06-18,0.0,19485.094,28.754166666666666,27.483333333333334,70.25,1.4916666666666665
170,2008-06-19,0.0,17799.690740000002,26.933333333333337,25.5625,68.8125,1.575
171,2008-06-20,0.0,17728.49227,26.84583333333333,25.349999999999998,65.9375,1.3
172,2008-06-21,0.0,16890.350670000003,27.116666666666664,25.458333333333332,65.47916666666667,1.1624999999999999
173,2008-06-22,0.0,18228.81761,26.370833333333334,24.620833333333337,66.66666666666667,1.2541666666666667
174,2008-06-23,0.0,20612.86684,26.691666666666666,24.96666666666667,63.5625,1.4291666666666665
175,2008-06-24,0.0,18589.06743,26.7625,25.212500000000002,68.58333333333333,1.1166666666666667
176,2008-06-25,0.0,11888.707849999999,27.708333333333332,26.262500000000003,68.0,1.3875
177,2008-06-26,0.0,19260.335170000002,27.1375,25.65416666666667,67.75,1.5041666666666664
178,2008-06-27,0.0,16121.86495,26.791666666666668,25.183333333333337,66.58333333333333,1.5541666666666665
179,2008-06-28,0.0,20211.97,26.808333333333337,25.22083333333333,65.89583333333333,1.5374999999999999
180,2008-06-29,0.0,19840.486,26.71666666666667,25.125,66.08333333333333,1.3125
181,2008-06-30,0.0,17260.131810000003,26.837500000000002,25.14166666666667,65.08333333333333,1.0916666666666668
182,2008-07-01,0.0,19984.281,26.995833333333334,25.53333333333333,62.583333333333336,1.3999999999999997
183,2008-07-02,0.0,14484.8426,27.2,25.629166666666663,68.04166666666667,1.7833333333333332
184,2008-07-03,0.0,19142.335,28.300000000000004,26.778260869565223,62.32608695652174,1.5782608695652176
185,2008-07-04,0.0,16843.85473,26.862499999999997,25.15416666666667,64.41666666666667,1.2458333333333333
186,2008-07-05,0.0,15861.18123,27.345833333333335,25.725000000000005,63.583333333333336,1.3791666666666664
187,2008-07-06,0.0,16759.01429,26.641666666666666,25.104166666666668,66.04166666666667,1.9291666666666665
188,2008-07-07,0.0,14681.16684,27.475000000000005,25.925,66.125,1.8666666666666665
189,2008-07-08,0.0,17337.28135,27.741666666666664,26.229166666666668,63.166666666666664,1.6125
190,2008-07-09,0.0,18087.00774,27.825,26.34166666666667,60.604166666666664,1.6208333333333333
191,2008-07-10,0.0,16271.977550000001,26.775000000000002,25.045833333333334,61.75,1.6500000000000001
192,2008-07-11,0.0,17236.46659,26.79583333333333,25.0625,60.25,1.5999999999999999
193,2008-07-12,0.0,18844.434,27.35833333333333,25.70416666666667,59.416666666666664,1.4958333333333336
194,2008-07-13,0.0,18030.311,27.3625,25.5625,60.0625,1.3458333333333332
195,2008-07-14,0.0,15860.40393,27.183333333333334,25.5125,58.25,1.3041666666666665
196,2008-07-15,0.0,16138.69033,26.03333333333333,24.245833333333337,60.208333333333336,1.5999999999999996
197,2008-07-16,0.0,18120.278,26.291666666666668,24.65416666666667,60.4375,1.5583333333333333
198,2008-07-17,0.0,14831.528400000001,26.65416666666667,25.066666666666666,61.791666666666664,1.7666666666666666
199,2008-07-18,0.0,14977.642,28.566666666666666,27.23333333333333,60.270833333333336,1.5458333333333332
200,2008-07-19,0.0,15965.35363,28.833333333333332,27.07083333333333,60.125,1.6583333333333332
201,2008-07-20,0.0,16864.671,28.462500000000006,26.820833333333336,63.083333333333336,1.6375
202,2008-07-21,0.0,16443.184289999997,28.208333333333332,26.45,57.541666666666664,1.925
203,2008-07-22,0.0,18091.754,26.958333333333332,25.258333333333336,62.104166666666664,1.9625000000000001
204,2008-07-23,0.0,14551.396550000001,27.9375,26.25833333333333,61.25,1.4833333333333334
205,2008-07-24,0.0,17857.51091,28.291666666666668,26.525000000000002,59.854166666666664,1.6708333333333334
206,2008-07-25,0.0,14449.13891,28.2375,26.399999999999995,59.541666666666664,1.0458333333333334
207,2008-07-26,0.0,16059.21933,27.962500000000002,26.29583333333333,59.125,1.6583333333333332
208,2008-07-27,0.0,14919.66108,27.462500000000002,25.925,62.895833333333336,2.1625
209,2008-07-28,0.0,15574.332890000001,27.88333333333333,26.09166666666667,58.291666666666664,2.0375
210,2008-07-29,0.0,19246.079060000004,27.070833333333336,25.03333333333333,55.041666666666664,1.8
211,2008-07-30,0.0,13603.929789999998,27.262500000000003,25.63333333333333,57.75,1.3374999999999997
212,2008-07-31,0.0,14050.3615,28.22083333333333,26.454166666666666,58.854166666666664,1.2375
213,2008-08-01,0.0,13468.84898,28.1375,26.27916666666667,58.1875,1.6583333333333332
214,2008-08-02,0.0,16522.3185,28.22083333333333,26.325,55.5625,1.2458333333333333
215,2008-08-03,0.0,18483.904509999997,28.049999999999997,26.25,56.541666666666664,1.4166666666666667
216,2008-08-04,0.0,15435.002849999999,29.083333333333332,27.28333333333333,58.854166666666664,1.2625
217,2008-08-05,0.0,14691.291879999999,28.554166666666664,26.779166666666665,63.166666666666664,1.5
218,2008-08-06,0.0,15066.846019999999,28.21666666666667,26.583333333333332,63.916666666666664,1.5250000000000001
219,2008-08-07,0.0,19458.44295,27.375,25.46666666666667,58.25,1.625
220,2008-08-08,0.0,16837.766,27.75,26.037499999999998,60.541666666666664,1.3791666666666667
221,2008-08-09,0.2,14847.51705,29.78333333333333,28.15416666666667,59.354166666666664,1.8083333333333336
222,2008-08-10,0.0,20764.126,29.383333333333336,27.67083333333333,58.916666666666664,1.5416666666666667
223,2008-08-11,0.0,18633.45114,28.133333333333336,26.162499999999994,57.0,1.7374999999999998
224,2008-08-12,0.0,21312.817,27.98333333333333,26.054166666666664,53.375,2.0875
225,2008-08-13,0.0,18679.556,28.42083333333333,26.341666666666665,54.479166666666664,1.4124999999999999
226,2008-08-14,0.0,19967.472009999998,28.2375,26.2625,56.458333333333336,1.7375
227,2008-08-15,0.0,15789.428149999998,28.804166666666664,26.75,53.791666666666664,1.2833333333333334
228,2008-08-16,0.0,16971.419289999998,29.566666666666663,27.675,50.75,1.6833333333333333
229,2008-08-17,0.0,20373.753,28.5625,26.625,54.833333333333336,1.9000000000000001
230,2008-08-18,0.0,22063.31339,29.795833333333334,27.837500000000002,51.291666666666664,1.6416666666666666
231,2008-08-19,0.0,16924.62599,28.641666666666666,26.412500000000005,50.333333333333336,1.3958333333333333
232,2008-08-20,0.0,16083.111719999999,27.458333333333332,25.329166666666666,47.229166666666664,1.0458333333333334
233,2008-08-21,0.0,19068.74479,28.325,26.233333333333334,51.375,1.3083333333333333
234,2008-08-22,0.0,12445.37346,29.30416666666667,27.433333333333334,54.145833333333336,1.4833333333333334
235,2008-08-23,0.0,15260.766710000002,30.454166666666666,28.879166666666663,56.104166666666664,1.7416666666666665
236,2008-08-24,0.0,12914.075850000001,29.379166666666663,27.55416666666667,60.479166666666664,1.3583333333333332
237,2008-08-25,0.0,18634.48418,29.525000000000002,27.675,56.895833333333336,1.5625
238,2008-08-26,0.0,17423.79858,29.016666666666666,27.15416666666667,54.104166666666664,1.3416666666666668
239,2008-08-27,0.0,16079.059650000001,28.583333333333332,26.53333333333333,53.791666666666664,1.425
240,2008-08-28,0.0,16946.776990000002,28.445833333333336,26.47083333333333,57.229166666666664,1.2083333333333333
241,2008-08-29,3.2,16672.123,29.60833333333333,27.970833333333335,62.895833333333336,1.6833333333333333
242,2008-08-30,1.8,20874.569,29.92083333333333,28.325,62.166666666666664,1.7458333333333336
243,2008-08-31,0.0,12759.27897,28.325000000000003,26.695833333333336,69.02083333333333,1.0999999999999999
244,2008-09-01,0.2,16690.569,28.86666666666667,27.558333333333334,66.91666666666667,2.029166666666667
245,2008-09-02,0.0,20460.999,29.57916666666667,28.075,59.020833333333336,2.154166666666667
246,2008-09-03,0.0,19211.04821,29.100000000000005,27.34583333333333,55.604166666666664,2.141666666666667
247,2008-09-04,0.0,19884.59388,29.045833333333334,27.233333333333334,56.604166666666664,1.8125
248,2008-09-05,0.0,17225.514,28.3875,26.46666666666667,58.645833333333336,1.1
249,2008-09-06,0.0,20589.917,30.075,28.266666666666666,56.583333333333336,1.5125
250,2008-09-07,0.0,15141.272439999999,28.758333333333336,27.116666666666664,62.479166666666664,1.7916666666666667
251,2008-09-08,0.0,19460.123,29.22083333333333,27.575,58.395833333333336,1.4791666666666667
252,2008-09-09,0.0,18970.12585,30.354166666666668,28.641666666666666,53.979166666666664,1.7791666666666668
253,2008-09-10,0.0,21821.835,29.754166666666663,27.8,52.5625,1.4083333333333332
254,2008-09-11,0.0,17624.5599,29.349999999999998,27.47083333333333,51.0625,2.2416666666666667
255,2008-09-12,0.0,20988.997,30.40416666666667,28.8,51.354166666666664,1.691666666666667
256,2008-09-13,0.0,18522.3813,30.083333333333332,28.333333333333332,50.6875,1.9208333333333332
257,2008-09-14,0.0,19513.190160000002,30.05,28.341666666666665,50.854166666666664,1.7541666666666667
258,2008-09-15,0.0,16590.29432,30.370833333333334,28.725000000000005,53.666666666666664,1.6791666666666665
259,2008-09-16,0.0,19166.74638,30.84166666666667,29.083333333333332,52.020833333333336,1.4708333333333332
260,2008-09-17,0.0,21504.01537,30.066666666666666,28.241666666666664,51.979166666666664,1.4875
261,2008-09-18,0.0,18178.802,29.458333333333332,27.620833333333334,56.833333333333336,1.3041666666666667
262,2008-09-19,0.0,19422.046,30.445833333333336,28.875,55.625,1.5750000000000002
263,2008-09-20,0.0,16657.89459,30.695833333333336,29.258333333333336,53.145833333333336,2.533333333333333
264,2008-09-21,0.0,16967.97536,29.766666666666666,28.0,54.5,0.8250000000000001
265,2008-09-22,0.0,13013.9035,29.8625,28.09583333333333,58.333333333333336,1.275
266,2008-09-23,0.0,17307.62936,28.820833333333336,27.433333333333334,67.04166666666667,1.8375000000000001
267,2008-09-24,0.0,12821.40932,29.104166666666668,28.016666666666666,65.9375,1.8666666666666665
268,2008-09-25,0.0,15692.9274,29.3625,27.945833333333336,60.729166666666664,2.0666666666666664
269,2008-09-26,0.0,16584.826,29.4375,27.779166666666665,60.0625,1.0999999999999999
270,2008-09-27,0.0,16504.24103,29.333333333333332,27.900000000000002,59.354166666666664,1.4208333333333332
271,2008-09-28,0.0,18463.452980000002,30.104166666666668,28.354166666666668,57.125,1.2416666666666665
272,2008-09-29,0.0,13277.93467,29.945833333333336,28.441666666666666,57.895833333333336,1.3958333333333333
273,2008-09-30,0.0,17339.921,31.0625,29.45,54.479166666666664,2.0875
274,2008-10-01,0.0,15193.986,29.45,27.92916666666667,62.625,1.2750000000000001
275,2008-10-02,5.4,7570.16214,26.929166666666664,25.8875,76.5,1.4875
276,2008-10-03,0.0,20465.86141,28.5125,27.229166666666668,70.4375,1.3541666666666667
277,2008-10-04,1.2,19214.36162,29.833333333333332,28.09583333333333,61.645833333333336,1.2833333333333334
278,2008-10-05,0.0,22245.765,30.454166666666666,28.991666666666664,57.729166666666664,2.15
279,2008-10-06,1.2000000000000002,15861.381650000001,30.2625,28.63333333333333,58.729166666666664,2.1666666666666665
280,2008-10-07,0.6,17252.78161,30.833333333333332,29.037500000000005,55.3125,1.4541666666666668
281,2008-10-08,0.0,15511.37931,30.016666666666666,28.0,56.125,1.2625
282,2008-10-09,0.0,10939.71632,29.599999999999998,27.90416666666667,63.541666666666664,1.5333333333333332
283,2008-10-10,0.0,22612.779,30.229166666666668,28.45,57.270833333333336,1.1458333333333333
284,2008-10-11,1.2,16313.10407,30.991666666666664,29.383333333333336,52.8125,1.6708333333333332
285,2008-10-12,0.0,20058.50964,30.670833333333334,29.004166666666663,54.041666666666664,2.25
286,2008-10-13,0.0,23851.467,30.95,29.24166666666667,49.020833333333336,2.4791666666666665
287,2008-10-14,0.0,15849.292710000002,31.4375,29.679166666666664,45.208333333333336,1.8625
288,2008-10-15,0.0,21461.602,31.85833333333333,30.191666666666666,46.854166666666664,1.8999999999999997
289,2008-10-16,0.0,20629.578,30.76666666666667,28.991666666666664,52.375,1.05
290,2008-10-17,0.0,21108.959,31.116666666666664,29.712499999999995,50.916666666666664,1.6125
291,2008-10-18,0.0,13844.22957,30.1375,28.979166666666668,57.354166666666664,1.8958333333333333
292,2008-10-19,0.0,14867.079,29.537499999999998,28.15416666666667,61.3125,1.2083333333333333
293,2008-10-20,0.0,20543.588,29.84166666666667,28.354166666666668,59.229166666666664,1.8666666666666665
294,2008-10-21,0.0,20855.362,30.204166666666666,28.729166666666668,54.6875,2.0124999999999997
295,2008-10-22,6.6000000000000005,21072.08,29.570833333333336,27.883333333333336,63.1875,1.4083333333333332
296,2008-10-23,0.0,19100.76824,29.791666666666668,28.53333333333333,62.020833333333336,1.3166666666666667
297,2008-10-24,0.0,16638.3436,31.22083333333333,30.020833333333332,52.1875,2.283333333333333
298,2008-10-25,0.0,14841.989109999999,30.6375,28.979166666666668,51.145833333333336,1.8708333333333336
299,2008-10-26,0.0,20593.48027,30.837500000000002,28.854166666666668,50.75,0.9625
300,2008-10-27,14.399999999999999,16710.73535,29.879166666666666,27.89166666666667,58.958333333333336,1.3333333333333333
301,2008-10-28,0.0,20645.082,28.6125,27.40833333333333,68.5625,1.6041666666666667
302,2008-10-29,0.0,18969.64,29.849999999999998,28.59583333333333,63.125,1.7458333333333336
303,2008-10-30,0.0,18709.7612,30.104166666666668,28.724999999999998,60.5625,1.2750000000000001
304,2008-10-31,0.0,17905.90298,29.774999999999995,28.233333333333334,64.35416666666667,0.9583333333333334
305,2008-11-01,0.4,13127.681219999999,29.46666666666667,28.079166666666666,63.041666666666664,1.9416666666666667
306,2008-11-02,0.0,16280.000399999999,29.304166666666664,28.03333333333333,62.708333333333336,1.4166666666666667
307,2008-11-03,0.8,19647.37862,29.633333333333336,27.795833333333334,62.520833333333336,1.5208333333333333
308,2008-11-04,4.6,17684.72327,28.495833333333337,26.837500000000002,70.1875,1.1666666666666667
309,2008-11-05,0.0,16484.1308,28.683333333333334,27.441666666666663,68.0625,1.5375000000000003
310,2008-11-06,8.0,17481.181,27.72083333333333,26.054166666666664,70.97916666666667,1.3541666666666667
311,2008-11-07,18.4,17122.314690000003,27.945833333333336,26.458333333333332,73.64583333333333,1.3791666666666667
312,2008-11-08,1.4,21580.509,27.3875,26.34166666666667,73.72916666666667,0.8875000000000001
313,2008-11-09,1.2,15573.325,28.40833333333333,27.07083333333333,72.20833333333333,1.3999999999999997
314,2008-11-10,0.2,16243.4147,28.03333333333333,26.95,71.89583333333333,0.975
315,2008-11-11,0.0,21062.08244,29.27916666666667,27.90416666666667,66.5625,0.8333333333333334
316,2008-11-12,0.0,21168.01841,29.675,28.3625,64.5625,1.1083333333333334
317,2008-11-13,0.0,17548.934,29.316666666666666,28.079166666666666,64.60416666666667,1.8041666666666665
318,2008-11-14,12.399999999999999,14393.95127,27.808333333333334,26.7625,74.60416666666667,1.4458333333333335
319,2008-11-15,27.599999999999998,12958.272,27.1125,25.8125,80.16666666666667,1.0416666666666667
320,2008-11-16,0.0,18359.22107,28.09166666666667,27.1875,76.0,1.195833333333333
321,2008-11-17,0.0,18529.638649999997,29.35833333333333,28.358333333333334,67.0,0.9499999999999998
322,2008-11-18,0.0,17022.31479,29.595833333333335,28.537499999999998,65.625,1.3291666666666668
323,2008-11-19,0.2,15294.663580000002,29.28333333333333,28.058333333333334,69.77083333333333,1.3708333333333333
324,2008-11-20,7.199999999999999,9166.1479,27.525000000000002,26.545833333333334,77.95833333333333,1.4083333333333332
325,2008-11-21,3.0000000000000004,21650.45257,27.745833333333337,26.754166666666674,73.85416666666667,1.2666666666666666
326,2008-11-22,0.0,20535.450259999998,29.458333333333332,28.291666666666668,67.60416666666667,0.8125
327,2008-11-23,3.6,9981.118,28.008333333333336,26.912500000000005,78.0,0.6791666666666667
328,2008-11-24,0.4,4014.70527,25.870833333333337,25.304166666666664,86.25,1.3875
329,2008-11-25,23.4,19300.231,27.46666666666667,26.604166666666668,76.6875,1.0125
330,2008-11-26,0.0,19306.15798,28.516666666666666,27.366666666666664,73.0625,0.975
331,2008-11-27,0.2,16552.572050000002,28.974999999999998,27.90833333333333,74.10416666666667,1.2458333333333333
332,2008-11-28,16.599999999999998,12647.31597,26.75,25.720833333333335,80.97916666666667,1.0499999999999998
333,2008-11-29,16.0,19198.111689999998,27.920833333333334,26.691666666666663,74.0,1.2458333333333333
334,2008-11-30,0.0,15352.36358,28.63333333333333,27.625,72.125,0.9375
335,2008-12-01,0.2,16222.50257,28.616666666666664,27.541666666666668,73.97916666666667,1.0458333333333334
336,2008-12-02,0.0,12853.038050000001,27.483333333333334,26.504166666666663,79.60416666666667,1.7666666666666666
337,2008-12-03,0.0,11649.04533,26.65833333333333,25.766666666666666,77.66666666666667,1.2583333333333335
338,2008-12-04,0.0,13213.005519999999,28.070833333333336,27.0125,74.64583333333333,1.1375
339,2008-12-05,3.2,10521.94238,26.933333333333334,25.854166666666668,78.77083333333333,0.7416666666666667
340,2008-12-06,10.2,17908.73196,28.229166666666668,26.791666666666668,75.77083333333333,0.7833333333333333
341,2008-12-07,2.4,22767.677,27.712500000000002,26.649999999999995,75.85416666666667,0.7666666666666667
342,2008-12-08,0.0,19249.65311,28.420833333333334,27.212500000000002,73.83333333333333,0.9208333333333334
343,2008-12-09,0.0,16668.70245,28.425,27.291666666666668,74.54166666666667,0.8708333333333332
344,2008-12-10,0.0,8425.56083,28.104166666666668,27.0625,75.5625,1.258333333333333
345,2008-12-11,1.4,20395.505,28.52916666666667,27.162500000000005,72.10416666666667,0.875
346,2008-12-12,86.4,19479.738,27.44583333333333,25.9375,79.0,1.1624999999999999
347,2008-12-13,2.0,16478.29375,26.620833333333334,25.6375,79.6875,1.0
348,2008-12-14,0.0,22064.668,28.575,27.441666666666663,72.39583333333333,0.6583333333333333
349,2008-12-15,12.4,17595.9457,26.80416666666667,25.76666666666667,77.8125,1.5166666666666666
350,2008-12-16,65.2,5892.98744,24.991666666666664,24.3625,87.5,1.425
351,2008-12-17,0.0,18894.394689999997,27.412500000000005,26.433333333333337,78.83333333333333,0.9249999999999999
352,2008-12-18,36.8,20261.530810000004,27.208333333333332,25.991666666666664,80.10416666666667,1.1791666666666667
353,2008-12-19,2.8,15446.505009999999,27.445833333333336,26.379166666666666,81.75,1.1458333333333333
354,2008-12-20,71.80000000000001,7837.53701,24.195833333333336,23.537499999999994,88.79166666666667,1.0125
355,2008-12-21,0.0,20327.14028,26.53333333333333,25.52916666666667,77.3125,0.46249999999999997
356,2008-12-22,0.2,22928.094,27.46666666666667,26.516666666666666,73.58333333333333,2.2291666666666665
357,2008-12-23,3.8,19154.472,27.90833333333333,26.71666666666667,75.70833333333333,1.45
358,2008-12-24,0.0,8246.07307,26.1875,25.274999999999995,82.0625,1.0916666666666666
359,2008-12-25,10.399999999999999,8043.66278,25.90416666666667,24.933333333333337,87.125,0.6749999999999999
360,2008-12-26,0.0,11794.425969999998,26.141666666666666,25.354166666666668,80.85416666666667,1.1458333333333333
361,2008-12-27,0.0,23937.374,26.991666666666664,25.825,76.89583333333333,0.8916666666666666
362,2008-12-28,0.0,18008.528990000003,27.683333333333334,26.516666666666666,75.54166666666667,0.5166666666666666
363,2008-12-29,0.0,20755.155,28.7625,27.545833333333338,75.29166666666667,0.6458333333333334
364,2008-12-30,9.0,13579.2219,27.84166666666667,26.53333333333333,80.47916666666667,1.15
365,2008-12-31,0.0,13933.55105,28.175,27.195833333333336,77.41666666666667,1.3041666666666665
366,2009-01-01,0.0,17006.519949999998,28.6375,27.34166666666667,76.1875,0.7291666666666666
367,2009-01-02,0.8,13949.53593,26.941666666666663,25.895833333333332,78.04166666666667,1.2958333333333334
368,2009-01-03,0.0,10017.63761,27.816666666666663,26.891666666666666,77.16666666666667,1.0374999999999999
369,2009-01-04,0.0,20298.98285,27.920833333333338,26.78333333333333,75.0,0.9916666666666667
370,2009-01-05,0.0,19381.268,28.59166666666667,27.5625,73.66666666666667,0.7250000000000001
371,2009-01-06,0.0,19358.085,28.958333333333332,27.72083333333333,72.79166666666667,1.15
372,2009-01-07,54.0,11557.00776,24.912499999999994,23.941666666666663,85.35416666666667,1.9791666666666667
373,2009-01-08,0.0,21727.098240000003,27.541666666666668,26.412499999999998,76.4375,0.7708333333333334
374,2009-01-09,0.0,15940.18059,28.59583333333333,27.412499999999998,75.4375,0.7958333333333334
375,2009-01-10,0.0,16537.59841,27.92083333333333,26.583333333333332,72.41666666666667,1.6416666666666664
376,2009-01-11,13.200000000000001,15411.80442,26.5125,25.09583333333333,80.625,0.8583333333333334
377,2009-01-12,4.6,12080.314339999999,26.34166666666667,25.425,83.79166666666667,0.975
378,2009-01-13,0.2,19059.73918,27.566666666666663,26.4375,78.625,1.0458333333333334
379,2009-01-14,0.0,19888.533,28.412499999999994,27.254166666666666,74.8125,1.0708333333333335
380,2009-01-15,0.0,21869.82871,28.150000000000002,27.066666666666666,70.04166666666667,1.5916666666666668
381,2009-01-16,11.8,16745.0478,27.175,25.52916666666667,80.0,1.2833333333333332
382,2009-01-17,7.6000000000000005,10872.41917,25.666666666666668,24.84166666666667,86.52083333333333,0.8208333333333333
383,2009-01-18,0.0,19433.5032,27.316666666666663,26.233333333333334,80.54166666666667,0.8208333333333333
384,2009-01-19,12.0,14476.82223,26.8625,25.6125,79.39583333333333,0.8916666666666666
385,2009-01-20,37.6,19584.321210000002,27.454166666666666,26.133333333333336,80.4375,1.7291666666666667
386,2009-01-21,24.8,11209.62358,25.416666666666668,24.67083333333333,84.875,1.7916666666666667
387,2009-01-22,3.4000000000000004,17068.863390000002,26.620833333333334,25.620833333333337,79.27083333333333,1.1583333333333332
388,2009-01-23,25.2,17246.469350000003,25.849999999999998,25.05,82.125,1.2833333333333334
389,2009-01-24,0.0,20646.273129999998,27.708333333333332,26.616666666666664,77.54166666666667,0.9875000000000002
390,2009-01-25,29.799999999999997,18574.134,26.791666666666668,25.57916666666667,80.79166666666667,1.6916666666666664
391,2009-01-26,31.400000000000002,13806.257,25.541666666666668,24.379166666666666,85.83333333333333,0.975
392,2009-01-27,0.0,18248.75746,27.3625,26.29583333333333,80.33333333333333,1.075
393,2009-01-28,0.0,14406.103969999998,27.95,26.704166666666666,77.1875,0.775
394,2009-01-29,0.0,19902.77362,28.708333333333332,27.337499999999995,75.22916666666667,0.9666666666666668
395,2009-01-30,24.599999999999998,14289.07234,27.162500000000005,25.795833333333334,80.58333333333333,0.775
396,2009-01-31,0.2,17117.698,26.5625,25.587500000000002,81.08333333333333,0.8833333333333333
397,2009-02-01,1.8,20374.37,27.334782608695654,25.895652173913046,77.69565217391305,0.8913043478260869
398,2009-02-02,5.4,18486.30741,27.125,26.045833333333334,77.10416666666667,0.9541666666666666
399,2009-02-03,21.200000000000003,19109.745,25.71666666666667,24.491666666666664,84.14583333333333,1.0333333333333334
400,2009-02-04,4.6,19470.78339,26.666666666666668,25.770833333333332,79.0625,1.5291666666666666
401,2009-02-05,1.6,21462.14149,27.441666666666663,26.304166666666664,75.27083333333333,1.1375
402,2009-02-06,15.0,19800.578,27.77916666666667,26.349999999999998,79.72916666666667,0.9708333333333333
403,2009-02-07,9.399999999999999,15733.378,27.0625,25.808333333333334,82.4375,0.8666666666666666
404,2009-02-08,0.0,22228.66717,28.520833333333332,27.59583333333333,77.70833333333333,1.1375
405,2009-02-09,0.0,21243.45925,28.816666666666663,27.679166666666664,72.45833333333333,0.9666666666666668
406,2009-02-10,0.0,17624.38462,28.391666666666666,27.233333333333334,75.60416666666667,1.0083333333333335
407,2009-02-11,12.599999999999998,14877.541,26.350000000000005,25.433333333333337,82.35416666666667,1.05
408,2009-02-12,0.4,16321.6936,27.395833333333332,26.325,78.58333333333333,1.0916666666666668
409,2009-02-13,2.0,15939.52113,27.274999999999995,26.108333333333334,78.9375,1.4791666666666667
410,2009-02-14,9.0,16807.117,25.875,24.791666666666668,84.41666666666667,1.2333333333333332
411,2009-02-15,5.6000000000000005,8097.901,25.1875,24.383333333333336,87.0,1.0375
412,2009-02-16,3.2,18236.84185,25.645833333333332,24.683333333333337,83.45833333333333,1.1916666666666667
413,2009-02-17,17.200000000000003,14566.04966,25.766666666666666,25.054166666666664,83.79166666666667,0.8416666666666667
414,2009-02-18,3.8000000000000003,13204.2826,25.666666666666668,24.520833333333332,84.85416666666667,1.1666666666666667
415,2009-02-19,33.8,14147.002480000001,24.570833333333336,23.712500000000002,84.10416666666667,1.4791666666666667
416,2009-02-20,0.8,10164.03543,25.71666666666667,24.649999999999995,84.47916666666667,1.1958333333333335
417,2009-02-21,0.2,12923.23531,26.60833333333333,25.729166666666668,82.0625,0.8708333333333332
418,2009-02-22,21.4,11919.232,25.766666666666666,24.941666666666663,83.66666666666667,0.9333333333333332
419,2009-02-23,105.00000000000001,19197.76025,25.75,24.704166666666666,83.85416666666667,1.3708333333333333
420,2009-02-24,6.4,17157.89851,26.204166666666666,25.3875,81.0625,1.0208333333333333
421,2009-02-25,0.2,19528.845550000002,27.875,26.770833333333332,75.91666666666667,0.8874999999999998
422,2009-02-26,7.199999999999999,11021.285,26.70416666666667,25.82916666666667,81.16666666666667,1.7458333333333333
423,2009-02-27,0.6,19591.4594,26.054166666666664,25.17083333333333,80.91666666666667,0.8916666666666666
424,2009-02-28,0.0,18969.353,26.825,25.70416666666667,79.97916666666667,1.1916666666666667
425,2009-03-01,12.6,11732.296339999999,26.691666666666663,25.291666666666668,82.0625,1.0541666666666665
426,2009-03-02,9.200000000000001,12777.316,25.875,24.837500000000006,86.95833333333333,1.3499999999999999
427,2009-03-03,1.5999999999999999,12338.178609999999,26.558333333333334,25.849999999999998,83.04166666666667,0.9541666666666666
428,2009-03-04,1.2,14769.504,26.754166666666666,25.774999999999995,82.27083333333333,0.875
429,2009-03-05,29.8,8028.952,25.649999999999995,24.92916666666667,89.16666666666667,0.9416666666666668
430,2009-03-06,29.200000000000003,13562.78711,25.224999999999998,24.27916666666667,85.75,1.0291666666666668
431,2009-03-07,0.0,19341.679079999998,28.120833333333334,27.045833333333334,78.10416666666667,0.6666666666666666
432,2009-03-08,3.8,15175.519859999999,26.80416666666667,25.433333333333334,81.83333333333333,0.9791666666666666
433,2009-03-09,0.0,16862.5635,27.791666666666668,26.65416666666667,79.79166666666667,0.8874999999999998
434,2009-03-10,0.0,15421.04614,27.3,26.358333333333334,80.04166666666667,1.075
435,2009-03-11,0.4,17629.98745,27.73333333333333,26.75,78.16666666666667,0.9375
436,2009-03-12,4.0,13982.12125,26.620833333333326,25.270833333333332,80.66666666666667,0.9
437,2009-03-13,0.0,20236.18303,27.433333333333337,26.28333333333333,78.58333333333333,1.0458333333333332
438,2009-03-14,1.8,15097.93209,26.560869565217395,25.54782608695652,82.69565217391305,0.9130434782608695
439,2009-03-15,0.2,13537.874,26.183333333333337,25.258333333333336,84.91666666666667,0.9958333333333332
440,2009-03-16,26.4,15962.07674,26.754166666666666,25.625,82.33333333333333,1.4458333333333335
441,2009-03-17,4.2,17789.65386,26.241666666666664,25.366666666666664,80.66666666666667,1.2416666666666667
442,2009-03-18,2.4000000000000004,17717.22849,26.683333333333334,25.70416666666667,80.9375,1.3083333333333333
443,2009-03-19,0.0,20976.033,27.649999999999995,26.2375,78.02083333333333,1.2041666666666666
444,2009-03-20,0.0,23276.61,27.995833333333334,26.8875,77.27083333333333,1.0333333333333334
445,2009-03-21,0.2,18795.74077,27.7625,26.508333333333336,78.75,0.9416666666666668
446,2009-03-22,1.6,12134.23952,27.21666666666667,26.15416666666667,82.8125,0.5833333333333334
447,2009-03-23,5.0,16411.26174,27.475000000000005,26.408333333333335,79.70833333333333,1.125
448,2009-03-24,0.0,19469.749,27.462500000000002,26.495833333333334,79.33333333333333,0.7958333333333334
449,2009-03-25,0.0,20556.783,27.525000000000002,26.520833333333332,78.04166666666667,0.9874999999999999
450,2009-03-26,0.0,16621.48571,27.837499999999995,26.683333333333334,76.02083333333333,1.0458333333333334
451,2009-03-27,11.6,13713.98578,26.15416666666667,25.079166666666666,82.41666666666667,0.9666666666666668
452,2009-03-28,1.4,13481.9516,26.991666666666664,25.745833333333337,81.04166666666667,0.6958333333333333
453,2009-03-29,3.4,16470.27384,26.929166666666664,25.829166666666666,81.97916666666667,0.9916666666666667
454,2009-03-30,25.8,17256.39311,26.308333333333334,25.133333333333336,84.89583333333333,0.8208333333333333
455,2009-03-31,15.6,15138.431,25.879166666666663,25.0625,86.66666666666667,1.8041666666666665
456,2009-04-01,0.0,22124.299,26.86666666666667,25.587500000000002,79.75,1.2333333333333334
457,2009-04-02,6.6,10653.42195,26.50833333333333,25.462500000000002,84.33333333333333,1.0583333333333333
458,2009-04-03,0.4,16520.50681,26.5625,25.591666666666665,81.70833333333333,1.0791666666666666
459,2009-04-04,13.0,17158.79497,25.987499999999997,24.95,84.0625,1.1708333333333334
460,2009-04-05,26.0,17665.976710000003,26.041666666666668,25.083333333333332,82.02083333333333,1.4749999999999999
461,2009-04-06,0.0,19059.053,26.991666666666664,25.724999999999998,79.54166666666667,0.75
462,2009-04-07,0.0,19314.411060000002,27.775000000000002,26.629166666666663,77.10416666666667,0.8583333333333334
463,2009-04-08,3.0,16137.93821,27.754166666666663,26.400000000000002,79.83333333333333,0.8416666666666668
464,2009-04-09,81.6,19045.25072,26.5625,25.395833333333332,82.35416666666667,1.5125
465,2009-04-10,0.6,15904.171,26.241666666666664,25.47083333333333,84.70833333333333,1.7291666666666667
466,2009-04-11,2.2,18154.94328,27.375,26.333333333333332,78.1875,1.25
467,2009-04-12,55.39999999999999,8551.2345,24.75833333333333,24.079166666666666,89.6875,1.8333333333333333
468,2009-04-13,2.6,10876.30445,25.39166666666667,24.7,85.4375,1.1041666666666667
469,2009-04-14,22.0,14909.413,25.9875,24.71666666666667,85.91666666666667,0.7583333333333334
470,2009-04-15,0.8,17970.531,26.71666666666667,25.65833333333333,81.16666666666667,0.7833333333333333
471,2009-04-16,3.0,14381.218809999998,26.941666666666666,25.845833333333335,81.85416666666667,1.2916666666666667
472,2009-04-17,55.6,15292.85866,26.366666666666664,25.254166666666663,85.33333333333333,0.9416666666666668
473,2009-04-18,0.4,12563.753030000002,26.616666666666664,25.57083333333333,83.4375,0.9500000000000001
474,2009-04-19,1.5999999999999999,12985.856149999998,26.475000000000005,25.462500000000002,84.20833333333333,0.8000000000000002
475,2009-04-20,40.4,14714.265,26.524999999999995,25.391666666666666,86.10416666666667,1.0875000000000001
476,2009-04-21,3.0,17241.86127,27.02916666666667,25.8875,82.4375,1.2416666666666667
477,2009-04-22,22.400000000000002,5032.682949999999,24.904166666666665,24.212500000000002,89.875,1.3500000000000003
478,2009-04-23,40.400000000000006,17842.62156,25.600000000000005,24.583333333333332,85.54166666666667,1.2125000000000001
479,2009-04-24,2.6,6873.707800000001,25.195833333333336,24.479166666666668,89.875,0.9708333333333333
480,2009-04-25,13.4,8443.70336,25.670833333333334,24.8125,86.45833333333333,0.9250000000000002
481,2009-04-26,10.4,14706.350629999999,26.2625,25.3625,83.5,1.4375
482,2009-04-27,1.8,19678.263899999998,27.28333333333333,26.087500000000002,82.83333333333333,1.0166666666666666
483,2009-04-28,62.0,5779.4130700000005,24.65416666666667,24.041666666666668,88.95833333333333,0.875
484,2009-04-29,3.2,23619.599,27.066666666666663,25.90833333333333,81.04166666666667,0.8541666666666666
485,2009-04-30,5.800000000000001,12203.52109,26.241666666666664,25.058333333333337,85.66666666666667,1.2458333333333333
486,2009-05-01,0.8,13683.306980000001,26.183333333333334,25.287500000000005,85.10416666666667,1.0125
487,2009-05-02,42.8,6622.736,24.49166666666667,23.866666666666664,91.14583333333333,1.2833333333333332
488,2009-05-03,0.6000000000000001,17439.54744,26.016666666666666,25.116666666666664,83.47916666666667,0.9375
489,2009-05-04,31.0,12805.327,25.608333333333334,24.770833333333332,87.27083333333333,1.0750000000000002
490,2009-05-05,0.0,15863.954,26.21666666666667,25.25,84.20833333333333,0.8583333333333334
491,2009-05-06,0.0,19780.043,27.445833333333336,26.395833333333332,79.20833333333333,1.25
492,2009-05-07,4.6000000000000005,16682.791,26.84583333333333,25.587499999999995,83.47916666666667,0.9500000000000001
493,2009-05-08,2.1999999999999997,14767.45867,25.325,24.34166666666667,88.27083333333333,0.8958333333333334
494,2009-05-09,31.799999999999997,14905.0419,26.27916666666667,25.108333333333334,84.52083333333333,0.7875
495,2009-05-10,12.6,9551.31794,25.120833333333337,24.09583333333333,88.8125,0.6166666666666667
496,2009-05-11,16.2,12847.487720000001,25.9875,25.1125,86.27083333333333,0.6083333333333334
497,2009-05-12,13.4,13845.58297,26.054166666666664,24.787499999999998,85.22916666666667,0.43333333333333335
498,2009-05-13,21.6,13976.92496,26.433333333333337,25.299999999999997,85.79166666666667,0.5916666666666667
499,2009-05-14,40.8,8845.92358,25.679166666666664,24.90833333333333,87.25,0.7625000000000001
500,2009-05-15,0.0,17687.903,26.99166666666667,25.954166666666666,80.25,1.1083333333333332
501,2009-05-16,14.0,13973.719,26.54583333333333,25.3625,83.22916666666667,0.8624999999999999
502,2009-05-17,1.8,15661.58459,26.224999999999998,25.133333333333336,83.625,0.5624999999999999
503,2009-05-18,0.0,13097.732629999999,27.1375,26.149999999999995,83.14583333333333,0.5416666666666666
504,2009-05-19,11.0,8662.835,25.870833333333334,25.03333333333333,88.14583333333333,0.8041666666666667
505,2009-05-20,6.2,11477.91423,25.975000000000005,24.95,82.72916666666667,0.9958333333333332
506,2009-05-21,0.0,20669.67,27.770833333333332,26.462499999999995,75.64583333333333,1.2000000000000002
507,2009-05-22,0.0,12693.63392,27.066666666666663,25.758333333333336,78.89583333333333,1.0416666666666667
508,2009-05-23,0.4,13687.72702,27.024999999999995,25.97083333333333,79.10416666666667,1.3708333333333336
509,2009-05-24,0.0,18323.2936,28.03333333333333,26.920833333333334,74.625,1.2916666666666667
510,2009-05-25,0.0,13165.4137,27.599999999999998,26.42916666666667,76.25,0.7000000000000001
511,2009-05-26,1.0,16909.688,28.129166666666666,26.9875,75.77083333333333,1.2000000000000002
512,2009-05-27,0.0,12313.6164,28.012500000000003,26.820833333333336,77.89583333333333,0.7166666666666667
513,2009-05-28,5.4,12306.625,27.1375,26.0,82.39583333333333,0.9250000000000002
514,2009-05-29,30.4,12905.22051,26.837500000000002,25.6875,83.875,1.1916666666666667
515,2009-05-30,28.4,9281.38854,25.2625,24.266666666666666,88.35416666666667,0.625
516,2009-05-31,0.4,16074.842,26.620833333333326,25.754166666666666,83.52083333333333,0.8041666666666666
517,2009-06-01,0.0,17953.21849,27.337499999999995,26.241666666666664,80.9375,0.5625
518,2009-06-02,0.0,12858.39621,27.020833333333332,26.066666666666666,80.35416666666667,0.8625000000000002
519,2009-06-03,4.2,12649.84507,26.808333333333334,25.72083333333333,82.5,0.7374999999999999
520,2009-06-04,1.4,18350.65792,27.05,26.07916666666667,79.5,1.6125
521,2009-06-05,0.0,9932.62775,26.837500000000002,25.8875,80.66666666666667,1.1291666666666667
522,2009-06-06,0.2,18019.832,27.366666666666664,25.929166666666664,77.6875,1.4291666666666665
523,2009-06-07,0.0,17855.918240000003,27.8625,26.604166666666668,74.625,1.075
524,2009-06-08,0.0,12868.15767,27.495833333333337,26.145833333333332,71.79166666666667,1.4375
525,2009-06-09,0.0,19553.62,26.924999999999997,25.679166666666664,73.58333333333333,1.5791666666666666
526,2009-06-10,0.0,13938.21561,26.291666666666668,25.179166666666664,73.97916666666667,1.7041666666666666
527,2009-06-11,1.8,12201.083349999999,26.258333333333336,25.25,81.72916666666667,1.2249999999999999
528,2009-06-12,0.2,16865.312,27.254166666666666,26.120833333333337,77.33333333333333,0.8791666666666668
529,2009-06-13,0.0,16351.756019999999,26.954166666666666,25.616666666666664,76.125,0.4541666666666666
530,2009-06-14,0.8,15834.127379999998,26.95,25.537499999999998,79.5,0.7000000000000001
531,2009-06-15,0.2,13583.259900000001,26.537499999999998,25.370833333333337,79.0,1.1666666666666667
532,2009-06-16,0.0,17927.47378,27.075,25.754166666666666,74.08333333333333,1.0958333333333332
533,2009-06-17,0.0,15411.455,26.7625,25.4375,74.66666666666667,1.0083333333333335
534,2009-06-18,0.0,18592.07647,26.808333333333337,25.40833333333333,74.91666666666667,0.9083333333333333
535,2009-06-19,0.0,17523.7338,27.179166666666664,25.7625,73.8125,1.4958333333333333
536,2009-06-20,0.0,15137.745350000001,27.3625,26.0,73.4375,1.8875
537,2009-06-21,0.0,20451.148,27.27916666666667,25.866666666666664,70.5625,1.6166666666666665
538,2009-06-22,0.0,18751.6,26.833333333333332,25.304166666666664,72.52083333333333,1.4666666666666668
539,2009-06-23,0.0,13806.67276,27.395833333333332,26.03333333333333,71.16666666666667,1.4666666666666668
540,2009-06-24,0.0,18163.757960000003,27.625,26.23333333333333,71.625,1.2874999999999999
541,2009-06-25,0.0,18237.838,27.8125,26.28333333333333,71.08333333333333,1.4833333333333334
542,2009-06-26,0.0,16637.53855,26.991666666666664,25.45,73.5,1.2708333333333333
543,2009-06-27,0.0,16720.64137,27.17916666666667,25.766666666666666,72.70833333333333,1.4583333333333333
544,2009-06-28,0.0,16360.03001,27.295833333333334,25.791666666666668,73.60416666666667,1.1708333333333334
545,2009-06-29,0.0,16842.00779,27.183333333333334,25.758333333333336,72.33333333333333,1.4708333333333334
546,2009-06-30,0.0,17130.618019999998,27.09583333333333,25.616666666666664,71.70833333333333,1.4000000000000001
547,2009-07-01,0.0,19930.887,26.98333333333333,25.491666666666664,70.75,1.5583333333333333
548,2009-07-02,0.0,17958.304829999997,27.075,25.4875,69.89583333333333,1.4083333333333332
549,2009-07-03,0.0,19196.471020000005,27.179166666666664,25.679166666666664,70.95833333333333,1.5375000000000003
550,2009-07-04,0.0,19485.01,27.316666666666666,25.854166666666668,71.22916666666667,1.6624999999999999
551,2009-07-05,0.0,15918.43818,27.924999999999997,26.558333333333337,68.1875,1.5166666666666666
552,2009-07-06,0.0,20327.922,27.474999999999998,26.145833333333332,67.5,1.6916666666666667
553,2009-07-07,0.0,18167.257,27.64166666666667,26.09166666666667,66.0,1.7125000000000001
554,2009-07-08,0.0,18272.92,27.958333333333332,26.704166666666666,66.83333333333333,1.6041666666666667
555,2009-07-09,0.0,19802.019,28.225000000000005,26.92083333333333,63.416666666666664,1.9041666666666668
556,2009-07-10,0.0,17423.094,26.724999999999998,25.162500000000005,68.5,1.3583333333333334
557,2009-07-11,0.0,16866.77452,27.366666666666664,25.525000000000002,65.5,0.9666666666666668
558,2009-07-12,0.0,15144.91906,27.454166666666666,25.766666666666666,65.58333333333333,0.8791666666666668
559,2009-07-13,0.0,14190.89495,27.862499999999997,26.26666666666667,70.39583333333333,1.0583333333333333
560,2009-07-14,0.0,14222.76023,28.425,27.02916666666667,68.4375,1.0083333333333333
561,2009-07-15,0.0,16515.03572,27.275000000000002,25.745833333333334,71.39583333333333,1.45
562,2009-07-16,0.0,13639.5491,27.629166666666663,26.104166666666668,67.72916666666667,1.5999999999999999
563,2009-07-17,0.0,14979.721739999999,27.070833333333336,25.495833333333337,68.54166666666667,1.5708333333333335
564,2009-07-18,0.0,15222.641800000001,28.224999999999998,26.708333333333332,64.54166666666667,1.6458333333333333
565,2009-07-19,0.0,19115.381,27.816666666666663,26.09583333333333,63.166666666666664,1.3374999999999997
566,2009-07-20,0.0,18279.018,27.22083333333333,25.587499999999995,65.41666666666667,1.4083333333333332
567,2009-07-21,0.0,16060.85433,28.079166666666666,26.325,66.5625,1.5791666666666666
568,2009-07-22,0.0,17006.494,28.02916666666667,26.495833333333334,68.70833333333333,1.6125
569,2009-07-23,0.0,13193.700789999999,28.979166666666668,27.55416666666667,66.35416666666667,1.7833333333333332
570,2009-07-24,0.0,13749.438,27.525000000000002,26.2625,70.33333333333333,1.7958333333333332
571,2009-07-25,0.0,15613.31607,26.933333333333337,25.291666666666668,71.27083333333333,1.5916666666666668
572,2009-07-26,0.0,14275.73388,26.72083333333333,25.17916666666667,69.08333333333333,1.4624999999999997
573,2009-07-27,0.0,12817.80348,27.316666666666666,25.350000000000005,66.41666666666667,0.9249999999999999
574,2009-07-28,0.0,19101.673,27.28333333333333,25.616666666666664,65.45833333333333,1.2458333333333333
575,2009-07-29,0.0,17969.232,27.474999999999998,25.84166666666667,65.89583333333333,1.6000000000000003
576,2009-07-30,0.0,19330.016,27.366666666666664,25.6375,66.33333333333333,1.5333333333333332
577,2009-07-31,0.0,17195.59475,27.462500000000002,25.662499999999998,64.1875,1.9000000000000001
578,2009-08-01,0.0,20332.927,26.629166666666663,24.854166666666668,62.395833333333336,2.0541666666666667
579,2009-08-02,0.0,14860.905949999998,26.900000000000002,24.974999999999998,63.416666666666664,1.5666666666666664
580,2009-08-03,0.0,16405.470550000002,27.495833333333334,25.745833333333337,63.791666666666664,1.7708333333333333
581,2009-08-04,0.0,13542.52436,27.537499999999998,25.837500000000002,61.708333333333336,2.0791666666666666
582,2009-08-05,0.0,13959.76118,27.57916666666667,25.762500000000003,64.45833333333333,1.5166666666666664
583,2009-08-06,0.0,18172.0709,27.066666666666666,25.395833333333332,66.58333333333333,1.7416666666666665
584,2009-08-07,0.0,17706.39107,27.77916666666667,25.9875,62.6875,1.9875
585,2009-08-08,0.0,16539.96634,28.28333333333333,26.745833333333337,62.1875,1.95
586,2009-08-09,0.0,18676.711,28.40416666666667,26.75833333333333,61.479166666666664,1.6083333333333334
587,2009-08-10,0.0,18617.40523,28.399999999999995,26.462500000000002,59.875,1.1708333333333334
588,2009-08-11,0.0,18361.246,28.52916666666667,26.71666666666667,57.708333333333336,1.3125
589,2009-08-12,0.0,16922.42,27.995833333333334,26.162499999999998,64.5625,1.7083333333333333
590,2009-08-13,0.0,15650.68804,28.208333333333332,26.7,58.1875,1.9625000000000001
591,2009-08-14,0.0,19337.1237,27.587500000000002,25.779166666666665,60.520833333333336,1.6833333333333336
592,2009-08-15,0.0,20136.32,27.84166666666667,26.191666666666663,60.375,1.7958333333333332
593,2009-08-16,0.0,16067.28369,28.07916666666667,26.2625,58.916666666666664,1.925
594,2009-08-17,0.0,18329.80751,28.483333333333334,26.629166666666663,57.895833333333336,1.7541666666666667
595,2009-08-18,0.0,19827.856460000003,28.395833333333332,26.491666666666664,58.75,1.5458333333333334
596,2009-08-19,0.0,13985.323269999999,27.97083333333333,26.254166666666666,63.458333333333336,1.5250000000000001
597,2009-08-20,0.0,17281.6864,28.55,26.804166666666664,62.333333333333336,1.5874999999999997
598,2009-08-21,0.0,15595.58722,28.587500000000002,26.866666666666664,64.20833333333333,1.2208333333333332
599,2009-08-22,0.0,14151.528,28.854166666666668,27.42083333333333,65.8125,1.3
600,2009-08-23,15.6,9900.45544,27.508333333333336,26.25833333333333,74.5625,1.5166666666666668
601,2009-08-24,0.0,15125.11671,28.100000000000005,26.808333333333334,70.3125,1.6208333333333336
602,2009-08-25,0.0,20263.059,28.175,26.67916666666667,66.8125,1.4375
603,2009-08-26,0.0,20663.773,27.941666666666663,26.125,66.95833333333333,0.85
604,2009-08-27,0.0,17843.55914,28.362499999999997,26.854166666666668,67.85416666666667,2.1750000000000003
605,2009-08-28,0.0,21572.04,28.429166666666664,26.704166666666666,66.5,1.4125000000000003
606,2009-08-29,5.0,12688.59194,27.662500000000005,25.945833333333336,73.54166666666667,0.8583333333333333
607,2009-08-30,0.0,15523.28939,28.00833333333333,26.712499999999995,70.75,1.5
608,2009-08-31,0.0,19337.648020000004,28.441666666666663,26.924999999999997,64.54166666666667,1.7916666666666667
609,2009-09-01,0.0,23740.549,28.662499999999998,26.8875,60.375,1.5999999999999999
610,2009-09-02,0.0,17601.01569,28.73333333333333,27.104166666666668,61.458333333333336,1.6166666666666665
611,2009-09-03,0.0,13049.23784,28.479166666666668,26.775000000000002,62.625,1.5875000000000001
612,2009-09-04,0.0,23321.508,29.7,28.095833333333335,57.958333333333336,1.5333333333333334
613,2009-09-05,0.0,18984.124439999996,29.583333333333332,27.849999999999998,59.395833333333336,1.5791666666666666
614,2009-09-06,0.0,10708.51323,27.724999999999998,26.304166666666664,70.1875,0.9875000000000002
615,2009-09-07,0.0,17199.281,28.35833333333333,26.958333333333332,69.20833333333333,1.5833333333333333
616,2009-09-08,0.0,18307.56436,29.191666666666674,27.458333333333332,61.083333333333336,1.5916666666666666
617,2009-09-09,0.0,19324.10701,28.51666666666667,26.808333333333334,62.0,0.9583333333333334
618,2009-09-10,0.0,13379.06055,28.183333333333337,26.77916666666667,66.60416666666667,1.2041666666666666
619,2009-09-11,0.0,21254.727,29.4875,27.925,62.0625,1.8125
620,2009-09-12,0.0,21175.078240000003,28.108333333333338,26.212500000000002,60.208333333333336,1.6416666666666668
621,2009-09-13,0.0,20032.244,28.424999999999997,26.4875,61.041666666666664,1.4124999999999999
622,2009-09-14,0.0,20837.46,28.28333333333333,26.7,65.5625,1.3041666666666665
623,2009-09-15,0.0,14085.28692,28.833333333333332,27.433333333333334,64.41666666666667,1.325
624,2009-09-16,0.0,17124.376,29.15416666666667,27.325,64.70833333333333,1.675
625,2009-09-17,2.8000000000000003,13923.563,28.270833333333332,26.604166666666668,69.47916666666667,1.2
626,2009-09-18,0.0,17086.061,28.983333333333338,27.6875,67.375,0.6875
627,2009-09-19,0.0,10741.791780000001,29.2625,27.791666666666668,66.625,1.1958333333333335
628,2009-09-20,0.0,16460.328879999997,29.23333333333333,27.933333333333337,65.16666666666667,1.8583333333333334
629,2009-09-21,0.0,19355.611,29.308333333333334,27.825,59.4375,2.3125
630,2009-09-22,0.0,16320.251739999998,29.4375,27.6375,56.416666666666664,1.7666666666666666
631,2009-09-23,1.6,13944.65179,26.599999999999998,25.087499999999995,72.75,1.5374999999999999
632,2009-09-24,0.0,14907.81306,28.120833333333334,26.537500000000005,70.85416666666667,0.8375
633,2009-09-25,0.8,17046.5623,30.287500000000005,28.46666666666667,60.354166666666664,1.5291666666666668
634,2009-09-26,0.0,13178.15626,28.225000000000005,27.004166666666663,69.04166666666667,1.45
635,2009-09-27,0.0,17414.275100000003,29.5,27.758333333333336,61.583333333333336,1.6083333333333334
636,2009-09-28,0.0,23017.696079999998,29.991666666666664,27.929166666666664,53.958333333333336,1.7375
637,2009-09-29,0.0,19000.43813,29.7375,27.89166666666667,57.3125,1.0666666666666667
638,2009-09-30,0.0,16457.79816,29.775000000000002,28.270833333333332,60.666666666666664,1.4458333333333335
639,2009-10-01,0.2,18225.72079,29.858333333333334,28.458333333333332,58.229166666666664,1.8416666666666668
640,2009-10-02,0.0,21927.761,29.299999999999997,27.629166666666666,58.854166666666664,1.5875000000000001
641,2009-10-03,0.0,18757.37206,29.570833333333336,27.870833333333334,58.354166666666664,1.3458333333333332
642,2009-10-04,0.0,20052.03373,29.95416666666667,28.316666666666663,58.6875,1.3708333333333336
643,2009-10-05,0.0,12423.144,29.2375,28.037499999999998,64.54166666666667,1.6125
644,2009-10-06,0.0,13859.630580000001,29.229166666666668,27.758333333333336,62.666666666666664,1.2125000000000001
645,2009-10-07,0.0,17821.131879999997,30.0625,28.491666666666664,60.354166666666664,1.0291666666666668
646,2009-10-08,1.8,15672.57291,29.929166666666664,28.591666666666665,60.541666666666664,1.4083333333333332
647,2009-10-09,0.0,21044.338969999997,30.55,28.962499999999995,58.104166666666664,1.4541666666666668
648,2009-10-10,0.0,20400.266,29.066666666666663,27.808333333333334,63.083333333333336,2.404166666666667
649,2009-10-11,0.0,11688.71998,32.67,31.060000000000002,51.2,2.5
650,2009-10-12,0.0,11490.570280000002,28.774999999999995,27.79583333333333,63.166666666666664,1.7458333333333336
651,2009-10-13,0.0,17017.78252,29.025000000000002,27.754166666666666,64.875,1.6333333333333335
652,2009-10-14,0.0,18185.6146,29.916666666666668,28.358333333333334,60.1875,1.5208333333333333
653,2009-10-15,0.0,15099.80296,29.400000000000002,28.108333333333334,60.5,1.9750000000000003
654,2009-10-16,0.2,7923.61801,25.991666666666664,24.77916666666667,79.875,0.9250000000000002
655,2009-10-17,0.0,16944.296,27.575,26.075,75.5625,1.2541666666666667
656,2009-10-18,0.0,13871.48884,28.233333333333334,26.933333333333334,67.58333333333333,1.3375000000000001
657,2009-10-19,0.0,15190.045,28.083333333333332,26.52916666666667,67.375,1.0166666666666666
658,2009-10-20,0.0,18456.88752,28.712499999999995,27.162499999999998,64.04166666666667,1.6958333333333335
659,2009-10-21,0.0,21984.89398,29.2,27.412499999999998,61.6875,1.425
660,2009-10-22,0.0,20574.98062,30.0625,28.229166666666668,55.958333333333336,1.2166666666666666
661,2009-10-23,0.0,12204.646359999999,28.695833333333336,27.587499999999995,63.979166666666664,1.7541666666666664
662,2009-10-24,0.0,16922.74439,29.520833333333332,28.075,63.291666666666664,1.3333333333333333
663,2009-10-25,0.0,15499.85856,29.899999999999995,28.337499999999995,59.625,1.3541666666666667
664,2009-10-26,60.39999999999999,5615.8345,25.875,25.1375,84.10416666666667,1.2791666666666668
665,2009-10-27,0.0,17452.42635,28.116666666666664,26.916666666666668,75.47916666666667,1.1583333333333334
666,2009-10-28,0.4,19282.41887,29.0,27.92916666666667,71.6875,1.4916666666666665
667,2009-10-29,0.0,16826.366,29.158333333333335,27.958333333333332,71.33333333333333,1.3041666666666667
668,2009-10-30,0.0,14401.035679999999,28.695833333333336,27.729166666666668,69.70833333333333,1.7291666666666667
669,2009-10-31,0.0,24462.59975,29.125,27.84166666666667,63.5,1.7708333333333333
670,2009-11-01,0.0,21976.917,28.775000000000002,27.3,63.625,1.1208333333333333
671,2009-11-02,0.0,19987.666,29.620833333333334,28.258333333333336,66.0,0.9416666666666668
672,2009-11-03,2.2,9203.65443,28.104166666666668,27.058333333333334,72.1875,1.4749999999999999
673,2009-11-04,0.0,13642.43916,27.737499999999997,26.570833333333336,71.375,1.2333333333333334
674,2009-11-05,0.0,16253.06738,29.5125,28.195833333333336,63.3125,1.2791666666666666
675,2009-11-06,0.0,19720.0454,29.254166666666666,27.76666666666667,64.5625,1.5958333333333332
676,2009-11-07,0.0,19531.331,28.733333333333334,27.295833333333334,68.22916666666667,1.4583333333333333
677,2009-11-08,0.0,18046.52,29.2,27.787499999999998,66.79166666666667,1.1541666666666668
678,2009-11-09,0.0,12450.54315,29.325,27.9875,66.875,1.3625
679,2009-11-10,0.0,12704.525,28.958333333333332,27.662499999999994,67.79166666666667,1.0999999999999999
680,2009-11-11,0.0,15669.04443,29.5125,28.020833333333332,66.8125,1.0
681,2009-11-12,0.0,15443.896980000001,29.820833333333336,28.479166666666668,63.604166666666664,1.3083333333333333
682,2009-11-13,0.0,11554.203230000001,29.350000000000005,28.004166666666666,66.3125,1.375
683,2009-11-14,14.000000000000002,7756.32197,27.183333333333334,25.50833333333333,79.25,0.875
684,2009-11-15,4.4,19982.48684,28.345833333333335,27.2625,71.29166666666667,1.0875000000000001
685,2009-11-16,2.0,14066.21523,28.766666666666666,27.55416666666667,72.9375,1.1875
686,2009-11-17,0.0,23624.019060000002,29.8625,28.47083333333333,66.60416666666667,0.9458333333333334
687,2009-11-18,0.4,10400.68804,28.995833333333334,27.65416666666667,68.47916666666667,1.4458333333333335
688,2009-11-19,0.0,15359.774469999998,29.350000000000005,28.099999999999998,65.875,1.5666666666666664
689,2009-11-20,0.6000000000000001,17829.615,28.245833333333337,26.84166666666667,70.0625,1.7166666666666668
690,2009-11-21,0.0,17533.78571,28.662499999999998,27.45,66.47916666666667,1.4625000000000001
691,2009-11-22,0.0,24355.674,29.308333333333337,27.645833333333332,60.729166666666664,1.3416666666666668
692,2009-11-23,0.0,15096.59382,28.841666666666665,27.2,62.479166666666664,1.2583333333333335
693,2009-11-24,0.0,18125.76904,29.22083333333333,27.870833333333334,63.541666666666664,1.4833333333333334
694,2009-11-25,0.0,19458.689,29.02916666666667,27.583333333333332,64.52083333333333,1.0875000000000001
695,2009-11-26,0.0,12848.30136,29.0625,27.85833333333333,63.3125,1.6541666666666666
696,2009-11-27,0.0,16277.919440000001,29.308333333333337,28.004166666666666,60.8125,1.3958333333333333
697,2009-11-28,0.0,20345.37518,30.162499999999998,28.583333333333332,56.958333333333336,1.75
698,2009-11-29,0.0,12432.40471,29.929166666666664,28.395833333333332,58.958333333333336,1.575
699,2009-11-30,8.799999999999999,17271.491,29.566666666666663,27.791666666666668,63.104166666666664,1.4916666666666665
700,2009-12-01,1.4,6947.365,26.933333333333337,26.1375,77.72916666666667,1.1875
701,2009-12-02,0.0,13109.52047,27.629166666666666,26.616666666666664,73.75,1.6833333333333333
702,2009-12-03,0.0,19114.77923,28.96666666666667,27.65833333333333,65.54166666666667,1.5375000000000003
703,2009-12-04,0.0,15807.985,29.133333333333336,27.766666666666666,64.125,1.3791666666666667
704,2009-12-05,8.2,9606.22658,27.429166666666664,26.504166666666663,77.45833333333333,1.3875
705,2009-12-06,2.6,8287.34483,27.1125,26.39166666666667,79.64583333333333,1.2833333333333334
706,2009-12-07,0.0,12035.9,27.241666666666664,26.2375,77.20833333333333,1.1500000000000001
707,2009-12-08,0.0,13075.59776,27.175,26.058333333333337,79.5,0.8166666666666668
708,2009-12-09,0.8,16568.69248,27.458333333333332,26.09583333333333,74.04166666666667,1.2041666666666666
709,2009-12-10,0.0,14541.505,27.370833333333334,26.458333333333332,75.875,1.075
710,2009-12-11,0.2,11827.784539999999,28.066666666666663,26.925,73.625,0.9291666666666666
711,2009-12-12,8.6,12486.656449999999,27.32916666666667,25.787499999999998,78.22916666666667,1.6833333333333333
712,2009-12-13,35.6,14046.48867,27.037499999999998,25.6375,80.64583333333333,1.375
713,2009-12-14,0.8,8781.78165,27.391666666666666,25.858333333333334,77.33333333333333,0.9249999999999999
714,2009-12-15,9.8,10323.45733,26.3125,25.07083333333333,83.375,1.0916666666666666
715,2009-12-16,0.2,15110.85745,25.791666666666668,24.795833333333334,83.8125,1.1458333333333333
716,2009-12-17,0.0,16564.726,26.920833333333338,25.758333333333336,78.14583333333333,0.9875000000000002
717,2009-12-18,0.0,16785.86852,28.316666666666663,27.3125,72.70833333333333,1.2791666666666668
718,2009-12-19,0.0,23025.47,29.433333333333334,28.225000000000005,69.04166666666667,1.2833333333333332
719,2009-12-20,1.4,14958.50735,28.03333333333333,26.625,74.47916666666667,1.425
720,2009-12-21,7.8,11491.53648,25.991666666666664,25.145833333333332,79.125,0.6749999999999999
721,2009-12-22,13.400000000000002,2340.48995,23.76666666666667,23.162500000000005,90.22916666666667,1.2833333333333334
722,2009-12-23,0.0,11974.89907,24.72083333333333,23.925,85.1875,0.9708333333333332
723,2009-12-24,0.0,18368.599509999996,27.333333333333332,26.09583333333333,79.72916666666667,1.1125
724,2009-12-25,0.0,17531.384,27.833333333333332,26.837500000000002,77.0625,0.7374999999999999
725,2009-12-26,0.8,14509.109100000001,28.183333333333334,26.8875,76.4375,1.4041666666666668
726,2009-12-27,0.0,11082.46898,27.412500000000005,26.558333333333334,77.70833333333333,0.7333333333333334
727,2009-12-28,0.8,5760.1674299999995,27.066666666666666,26.379166666666666,82.45833333333333,0.7791666666666668
728,2009-12-29,0.0,16035.61662,28.379166666666663,27.354166666666668,75.1875,0.5458333333333334
729,2009-12-30,1.8000000000000003,5915.20231,25.258333333333336,24.566666666666663,85.1875,1.3875
730,2009-12-31,5.6000000000000005,16942.96968,26.53333333333333,25.399999999999995,81.875,1.0250000000000001
731,2010-01-01,16.8,8527.4,24.229166666666668,23.708333333333332,88.70833333333333,1.1666666666666667
732,2010-01-02,5.0,9176.064,24.762500000000003,24.100000000000005,88.5625,0.625
733,2010-01-03,3.0000000000000004,11144.24901,26.125,25.108333333333334,83.4375,1.1041666666666667
734,2010-01-04,3.8,19888.22737,27.383333333333336,26.354166666666668,76.33333333333333,1.9375
735,2010-01-05,0.0,21418.68,28.15833333333333,26.7625,73.16666666666667,1.2291666666666667
736,2010-01-06,0.0,22521.302689999997,28.7625,27.4875,70.45833333333333,1.3666666666666665
737,2010-01-07,0.6000000000000001,11056.08979,27.833333333333332,26.933333333333337,76.77083333333333,1.1583333333333332
738,2010-01-08,41.800000000000004,11580.02961,26.258333333333336,25.21666666666667,82.02083333333333,1.875
739,2010-01-09,0.0,18168.148,26.6375,25.695833333333336,74.77083333333333,1.6166666666666665
740,2010-01-10,0.0,19052.32052,27.650000000000002,26.59583333333333,72.29166666666667,1.0666666666666667
741,2010-01-11,7.8,16758.65593,28.175,26.816666666666666,73.625,1.2625
742,2010-01-12,0.4,18772.691,27.479166666666668,26.520833333333332,79.54166666666667,1.2666666666666666
743,2010-01-13,55.20000000000001,8117.6114800000005,24.633333333333336,23.808333333333337,87.45833333333333,1.6833333333333333
744,2010-01-14,0.0,21859.146,27.45,26.308333333333337,75.6875,0.8833333333333333
745,2010-01-15,0.0,17723.74009,28.19583333333333,26.8625,73.625,1.0374999999999999
746,2010-01-16,0.0,18777.482219999998,28.849999999999998,27.599999999999998,74.22916666666667,1.1291666666666667
747,2010-01-17,0.0,19440.54836,28.67083333333333,27.441666666666666,74.29166666666667,1.2833333333333334
748,2010-01-18,0.0,13603.92799,28.495833333333334,27.229166666666668,72.79166666666667,1.2958333333333334
749,2010-01-19,0.0,15400.436029999999,29.4875,28.104166666666668,68.97916666666667,1.3916666666666666
750,2010-01-20,10.799999999999999,12972.245,27.40833333333333,26.133333333333336,81.72916666666667,1.2833333333333332
751,2010-01-21,9.2,16512.313,26.92083333333333,25.57083333333333,83.1875,1.0
752,2010-01-22,3.6,18882.407,27.270833333333332,25.95,80.375,0.7999999999999999
753,2010-01-23,0.0,16928.25,27.479166666666668,26.333333333333332,80.375,0.9375
754,2010-01-24,0.0,18833.49945,27.316666666666663,26.25,76.10416666666667,0.9125
755,2010-01-25,16.400000000000002,8224.80096,25.61666666666667,24.724999999999998,84.83333333333333,1.2958333333333334
756,2010-01-26,0.0,19954.324,27.054166666666664,25.916666666666668,79.14583333333333,0.975
757,2010-01-27,7.8,13713.05133,26.829166666666666,25.704166666666666,81.08333333333333,1.2750000000000001
758,2010-01-28,31.999999999999996,18174.61436,26.59583333333333,25.6375,82.9375,1.2958333333333332
759,2010-01-29,31.0,11267.605039999999,25.525000000000002,24.3,86.39583333333333,1.6541666666666666
760,2010-01-30,0.0,20731.782880000002,27.837499999999995,26.849999999999998,78.10416666666667,1.2333333333333334
761,2010-01-31,0.0,17658.66247,28.745833333333334,27.633333333333336,75.0625,1.1541666666666666
762,2010-02-01,18.8,19386.50551,29.287499999999998,28.024999999999995,76.27083333333333,1.2625
763,2010-02-02,0.6000000000000001,10933.016,26.5625,25.895833333333332,83.89583333333333,1.4083333333333332
764,2010-02-03,0.0,22495.539,28.916666666666668,27.72083333333333,76.4375,1.2375
765,2010-02-04,0.0,22063.777,29.0125,27.837500000000002,72.91666666666667,1.429166666666667
766,2010-02-05,0.0,11218.977379999998,29.712499999999995,28.408333333333335,72.75,0.8708333333333332
767,2010-02-06,3.4000000000000004,11307.922510000002,28.849999999999998,27.666666666666668,76.02083333333333,1.8458333333333332
768,2010-02-07,0.4,14452.66268,28.058333333333337,27.26666666666667,79.95833333333333,1.2833333333333334
769,2010-02-08,14.6,2503.12286,24.791666666666668,24.241666666666664,89.3125,1.1791666666666667
770,2010-02-09,1.7999999999999998,9662.51624,24.275000000000002,23.620833333333337,87.29166666666667,1.179166666666667
771,2010-02-10,0.0,18855.16,27.2375,26.174999999999997,78.91666666666667,0.8458333333333333
772,2010-02-11,12.399999999999999,11240.3779,27.145833333333332,25.916666666666668,84.5,1.5333333333333332
773,2010-02-12,10.8,13187.06407,26.6375,25.579166666666666,83.625,1.1416666666666666
774,2010-02-13,20.8,15823.2479,26.708333333333332,25.7375,80.39583333333333,1.4208333333333332
775,2010-02-14,9.0,13827.109629999999,27.29583333333333,25.916666666666668,81.875,1.0374999999999999
776,2010-02-15,4.2,14415.78873,26.8125,25.808333333333334,82.16666666666667,1.3708333333333336
777,2010-02-16,1.0,12169.99794,27.441666666666663,26.34166666666667,83.04166666666667,1.3916666666666668
778,2010-02-17,0.0,16850.33835,27.954166666666666,27.004166666666666,78.20833333333333,1.4583333333333333
779,2010-02-18,0.6000000000000001,14934.56425,28.866666666666664,27.612499999999997,76.89583333333333,0.9333333333333335
780,2010-02-19,0.0,23121.99,29.441666666666663,28.291666666666668,74.95833333333333,1.3833333333333335
781,2010-02-20,0.2,20604.45142,28.879166666666666,27.5625,77.20833333333333,1.325
782,2010-02-21,66.0,3619.574,25.55,24.8875,90.4375,0.8083333333333332
783,2010-02-22,0.2,13834.5955,26.395833333333332,25.474999999999998,84.33333333333333,0.9
784,2010-02-23,0.6,21893.375,28.370833333333334,27.116666666666664,79.47916666666667,1.3
785,2010-02-24,42.0,4337.2110999999995,25.5125,24.787500000000005,90.79166666666667,0.9291666666666667
786,2010-02-25,1.4000000000000001,18109.041,27.004166666666666,25.804166666666664,85.875,1.0458333333333334
787,2010-02-26,0.0,20531.24307,28.65416666666667,27.508333333333336,77.47916666666667,1.0166666666666666
788,2010-02-27,2.4,14006.671620000001,27.370833333333334,26.25,84.35416666666667,0.9833333333333334
789,2010-02-28,25.4,8291.862,25.825,25.14166666666667,88.16666666666667,0.875
790,2010-03-01,0.2,19825.87213,28.216666666666665,27.195833333333336,79.04166666666667,0.8833333333333334
791,2010-03-02,0.0,16739.78816,29.054166666666664,27.883333333333336,74.91666666666667,0.9833333333333334
792,2010-03-03,2.4000000000000004,20507.895,28.854166666666668,27.495833333333337,76.45833333333333,0.7166666666666668
793,2010-03-04,12.6,21111.627689999998,28.441666666666666,26.962500000000002,79.5625,0.6833333333333332
794,2010-03-05,0.0,21905.256,28.979166666666668,27.620833333333334,77.0625,0.6541666666666667
795,2010-03-06,2.0,11393.535940000002,28.716666666666665,27.479166666666668,77.375,1.0374999999999999
796,2010-03-07,43.0,15586.074,27.6875,26.183333333333337,83.97916666666667,1.0083333333333333
797,2010-03-08,0.2,23336.656,28.333333333333332,27.304166666666664,77.91666666666667,1.304166666666667
798,2010-03-09,0.0,17929.330579999998,29.75,28.429166666666664,75.0,0.6791666666666666
799,2010-03-10,3.6,9753.19766,28.1375,26.945833333333336,82.25,0.7125
800,2010-03-11,0.0,21256.545,28.508333333333336,27.333333333333332,76.4375,0.9166666666666666
801,2010-03-12,0.2,15552.892960000001,29.1125,27.833333333333332,76.95833333333333,0.6833333333333332
802,2010-03-13,0.0,20019.243,29.204166666666666,27.791666666666668,75.1875,1.2458333333333333
803,2010-03-14,2.4,11048.494779999999,28.454166666666666,27.058333333333337,76.97916666666667,1.3791666666666667
804,2010-03-15,0.0,20727.659,28.275000000000002,27.070833333333336,76.75,1.1125
805,2010-03-16,4.2,22587.30102,28.879166666666663,27.483333333333334,76.89583333333333,0.9583333333333334
806,2010-03-17,3.0,6458.769730000001,26.1875,25.316666666666666,85.95833333333333,1.375
807,2010-03-18,0.0,12991.69234,27.658333333333335,26.541666666666668,81.27083333333333,0.9875000000000002
808,2010-03-19,0.0,19075.59025,28.40416666666667,27.2625,76.52083333333333,1.4333333333333333
809,2010-03-20,0.0,17862.29998,28.945833333333336,27.754166666666666,72.8125,1.1208333333333333
810,2010-03-21,18.799999999999997,10018.261030000001,26.337499999999995,25.633333333333336,83.95833333333333,1.325
811,2010-03-22,8.799999999999999,21635.067,27.054166666666664,26.016666666666666,80.64583333333333,1.3833333333333335
812,2010-03-23,1.6,12870.22585,27.26666666666667,26.245833333333334,81.91666666666667,1.0541666666666667
813,2010-03-24,31.799999999999997,13515.856310000001,26.275000000000002,25.0625,84.91666666666667,0.9833333333333334
814,2010-03-25,0.2,18117.76046,28.145833333333332,27.175,79.625,0.9208333333333334
815,2010-03-26,0.0,18193.587629999998,28.916666666666668,27.754166666666666,77.08333333333333,0.9541666666666666
816,2010-03-27,0.0,21588.54539,28.59166666666667,27.370833333333334,76.95833333333333,1.1208333333333333
817,2010-03-28,13.2,13430.517,27.274999999999995,26.016666666666666,81.9375,1.2541666666666667
818,2010-03-29,0.0,16449.2889,26.974999999999998,25.916666666666668,79.47916666666667,1.5875000000000001
819,2010-03-30,10.2,14017.14581,27.258333333333336,25.883333333333336,82.3125,1.075
820,2010-03-31,0.2,19248.443420000003,27.420833333333334,26.429166666666664,81.72916666666667,0.9708333333333332
821,2010-04-01,51.8,8853.62066,26.083333333333332,24.858333333333334,88.60416666666667,1.0250000000000001
822,2010-04-02,3.6,14861.58,26.7625,25.816666666666666,86.1875,0.8375
823,2010-04-03,4.4,11925.301879999999,26.6375,25.708333333333332,86.5,0.6749999999999999
824,2010-04-04,0.2,20740.431740000004,28.104166666666668,27.0625,79.35416666666667,1.2541666666666667
825,2010-04-05,0.0,16582.07973,29.116666666666664,27.90416666666667,76.91666666666667,0.9208333333333334
826,2010-04-06,14.6,8598.36017,27.108333333333334,26.037499999999998,86.16666666666667,0.6625
827,2010-04-07,21.4,6694.40624,27.045833333333334,25.974999999999998,87.10416666666667,0.8041666666666666
828,2010-04-08,12.6,14678.527279999998,26.745833333333334,25.57083333333333,83.95833333333333,1.2166666666666666
829,2010-04-09,24.599999999999998,17054.13,26.666666666666668,25.725000000000005,84.02083333333333,0.9416666666666668
830,2010-04-10,0.0,18315.47226,28.1875,27.058333333333337,81.0,0.7333333333333334
831,2010-04-11,86.79999999999998,11407.492,25.804166666666664,24.895833333333332,87.14583333333333,1.4124999999999999
832,2010-04-12,2.5999999999999996,19429.961,26.837500000000002,25.629166666666663,84.45833333333333,1.5208333333333333
833,2010-04-13,42.0,16681.652710000002,27.066666666666666,25.8625,82.8125,1.4708333333333332
834,2010-04-14,5.6,21985.57992,28.620833333333334,27.412499999999998,76.95833333333333,1.6125
835,2010-04-15,0.0,14513.06711,28.725000000000005,27.495833333333334,77.70833333333333,1.3583333333333334
836,2010-04-16,0.0,12542.01674,28.458333333333332,27.166666666666668,81.04166666666667,0.7208333333333333
837,2010-04-17,14.399999999999999,21847.921,27.77916666666667,26.2625,82.91666666666667,1.3583333333333334
838,2010-04-18,1.6,12218.23739,27.166666666666668,26.316666666666663,84.02083333333333,1.0708333333333333
839,2010-04-19,5.4,16483.76486,27.791666666666668,26.6875,82.875,0.9416666666666668
840,2010-04-20,0.0,19461.45302,29.241666666666664,27.908333333333335,77.39583333333333,1.1083333333333334
841,2010-04-21,0.0,18842.83126,28.899999999999995,27.679166666666664,76.27083333333333,0.9291666666666667
842,2010-04-22,0.0,18901.93119,29.004166666666663,27.712500000000002,75.41666666666667,0.8874999999999998
843,2010-04-23,0.0,13716.157,28.09583333333333,27.016666666666666,80.95833333333333,1.0416666666666667
844,2010-04-24,6.4,9771.80711,27.162499999999998,25.774999999999995,84.52083333333333,1.054166666666667
845,2010-04-25,0.0,17955.41207,28.60833333333333,27.54583333333333,78.625,1.2083333333333333
846,2010-04-26,0.0,19290.42439,28.816666666666666,27.5625,76.02083333333333,0.9208333333333333
847,2010-04-27,0.0,20024.469269999998,29.629166666666666,28.25,72.41666666666667,1.2874999999999999
848,2010-04-28,0.0,18831.396,28.962499999999995,27.78333333333333,73.89583333333333,0.9500000000000001
849,2010-04-29,0.6000000000000001,16604.894,28.1375,26.59166666666667,80.04166666666667,1.0458333333333332
850,2010-04-30,0.2,15231.20942,28.041666666666668,26.970833333333335,76.60416666666667,1.0
851,2010-05-01,2.2,14303.30601,27.95,26.883333333333336,79.27083333333333,0.9458333333333333
852,2010-05-02,20.0,15513.96443,27.2625,25.912499999999998,79.64583333333333,1.3291666666666666
853,2010-05-03,0.2,17569.91046,27.55,26.5,81.22916666666667,0.9500000000000001
854,2010-05-04,0.0,20335.971,28.39166666666667,27.22083333333333,77.02083333333333,0.9583333333333334
855,2010-05-05,0.0,19236.33,28.5,27.391666666666666,75.58333333333333,1.1875
856,2010-05-06,53.8,10153.897,26.020833333333332,24.858333333333334,86.4375,0.9625
857,2010-05-07,0.2,13866.072370000002,26.675,25.729166666666668,85.14583333333333,0.4583333333333333
858,2010-05-08,0.0,17740.12724,28.625,27.29583333333333,79.35416666666667,0.7541666666666668
859,2010-05-09,0.0,20206.93821,28.86666666666667,27.599999999999998,72.89583333333333,1.0708333333333335
860,2010-05-10,0.0,21341.33688,28.470833333333335,27.045833333333334,76.5,0.6124999999999999
861,2010-05-11,0.0,22227.174,28.724999999999998,27.45,74.33333333333333,0.8083333333333332
862,2010-05-12,1.2,18350.064,28.675,27.329166666666666,78.25,0.7291666666666666
863,2010-05-13,15.599999999999998,13093.16,27.51666666666667,26.258333333333336,82.0625,0.9458333333333333
864,2010-05-14,40.0,9102.02914,26.945833333333336,25.71666666666667,86.70833333333333,0.7291666666666666
865,2010-05-15,0.2,15633.84566,28.108333333333334,26.975000000000005,82.29166666666667,0.8041666666666667
866,2010-05-16,0.0,13897.83138,28.995833333333334,27.650000000000002,75.52083333333333,0.8375
867,2010-05-17,0.0,18325.334560000003,28.54583333333333,27.212500000000002,75.25,0.4791666666666667
868,2010-05-18,0.0,20775.83853,28.8875,27.625,74.75,0.6625
869,2010-05-19,0.0,13677.755260000002,28.84583333333333,27.575,73.22916666666667,0.9666666666666668
870,2010-05-20,0.0,21268.86,28.6375,27.320833333333336,72.72916666666667,1.1208333333333333
871,2010-05-21,0.0,19921.78196,28.90833333333333,27.604166666666668,74.5625,1.0125
872,2010-05-22,0.0,11381.23135,27.758333333333336,26.5625,79.54166666666667,0.6916666666666668
873,2010-05-23,0.0,16017.53917,27.995833333333334,26.774999999999995,78.39583333333333,0.8166666666666668
874,2010-05-24,0.0,15761.00517,28.054166666666664,26.837500000000002,79.14583333333333,0.8541666666666666
875,2010-05-25,0.0,16644.61843,28.304166666666664,27.016666666666666,78.47916666666667,0.6749999999999999
876,2010-05-26,0.0,14470.61591,27.879166666666666,26.629166666666674,77.8125,0.8458333333333332
877,2010-05-27,0.0,18480.163,28.2,26.929166666666664,77.91666666666667,0.9874999999999999
878,2010-05-28,0.0,13731.11607,28.083333333333332,26.77916666666667,79.14583333333333,0.8875000000000001
879,2010-05-29,0.0,18476.0412,29.170833333333334,28.037500000000005,73.64583333333333,1.2333333333333332
880,2010-05-30,38.4,11089.2456,28.808333333333334,27.479166666666668,76.97916666666667,1.5041666666666667
881,2010-05-31,15.600000000000001,9105.473759999999,25.620833333333334,24.516666666666666,85.375,1.3291666666666668
882,2010-06-01,0.4,12751.68362,27.25,26.133333333333336,78.52083333333333,1.0208333333333333
883,2010-06-02,5.2,13912.657799999999,27.912500000000005,26.52916666666667,77.72916666666667,0.6583333333333333
884,2010-06-03,0.2,16249.29948,27.47083333333333,26.46666666666667,79.33333333333333,1.1458333333333333
885,2010-06-04,0.0,15697.37368,28.629166666666666,27.541666666666668,72.35416666666667,1.3499999999999999
886,2010-06-05,0.0,14798.152,27.791666666666668,26.541666666666668,73.14583333333333,1.3208333333333335
887,2010-06-06,0.0,13493.49859,27.90833333333333,26.520833333333332,73.85416666666667,1.1375
888,2010-06-07,0.2,18692.39095,28.083333333333332,26.837499999999995,74.625,0.6666666666666666
889,2010-06-08,11.4,14288.839,27.024999999999995,25.5625,81.16666666666667,0.7958333333333334
890,2010-06-09,0.0,19439.273,27.254166666666663,26.208333333333332,80.04166666666667,1.1333333333333335
891,2010-06-10,0.0,15113.37819,27.5125,26.291666666666668,75.1875,1.3333333333333333
892,2010-06-11,0.2,21239.399,27.474999999999998,26.195833333333336,73.72916666666667,0.975
893,2010-06-12,0.0,20510.108,27.7625,26.525000000000002,73.0,1.1208333333333333
894,2010-06-13,0.0,17265.10296,27.304166666666664,26.008333333333336,72.45833333333333,1.1833333333333333
895,2010-06-14,0.0,20493.357519999998,27.26666666666667,25.995833333333337,72.25,1.4124999999999999
896,2010-06-15,0.0,15127.32369,27.016666666666666,25.695833333333336,70.58333333333333,1.1083333333333334
897,2010-06-16,0.0,19836.495,27.891666666666666,26.5,69.58333333333333,1.0166666666666666
898,2010-06-17,0.0,16406.74018,27.929166666666664,26.4875,72.77083333333333,0.9541666666666666
899,2010-06-18,0.0,11965.85767,27.80416666666667,26.71666666666667,75.875,1.1833333333333333
900,2010-06-19,0.0,16397.013,28.174999999999997,26.958333333333332,72.22916666666667,1.3666666666666665
901,2010-06-20,0.0,16546.96241,28.229166666666668,26.70416666666667,70.5,1.3166666666666667
902,2010-06-21,0.0,16525.16991,27.97083333333333,26.570833333333336,72.45833333333333,1.1708333333333332
903,2010-06-22,0.0,21046.589,27.9375,26.416666666666668,71.45833333333333,0.8666666666666666
904,2010-06-23,0.0,14358.267940000002,27.037499999999998,25.395833333333332,73.75,0.9666666666666667
905,2010-06-24,5.8,10759.865,25.54583333333333,24.245833333333334,82.85416666666667,0.9541666666666667
906,2010-06-25,0.0,18760.14552,27.416666666666668,26.241666666666664,69.75,1.6666666666666667
907,2010-06-26,0.0,17483.640600000002,26.125,24.575,65.60416666666667,1.683333333333333
908,2010-06-27,0.0,18001.32916,25.649999999999995,23.90416666666667,67.77083333333333,1.5041666666666667
909,2010-06-28,0.0,19613.440609999998,26.349999999999998,24.608333333333334,66.91666666666667,1.2249999999999999
910,2010-06-29,0.0,15950.37671,27.337500000000002,25.820833333333336,65.83333333333333,1.0541666666666667
911,2010-06-30,0.0,15689.909,27.775000000000002,26.475000000000005,68.04166666666667,1.0041666666666667
912,2010-07-01,0.0,18849.417439999997,27.7,26.162500000000005,67.22916666666667,1.0541666666666665
913,2010-07-02,0.0,20110.22,27.833333333333332,26.516666666666666,66.39583333333333,1.1375000000000002
914,2010-07-03,0.0,16656.96144,27.745833333333334,26.195833333333336,65.02083333333333,1.1166666666666667
915,2010-07-04,0.0,18715.210990000003,27.333333333333332,25.8875,67.77083333333333,1.0999999999999999
916,2010-07-05,0.0,15869.61934,28.325,26.77916666666667,62.375,1.8791666666666667
917,2010-07-06,0.0,19394.123,27.441666666666666,25.7625,62.145833333333336,1.425
918,2010-07-07,0.0,19630.59599,27.5,25.933333333333334,62.9375,1.2625
919,2010-07-08,0.0,16365.370789999999,26.770833333333332,25.3,68.14583333333333,1.0541666666666667
920,2010-07-09,0.0,16687.99032,27.808333333333334,26.229166666666668,67.5,1.1208333333333333
921,2010-07-10,0.0,18512.323,28.149999999999995,26.675,70.66666666666667,1.1500000000000001
922,2010-07-11,0.0,15414.965030000001,28.087499999999995,26.65416666666667,70.52083333333333,1.1125
923,2010-07-12,0.0,18900.03212,28.150000000000002,26.520833333333332,67.04166666666667,1.6833333333333333
924,2010-07-13,0.0,17319.562280000002,28.104166666666668,26.445833333333336,65.375,1.3624999999999998
925,2010-07-14,13.2,15342.609,27.054166666666664,24.925,76.375,1.0625
926,2010-07-15,0.0,10481.183899999998,27.400000000000002,26.087500000000006,72.77083333333333,1.6458333333333333
927,2010-07-16,0.0,18065.75789,27.8125,26.45416666666667,67.60416666666667,1.5833333333333333
928,2010-07-17,0.0,18600.82673,27.370833333333334,26.004166666666666,69.1875,1.45
929,2010-07-18,0.4,9280.891880000001,25.524999999999995,24.45,80.10416666666667,0.6625
930,2010-07-19,0.0,16518.51225,27.84166666666667,26.595833333333335,70.10416666666667,1.3458333333333334
931,2010-07-20,0.0,18742.53927,27.599999999999998,25.958333333333332,66.47916666666667,1.175
932,2010-07-21,0.0,21400.119,27.099999999999998,25.52916666666667,66.3125,1.5166666666666668
933,2010-07-22,0.0,17193.5066,27.412500000000005,25.770833333333332,64.25,1.3374999999999997
934,2010-07-23,0.0,17198.78715,27.583333333333332,25.90416666666667,63.291666666666664,1.2874999999999999
935,2010-07-24,0.0,21961.078,27.058333333333337,25.23333333333333,61.958333333333336,1.1666666666666667
936,2010-07-25,0.0,20882.2852,26.6125,24.80416666666667,61.833333333333336,1.075
937,2010-07-26,0.0,19823.60436,28.833333333333332,27.2375,58.875,1.2291666666666667
938,2010-07-27,0.0,15371.284310000001,28.104166666666668,26.304166666666664,61.0625,1.5875000000000001
939,2010-07-28,0.0,21084.274,28.291666666666668,26.3625,59.583333333333336,1.3083333333333333
940,2010-07-29,0.0,19167.014,27.912499999999998,26.34583333333333,60.125,1.4291666666666665
941,2010-07-30,0.0,21381.975,27.59166666666667,25.825,61.770833333333336,1.3374999999999997
942,2010-07-31,0.0,21800.91573,26.962499999999995,24.95,60.0,1.2458333333333333
943,2010-08-01,0.0,21998.106,27.325,25.391666666666666,58.354166666666664,1.1125
944,2010-08-02,0.0,17685.15036,26.837500000000002,24.8625,58.083333333333336,1.1666666666666667
945,2010-08-03,0.0,19610.511019999998,27.7,25.90833333333333,58.270833333333336,1.3958333333333333
946,2010-08-04,0.0,19271.32082,26.847826086956523,24.926086956521743,60.82608695652174,1.0434782608695652
947,2010-08-05,0.0,18661.9862,27.566666666666674,25.583333333333332,57.4375,0.9666666666666667
948,2010-08-06,0.0,14858.921350000002,27.695833333333336,25.837499999999995,59.0625,1.1958333333333333
949,2010-08-07,0.0,17053.283,28.15833333333333,26.474999999999998,60.708333333333336,1.441666666666667
950,2010-08-08,0.0,21739.857,28.09166666666667,26.083333333333332,58.875,1.6666666666666667
951,2010-08-09,0.0,20998.656329999998,27.945833333333336,25.912499999999998,59.145833333333336,1.3333333333333333
952,2010-08-10,0.0,16507.2893,27.27916666666667,25.195833333333336,56.604166666666664,1.7291666666666667
953,2010-08-11,0.0,20671.994,27.77916666666667,25.84583333333333,58.229166666666664,1.758333333333333
954,2010-08-12,0.0,16360.30377,27.504166666666666,25.225000000000005,52.25,1.6375
955,2010-08-13,0.0,16838.45242,26.712499999999995,24.725000000000005,56.1875,1.2333333333333334
956,2010-08-14,0.0,17050.52205,26.833333333333332,24.625,56.354166666666664,1.1166666666666667
957,2010-08-15,0.0,18084.71994,27.59583333333333,25.287500000000005,57.3125,0.7999999999999999
958,2010-08-16,0.0,13287.682,27.287499999999998,25.254166666666666,67.08333333333333,1.1583333333333334
959,2010-08-17,5.0,13367.62505,26.916666666666668,25.349999999999998,77.75,1.2916666666666667
960,2010-08-18,0.0,16533.626,27.75,26.354166666666668,69.04166666666667,1.2291666666666667
961,2010-08-19,0.0,19794.31678,27.308333333333334,25.45,58.291666666666664,1.3875
962,2010-08-20,0.0,21562.324149999997,26.891666666666662,24.8125,53.1875,0.9874999999999999
963,2010-08-21,0.0,17707.50011,27.691666666666663,25.841666666666665,55.208333333333336,1.2458333333333333
964,2010-08-22,0.0,22184.976,27.933333333333337,26.150000000000002,55.333333333333336,1.4125000000000003
965,2010-08-23,0.0,20029.76225,28.412500000000005,26.412499999999998,59.625,0.9541666666666666
966,2010-08-24,0.0,17810.47146,29.299999999999997,27.325,57.3125,1.6125
967,2010-08-25,0.0,21729.446,28.945833333333336,27.17916666666667,57.708333333333336,1.3583333333333332
968,2010-08-26,0.0,18369.83284,29.02916666666667,27.179166666666664,61.8125,1.0916666666666666
969,2010-08-27,0.0,13196.961,28.90416666666667,27.229166666666668,62.520833333333336,1.1333333333333333
970,2010-08-28,0.0,17596.17644,29.212500000000002,27.5125,60.479166666666664,1.0999999999999999
971,2010-08-29,2.8,16933.248620000002,28.354166666666668,26.40833333333333,65.0,1.2791666666666666
972,2010-08-30,0.0,14920.74048,28.349999999999998,26.85833333333333,65.89583333333333,1.4875
973,2010-08-31,0.0,18818.397,29.504166666666666,27.70416666666667,59.75,1.375
974,2010-09-01,0.0,21401.071,28.766666666666666,27.020833333333332,58.791666666666664,1.4750000000000003
975,2010-09-02,0.0,15607.02639,29.725000000000005,27.7625,48.6875,1.7625
976,2010-09-03,0.0,22449.979,29.3875,27.162499999999998,47.708333333333336,1.3833333333333335
977,2010-09-04,0.0,15472.58537,27.84583333333333,25.808333333333334,54.479166666666664,1.0041666666666667
978,2010-09-05,0.0,19641.437,28.90416666666667,27.28333333333333,57.333333333333336,1.1416666666666666
979,2010-09-06,0.0,21102.39,30.287500000000005,28.541666666666668,56.1875,1.1916666666666667
980,2010-09-07,0.0,15978.896289999999,29.379166666666666,27.508333333333336,57.479166666666664,1.4666666666666668
981,2010-09-08,0.0,21427.412,28.566666666666663,26.587500000000002,57.833333333333336,1.0250000000000001
982,2010-09-09,0.0,18733.938100000003,29.162499999999998,27.462500000000002,55.1875,1.5708333333333335
983,2010-09-10,0.0,21622.4964,29.712499999999995,27.9875,54.875,1.6083333333333334
984,2010-09-11,0.0,20965.028,31.245833333333334,29.362499999999997,49.3125,1.3625
985,2010-09-12,0.0,16288.083020000002,30.775000000000002,28.920833333333334,48.4375,1.5333333333333332
986,2010-09-13,0.0,20604.798649999997,30.24166666666667,28.504166666666663,51.270833333333336,1.5666666666666667
987,2010-09-14,0.0,21523.319,30.304166666666664,28.350000000000005,51.6875,1.4833333333333334
988,2010-09-15,0.0,20469.701,30.625,28.6875,51.270833333333336,1.3833333333333335
989,2010-09-16,0.0,16011.160679999999,30.23333333333333,28.462500000000002,54.416666666666664,1.2833333333333332
990,2010-09-17,0.0,15892.77845,30.099999999999998,28.26666666666667,54.479166666666664,1.4833333333333334
991,2010-09-18,0.0,16504.59883,29.7375,28.05,54.708333333333336,1.4333333333333333
992,2010-09-19,0.0,17173.746,29.2,27.462500000000002,56.875,1.1458333333333333
993,2010-09-20,0.0,20224.454,29.925,28.0,51.541666666666664,1.575
994,2010-09-21,0.0,17054.43821,29.741666666666664,27.662499999999998,45.791666666666664,1.8083333333333336
995,2010-09-22,0.0,15887.479829999998,29.995833333333337,28.133333333333336,46.604166666666664,1.5833333333333333
996,2010-09-23,0.0,17337.61525,30.370833333333334,28.3,51.666666666666664,0.8833333333333333
997,2010-09-24,0.0,17906.05786,30.141666666666666,28.3125,53.0,1.5708333333333335
998,2010-09-25,0.0,15376.487809999999,31.004166666666666,29.15416666666667,46.833333333333336,1.875
999,2010-09-26,0.0,20659.394,31.099999999999998,29.383333333333336,48.4375,1.4166666666666667
1000,2010-09-27,0.0,20068.107,31.337500000000002,29.6375,50.145833333333336,1.5583333333333336
1001,2010-09-28,0.0,17617.971,31.166666666666668,29.520833333333332,53.625,1.4041666666666668
1002,2010-09-29,0.0,13199.237949999999,30.495833333333334,29.070833333333336,56.666666666666664,1.6791666666666665
1003,2010-09-30,4.0,12605.873690000002,28.962500000000002,27.412500000000005,65.5625,1.1291666666666667
1004,2010-10-01,0.0,16651.557099999998,29.579166666666666,27.883333333333336,64.0,1.2166666666666666
1005,2010-10-02,2.6,21771.006,28.712500000000002,26.712499999999995,65.33333333333333,1.9208333333333334
1006,2010-10-03,0.0,19339.29938,28.2,26.8,69.66666666666667,1.1541666666666666
1007,2010-10-04,0.0,21150.218370000002,30.3,28.5625,59.875,1.2666666666666668
1008,2010-10-05,0.0,15812.27334,29.84166666666667,28.4375,60.583333333333336,1.3708333333333333
1009,2010-10-06,0.0,12819.33052,30.337500000000002,28.691666666666666,57.375,1.3875
1010,2010-10-07,0.0,16062.78853,30.3,28.7,57.895833333333336,1.2583333333333335
1011,2010-10-08,0.4,20606.327,30.004166666666674,28.162499999999998,58.854166666666664,1.5833333333333333
1012,2010-10-09,0.2,19296.43595,30.60833333333333,28.837500000000002,59.270833333333336,1.825
1013,2010-10-10,5.4,14326.129210000001,28.816666666666666,27.441666666666663,67.35416666666667,1.7041666666666666
1014,2010-10-11,0.0,17804.637,28.870833333333334,27.608333333333334,66.22916666666667,1.2625
1015,2010-10-12,0.0,16149.524,29.350000000000005,27.870833333333334,65.04166666666667,1.3125
1016,2010-10-13,0.0,10312.50852,29.2,27.833333333333332,64.20833333333333,1.3083333333333333
1017,2010-10-14,0.0,13356.363019999999,29.883333333333336,28.333333333333332,62.958333333333336,0.8416666666666667
1018,2010-10-15,0.0,21317.97997,31.058333333333337,29.287499999999998,54.5625,1.4291666666666665
1019,2010-10-16,0.0,19693.98407,30.020833333333332,28.375,54.583333333333336,1.3458333333333332
1020,2010-10-17,0.0,18713.187,30.504166666666663,29.179166666666664,56.104166666666664,1.6541666666666668
1021,2010-10-18,0.0,15802.05525,29.625,28.075,61.479166666666664,1.8416666666666668
1022,2010-10-19,0.0,20369.513189999998,29.770833333333332,28.1875,61.333333333333336,1.7166666666666668
1023,2010-10-20,2.6,10558.320730000001,28.09583333333333,26.691666666666674,70.27083333333333,1.4958333333333333
1024,2010-10-21,0.0,17674.998,28.537499999999994,27.041666666666668,69.14583333333333,1.4125000000000003
1025,2010-10-22,1.6,13986.908280000001,27.791666666666668,26.212499999999995,73.375,1.675
1026,2010-10-23,25.400000000000002,5331.62,24.583333333333332,23.9375,85.375,0.9416666666666668
1027,2010-10-24,0.0,22461.34159,28.508333333333336,27.275000000000002,70.375,0.8624999999999999
1028,2010-10-25,0.0,21333.47867,30.125,28.650000000000002,65.5,1.1458333333333333
1029,2010-10-26,55.4,11122.78246,26.35833333333333,25.09583333333333,77.02083333333333,2.0833333333333335
1030,2010-10-27,0.0,23273.277,28.941666666666666,27.5,68.79166666666667,0.775
1031,2010-10-28,0.0,23161.777,30.083333333333332,28.64166666666667,63.729166666666664,1.1875
1032,2010-10-29,21.0,8668.06824,26.045833333333334,25.108333333333334,79.25,1.8708333333333333
1033,2010-10-30,0.0,17725.161439999996,28.02916666666667,26.90833333333333,73.0,1.1875
1034,2010-10-31,0.0,21800.559,29.03333333333333,27.73333333333333,70.33333333333333,0.7625000000000001
1035,2010-11-01,0.0,21561.825,29.9875,28.375,62.5,1.2125000000000001
1036,2010-11-02,0.2,20235.99329,29.929166666666664,28.504166666666666,65.5625,1.4416666666666667
1037,2010-11-03,0.0,16671.12208,28.95,27.5625,69.8125,1.4791666666666667
1038,2010-11-04,0.0,18131.14948,28.64166666666667,27.208333333333332,67.3125,1.1875
1039,2010-11-05,0.0,17701.011690000003,29.379166666666666,28.104166666666668,67.9375,1.3875
1040,2010-11-06,0.0,15269.6625,29.55416666666667,27.975000000000005,64.6875,1.0541666666666667
1041,2010-11-07,0.0,18370.89717,29.76666666666667,28.57083333333333,64.5,1.4749999999999999
1042,2010-11-08,0.0,17062.91024,29.679166666666664,28.14166666666667,66.75,1.3625
1043,2010-11-09,0.4,12755.67161,27.291666666666668,26.10833333333333,75.85416666666667,1.5708333333333335
1044,2010-11-10,0.0,15891.033,27.895833333333332,26.616666666666664,73.83333333333333,0.7583333333333334
1045,2010-11-11,0.0,18208.31753,28.970833333333335,27.708333333333332,68.75,1.5708333333333335
1046,2010-11-12,0.0,20247.705,29.28333333333333,27.804166666666664,67.35416666666667,0.9958333333333332
1047,2010-11-13,43.800000000000004,9062.237120000002,26.1875,24.912499999999998,80.33333333333333,1.3166666666666667
1048,2010-11-14,0.2,5721.90334,24.854166666666668,24.179166666666664,85.52083333333333,0.8291666666666666
1049,2010-11-15,0.0,21926.285,27.433333333333334,26.166666666666668,74.5625,0.9083333333333333
1050,2010-11-16,2.4,22014.407,28.59583333333333,27.133333333333336,71.60416666666667,1.3875
1051,2010-11-17,0.0,16836.06349,27.52916666666667,26.383333333333336,74.85416666666667,0.9791666666666666
1052,2010-11-18,0.4,8292.43745,27.270833333333332,26.233333333333334,76.41666666666667,1.3291666666666668
1053,2010-11-19,0.0,14411.98653,27.254166666666666,25.962500000000002,77.72916666666667,0.9333333333333332
1054,2010-11-20,1.4,19112.732,28.537499999999998,27.241666666666664,72.89583333333333,0.8374999999999999
1055,2010-11-21,7.4,15449.95362,27.09166666666667,25.875,75.52083333333333,1.3625
1056,2010-11-22,0.0,21420.625,28.270833333333332,26.862499999999997,73.02083333333333,0.6875
1057,2010-11-23,0.0,22367.266,29.099999999999998,27.6875,69.47916666666667,1.2541666666666667
1058,2010-11-24,25.0,13543.45346,28.487499999999997,26.97083333333333,70.9375,1.7208333333333332
1059,2010-11-25,0.0,17326.71942,27.270833333333332,26.26666666666667,78.22916666666667,1.1708333333333334
1060,2010-11-26,0.0,18131.66533,28.525000000000002,27.358333333333334,73.41666666666667,0.7083333333333334
1061,2010-11-27,0.0,17059.19803,28.92083333333333,27.75,73.8125,1.1041666666666667
1062,2010-11-28,25.400000000000002,14265.198,27.816666666666666,26.541666666666668,77.45833333333333,2.1458333333333335
1063,2010-11-29,0.6,19090.51073,26.629166666666663,25.575,77.79166666666667,1.133333333333333
1064,2010-11-30,0.0,19179.69995,28.108333333333334,26.929166666666664,73.52083333333333,0.875
1065,2010-12-01,6.3999999999999995,16032.821,27.645833333333332,26.116666666666664,76.5,1.4083333333333332
1066,2010-12-02,0.0,21077.239670000003,27.670833333333334,26.462499999999995,74.64583333333333,0.6666666666666666
1067,2010-12-03,1.4,19190.725,28.570833333333336,27.47083333333333,74.79166666666667,0.7625000000000001
1068,2010-12-04,0.0,21346.521,29.254166666666666,28.008333333333336,72.625,0.9041666666666668
1069,2010-12-05,0.0,21124.937,29.208333333333332,27.954166666666666,69.27083333333333,1.4125000000000003
1070,2010-12-06,14.200000000000001,18762.40758,28.045833333333334,26.741666666666664,75.3125,0.9500000000000001
1071,2010-12-07,8.6,15787.114959999999,28.462499999999995,27.175,76.25,1.0374999999999999
1072,2010-12-08,21.2,4794.82046,26.025000000000002,25.004166666666666,85.97916666666667,0.9958333333333332
1073,2010-12-09,0.2,12313.850980000001,26.433333333333334,25.570833333333336,79.5625,1.3666666666666665
1074,2010-12-10,8.4,13887.58574,27.020833333333332,25.895833333333332,80.79166666666667,1.1624999999999999
1075,2010-12-11,0.0,21448.443,28.3125,27.25833333333333,73.625,0.7208333333333332
1076,2010-12-12,0.0,12526.85189,28.091666666666665,26.90416666666667,76.70833333333333,0.8458333333333335
1077,2010-12-13,25.4,5323.087,25.145833333333332,24.566666666666663,85.3125,1.3291666666666668
1078,2010-12-14,0.0,10946.472609999999,25.795833333333334,25.083333333333332,83.14583333333333,0.6375000000000001
1079,2010-12-15,0.0,12890.15789,27.545833333333334,26.704166666666666,77.29166666666667,1.2958333333333334
1080,2010-12-16,0.4,14452.615539999999,27.337499999999995,26.3,76.14583333333333,0.8916666666666666
1081,2010-12-17,48.2,3060.53841,23.8625,23.24166666666667,88.875,0.9541666666666666
1082,2010-12-18,1.6,11890.067,24.875,24.2625,84.125,0.6166666666666667
1083,2010-12-19,0.0,16130.88815,26.97083333333333,25.98333333333333,76.4375,0.7791666666666667
1084,2010-12-20,0.8,16657.73171,27.325000000000003,25.958333333333332,77.04166666666667,1.4041666666666668
1085,2010-12-21,0.8,21425.62115,27.620833333333334,26.04583333333333,77.04166666666667,1.2041666666666666
1086,2010-12-22,8.4,17651.114899999997,27.412500000000005,25.974999999999998,76.54166666666667,0.9958333333333335
1087,2010-12-23,0.0,19374.28836,27.28333333333333,26.22083333333333,77.72916666666667,0.8833333333333334
1088,2010-12-24,10.4,14591.578609999999,26.675,25.462500000000002,77.70833333333333,1.0999999999999999
1089,2010-12-25,2.6,16609.56068,27.3,26.083333333333332,76.10416666666667,0.9
1090,2010-12-26,6.6,20834.039,27.708333333333332,26.400000000000002,78.58333333333333,0.6208333333333332
1091,2010-12-27,0.0,20318.769,27.8875,26.7,75.52083333333333,0.6291666666666668
1092,2010-12-28,0.0,16153.37265,28.254166666666666,26.941666666666666,73.10416666666667,0.8624999999999999
1093,2010-12-29,4.2,13280.334,26.925,25.89166666666667,81.72916666666667,0.8666666666666667
1094,2010-12-30,2.6,17134.69144,27.39166666666667,26.275000000000002,76.97916666666667,1.3291666666666666
1095,2010-12-31,34.400000000000006,8206.73919,25.808333333333334,24.987499999999997,82.9375,0.9583333333333334
1096,2011-01-01,67.39999999999999,12451.75953,25.145833333333332,24.1375,85.08333333333333,1.0
1097,2011-01-02,0.8,12086.19109,26.575,25.46666666666667,80.3125,1.1791666666666665
1098,2011-01-03,19.400000000000002,17154.95177,26.483333333333334,25.383333333333336,80.72916666666667,1.2833333333333332
1099,2011-01-04,58.4,12398.31841,25.462499999999995,24.316666666666666,84.45833333333333,1.0958333333333334
1100,2011-01-05,0.0,21815.526,27.40833333333333,26.245833333333337,76.70833333333333,0.9541666666666666
1101,2011-01-06,18.2,16242.14093,25.683333333333334,24.474999999999998,84.3125,1.0041666666666667
1102,2011-01-07,16.599999999999998,21088.731,26.558333333333334,25.15833333333333,81.33333333333333,0.9624999999999999
1103,2011-01-08,1.4,7954.337979999999,25.370833333333334,24.73333333333333,84.41666666666667,0.9041666666666668
1104,2011-01-09,0.4,18539.648129999998,26.9375,25.34583333333333,80.14583333333333,0.8416666666666667
1105,2011-01-10,37.0,13414.213440000001,26.787499999999998,25.566666666666663,78.875,1.2
1106,2011-01-11,21.2,19208.038,26.15416666666667,24.895833333333332,83.1875,1.0458333333333332
1107,2011-01-12,2.6,11827.80788,27.05,26.004166666666666,79.02083333333333,0.9708333333333332
1108,2011-01-13,0.0,18875.812,27.883333333333336,26.854166666666668,76.64583333333333,1.1291666666666667
1109,2011-01-14,0.0,15616.827,27.7,26.650000000000002,80.22916666666667,0.6166666666666667
1110,2011-01-15,24.8,20455.24362,26.97083333333333,25.641666666666666,80.97916666666667,0.7875000000000001
1111,2011-01-16,1.4000000000000001,15744.163289999999,27.420833333333334,26.525000000000002,79.10416666666667,0.8708333333333332
1112,2011-01-17,0.0,13984.663050000001,27.25,26.433333333333337,76.52083333333333,1.4583333333333333
1113,2011-01-18,0.2,14192.493,27.450000000000003,26.5,79.8125,0.7875
1114,2011-01-19,0.2,17256.96734,27.929166666666664,26.725000000000005,75.125,0.7291666666666666
1115,2011-01-20,0.0,15562.76207,26.904166666666665,25.90833333333333,77.54166666666667,1.25
1116,2011-01-21,0.2,15735.37911,26.3875,25.254166666666666,76.72916666666667,1.0250000000000001
1117,2011-01-22,53.2,3136.026,23.23333333333333,22.72083333333333,90.1875,0.7083333333333334
1118,2011-01-23,25.799999999999997,17640.246,25.075,24.133333333333336,83.6875,0.9166666666666666
1119,2011-01-24,14.2,11568.34145,25.92083333333333,24.604166666666668,85.0,1.6416666666666666
1120,2011-01-25,19.599999999999998,11583.81188,25.075,24.066666666666666,85.54166666666667,0.8375
1121,2011-01-26,3.4,9837.950850000001,25.004166666666663,24.3875,84.60416666666667,1.133333333333333
1122,2011-01-27,0.0,22837.67343,26.84166666666667,25.641666666666666,78.35416666666667,0.725
1123,2011-01-28,5.4,8171.66338,25.320833333333336,24.395833333333332,84.27083333333333,1.2375
1124,2011-01-29,1.5999999999999999,11937.027010000002,25.95,25.033333333333335,83.54166666666667,0.6375000000000001
1125,2011-01-30,3.1999999999999997,12074.0101,26.366666666666664,25.29583333333333,79.77083333333333,1.1666666666666667
1126,2011-01-31,0.0,16840.70661,27.13333333333333,26.01666666666667,79.85416666666667,0.8541666666666666
1127,2011-02-01,0.8,14379.737,26.058333333333334,25.162500000000005,80.08333333333333,1.1041666666666667
1128,2011-02-02,48.6,12844.121949999999,25.683333333333337,24.65833333333333,81.72916666666667,0.9666666666666668
1129,2011-02-03,0.8,15506.97592,26.608333333333334,25.350000000000005,80.47916666666667,1.0333333333333334
1130,2011-02-04,0.8,17247.867100000003,27.183333333333337,25.850000000000005,80.91666666666667,0.525
1131,2011-02-05,0.0,15908.218,26.52916666666667,25.520833333333332,77.5625,0.9874999999999999
1132,2011-02-06,8.0,12014.435309999999,26.883333333333336,25.64166666666667,82.02083333333333,0.8791666666666665
1133,2011-02-07,0.4,14613.66232,26.15416666666667,25.066666666666663,82.0,1.325
1134,2011-02-08,9.6,19981.56881,26.45416666666667,25.20416666666667,77.77083333333333,1.4666666666666668
1135,2011-02-09,15.600000000000001,12556.56262,25.899999999999995,24.958333333333332,83.25,1.2333333333333334
1136,2011-02-10,11.799999999999999,19691.872,25.708333333333332,24.6125,81.45833333333333,1.0041666666666667
1137,2011-02-11,3.0,11979.21929,25.55,24.566666666666663,83.16666666666667,1.325
1138,2011-02-12,2.0,11753.421,24.954166666666666,24.087499999999995,85.29166666666667,1.3666666666666665
1139,2011-02-13,4.4,20270.74625,26.46666666666667,25.3,81.41666666666667,1.1291666666666667
1140,2011-02-14,0.0,14368.362,27.17083333333333,26.320833333333336,80.58333333333333,1.1375
1141,2011-02-15,61.6,14697.682929999999,25.80416666666667,24.7,85.35416666666667,1.7208333333333332
1142,2011-02-16,8.8,13465.888,25.3625,24.4875,85.89583333333333,1.0041666666666667
1143,2011-02-17,6.6,8764.042,25.120833333333337,24.587500000000002,85.375,1.0791666666666666
1144,2011-02-18,1.7999999999999998,6490.62473,25.020833333333332,24.254166666666666,86.39583333333333,0.7916666666666666
1145,2011-02-19,76.80000000000001,11850.76481,24.504166666666666,23.649999999999995,87.29166666666667,1.275
1146,2011-02-20,0.6,17901.32327,26.96666666666667,25.8875,77.8125,0.85
1147,2011-02-21,7.799999999999999,17435.707,26.84583333333333,25.59166666666667,79.39583333333333,1.3958333333333333
1148,2011-02-22,4.8,11781.88291,26.6375,25.525000000000002,85.79166666666667,0.4916666666666667
1149,2011-02-23,0.0,15316.92102,27.229166666666668,26.087500000000002,79.47916666666667,0.8624999999999999
1150,2011-02-24,0.2,10320.298279999999,26.75,25.745833333333337,82.72916666666667,0.6208333333333333
1151,2011-02-25,10.8,14530.83949,25.5625,24.516666666666666,83.16666666666667,1.25
1152,2011-02-26,4.2,20615.058,27.395833333333332,26.004166666666666,76.75,0.875
1153,2011-02-27,35.2,8640.57408,25.25,24.399999999999995,86.4375,1.125
1154,2011-02-28,0.2,19150.833,25.945833333333336,24.825,81.39583333333333,0.7958333333333334
1155,2011-03-01,16.4,6054.872,23.974999999999998,23.399999999999995,86.91666666666667,1.4208333333333334
1156,2011-03-02,0.4,16957.94525,26.241666666666664,25.270833333333332,78.04166666666667,0.6166666666666666
1157,2011-03-03,24.2,17824.319359999998,26.708333333333332,25.495833333333334,79.95833333333333,1.1624999999999999
1158,2011-03-04,32.800000000000004,10971.62817,26.083333333333332,24.825,84.85416666666667,0.7041666666666666
1159,2011-03-05,0.8,16769.88,26.758333333333336,25.962499999999995,80.72916666666667,1.1166666666666665
1160,2011-03-06,0.0,20001.946369999998,27.545833333333334,26.40416666666667,75.66666666666667,1.2458333333333333
1161,2011-03-07,0.0,13747.59693,27.583333333333332,26.670833333333334,79.89583333333333,0.9958333333333332
1162,2011-03-08,21.4,13611.76049,26.129166666666663,24.95,81.39583333333333,1.3333333333333333
1163,2011-03-09,0.6000000000000001,9697.85226,26.486363636363638,25.24545454545455,85.36363636363636,0.7045454545454546
1164,2011-03-10,4.0,15254.68584,26.349999999999998,25.15833333333333,82.70833333333333,0.8083333333333332
1165,2011-03-11,2.0,11162.8076,25.629166666666666,24.704166666666662,86.41666666666667,0.8791666666666668
1166,2011-03-12,45.8,13128.69066,26.837500000000002,25.587500000000002,83.14583333333333,1.3208333333333333
1167,2011-03-13,73.6,8753.098,24.17916666666667,23.625,88.79166666666667,1.6708333333333332
1168,2011-03-14,0.0,19634.192,26.975000000000005,25.795833333333334,77.4375,0.8791666666666668
1169,2011-03-15,0.0,14130.06468,26.821739130434782,25.504347826086956,82.32608695652173,0.7608695652173914
1170,2011-03-16,3.5999999999999996,13193.19218,26.52916666666667,25.3625,82.91666666666667,0.9416666666666668
1171,2011-03-17,9.200000000000001,15853.12567,26.400000000000006,25.2,84.375,0.9416666666666668
1172,2011-03-18,0.0,22468.734,27.4375,26.162499999999998,77.91666666666667,0.9083333333333335
1173,2011-03-19,0.0,20178.169,27.537499999999998,26.03333333333333,75.375,1.1958333333333333
1174,2011-03-20,9.8,17629.002,26.983333333333334,25.270833333333332,81.4375,0.7416666666666667
1175,2011-03-21,0.0,17461.184,27.416666666666668,26.416666666666668,79.4375,0.8791666666666668
1176,2011-03-22,0.4,11898.91356,27.583333333333332,25.9875,77.04166666666667,1.3625
1177,2011-03-23,10.2,15368.75,26.816666666666666,25.337500000000002,83.375,0.7125
1178,2011-03-24,11.6,13033.659300000001,27.024999999999995,25.95,80.91666666666667,0.9291666666666666
1179,2011-03-25,0.0,15362.599,27.629166666666663,26.662499999999998,79.3125,1.0583333333333333
1180,2011-03-26,0.4,19024.15472,27.75,26.591666666666665,77.77083333333333,0.6999999999999998
1181,2011-03-27,0.6000000000000001,12639.134259999999,27.495833333333334,26.433333333333334,78.72916666666667,0.9874999999999999
1182,2011-03-28,19.8,11478.21342,25.76086956521739,24.813043478260873,84.5,1.3217391304347825
1183,2011-03-29,0.4,17693.18782,27.130434782608695,25.952173913043474,78.5,1.2304347826086957
1184,2011-03-30,0.0,10025.470640000001,26.866666666666664,25.799999999999997,81.11904761904762,0.7
1185,2011-03-31,1.5999999999999999,17580.043759999997,27.691666666666666,26.479166666666668,77.39583333333333,0.8624999999999999
1186,2011-04-01,6.4,18111.47,27.979166666666668,26.42083333333333,77.35416666666667,0.9833333333333334
1187,2011-04-02,0.0,17016.1765,28.01666666666667,26.791666666666668,77.02083333333333,0.8541666666666666
1188,2011-04-03,1.0,21176.774,27.679166666666664,26.266666666666666,78.66666666666667,1.0666666666666667
1189,2011-04-04,25.0,19672.449,27.558333333333334,26.395833333333332,79.22916666666667,1.1166666666666665
1190,2011-04-05,5.4,15614.111939999999,27.587500000000002,26.391666666666666,81.375,0.7833333333333333
1191,2011-04-06,26.4,10342.942,25.870833333333337,25.100000000000005,87.89583333333333,0.7000000000000001
1192,2011-04-07,0.4,13165.73507,27.270833333333332,26.02916666666667,82.39583333333333,0.7833333333333333
1193,2011-04-08,2.0,11304.866100000001,26.537500000000005,25.395833333333332,82.97916666666667,0.6458333333333334
1194,2011-04-09,0.0,16619.9911,26.775000000000002,25.675,80.3125,1.075
1195,2011-04-10,2.9999999999999996,12988.365,25.516666666666666,24.44583333333333,84.25,0.9
1196,2011-04-11,2.4000000000000004,16347.29377,26.091666666666665,25.029166666666665,80.8125,1.0916666666666668
1197,2011-04-12,0.0,15723.731,26.599999999999998,25.47083333333333,79.14583333333333,0.7958333333333334
1198,2011-04-13,1.4,15064.790379999999,26.945833333333336,25.70416666666667,80.4375,0.875
1199,2011-04-14,1.0,12767.53671,26.316666666666663,25.354166666666668,81.79166666666667,0.7000000000000001
1200,2011-04-15,6.2,14913.50442,26.691666666666666,25.22083333333333,81.10416666666667,0.9666666666666668
1201,2011-04-16,0.0,17739.89694,28.22083333333333,27.037499999999998,76.27083333333333,1.0708333333333333
1202,2011-04-17,0.0,16734.9494,27.383333333333336,26.245833333333334,79.95833333333333,0.8083333333333332
1203,2011-04-18,0.0,17975.62608,27.495833333333337,26.2,78.5625,1.1124999999999998
1204,2011-04-19,8.999999999999998,14470.41701,26.233333333333334,25.008333333333336,83.45833333333333,1.0708333333333333
1205,2011-04-20,10.6,14014.20231,26.120833333333337,25.075,83.64583333333333,0.8833333333333334
1206,2011-04-21,4.0,20065.7132,26.591666666666665,25.333333333333332,80.58333333333333,0.8541666666666666
1207,2011-04-22,0.2,14408.0418,26.77916666666667,25.754166666666666,81.85416666666667,0.9041666666666667
1208,2011-04-23,0.4,13609.489160000001,27.337500000000002,26.370833333333334,80.41666666666667,1.1416666666666668
1209,2011-04-24,16.0,13955.180600000002,26.208333333333332,25.0125,81.58333333333333,1.2333333333333334
1210,2011-04-25,13.2,14779.26384,26.65833333333333,25.2,82.5625,0.7041666666666666
1211,2011-04-26,0.0,13420.37614,26.770833333333332,25.35833333333333,82.77083333333333,0.8500000000000001
1212,2011-04-27,0.0,14977.32686,27.229166666666668,25.92083333333333,80.0,0.6833333333333335
1213,2011-04-28,0.0,10061.95647,26.20416666666667,25.474999999999998,83.85416666666667,1.2125
1214,2011-04-29,0.2,17862.94899,27.320833333333336,25.92083333333333,80.16666666666667,0.8458333333333332
1215,2011-04-30,0.4,11231.421890000001,27.775000000000002,26.55416666666667,78.52083333333333,0.8624999999999999
1216,2011-05-01,10.0,18715.47639,28.27916666666667,26.774999999999995,77.6875,0.6666666666666666
1217,2011-05-02,6.0,13400.047219999999,27.254166666666666,25.84166666666667,83.1875,0.7666666666666666
1218,2011-05-03,1.0,12840.85225,27.458333333333332,26.13333333333333,83.02083333333333,0.8583333333333333
1219,2011-05-04,7.400000000000001,11066.39837,25.974999999999998,24.966666666666665,85.70833333333333,0.6916666666666668
1220,2011-05-05,1.0,11667.931,26.25,25.47083333333333,85.60416666666667,1.2458333333333333
1221,2011-05-06,14.200000000000001,13060.69494,26.941666666666663,25.71666666666667,83.85416666666667,1.0833333333333333
1222,2011-05-07,16.200000000000003,15252.54337,27.02916666666667,26.0,81.97916666666667,0.7958333333333334
1223,2011-05-08,0.0,15871.52768,27.774999999999995,26.575,75.02083333333333,1.0083333333333335
1224,2011-05-09,0.2,19658.294,27.75,26.525000000000002,72.66666666666667,1.2291666666666665
1225,2011-05-10,0.0,19630.857,27.90833333333333,26.7375,73.89583333333333,1.225
1226,2011-05-11,0.0,10429.514640000001,27.725000000000005,26.570833333333336,78.1875,1.2875
1227,2011-05-12,0.8,12453.259259999999,28.195833333333336,26.84583333333333,79.0,0.7416666666666667
1228,2011-05-13,0.0,19211.567,27.899999999999995,26.65833333333333,77.72916666666667,0.7416666666666667
1229,2011-05-14,9.8,10849.21961,27.020833333333332,26.02916666666667,83.04166666666667,0.8666666666666667
1230,2011-05-15,0.0,18197.411,27.4875,26.4375,77.75,0.8791666666666668
1231,2011-05-16,0.0,14490.61556,27.895833333333332,26.683333333333334,77.625,0.65
1232,2011-05-17,0.0,13267.01567,27.645833333333332,26.6375,78.60416666666667,1.0
1233,2011-05-18,1.0,13768.311469999999,27.504166666666663,26.40416666666667,79.39583333333333,1.0125
1234,2011-05-19,15.600000000000001,12673.45388,25.795833333333334,24.929166666666664,84.02083333333333,1.1333333333333335
1235,2011-05-20,0.0,15781.455800000002,26.8625,25.825,78.75,1.3416666666666668
1236,2011-05-21,0.0,18604.992,27.520833333333332,26.3625,73.83333333333333,1.7375
1237,2011-05-22,0.0,21410.49,26.808333333333334,25.662499999999998,72.8125,1.4583333333333333
1238,2011-05-23,0.0,20782.99441,26.883333333333336,25.504166666666666,71.08333333333333,1.2
1239,2011-05-24,0.0,14462.233,27.36521739130435,26.10434782608696,76.04347826086956,1.2043478260869567
1240,2011-05-25,0.0,1492.109,25.599999999999998,24.76923076923077,85.1923076923077,0.6153846153846154
1241,2011-05-26,0.0,0.0,,,,0.0
1242,2011-05-27,0.0,0.0,,,,0.0
1243,2011-05-28,0.0,0.0,,,,0.0
1244,2011-05-29,0.0,0.0,,,,
1245,2011-05-30,0.0,0.0,,,,
1246,2011-05-31,0.0,10220.56027,30.91111111111111,29.633333333333333,55.77777777777778,2.1333333333333337
1247,2011-06-01,0.2,15061.19372,26.329166666666666,25.020833333333332,75.77083333333333,1.0999999999999999
1248,2011-06-02,0.0,16296.94426,26.57916666666667,25.10833333333333,74.10416666666667,1.2333333333333332
1249,2011-06-03,0.0,20466.731,26.495833333333334,24.97083333333333,72.9375,1.2625
1250,2011-06-04,0.0,20359.921,27.604166666666668,26.02916666666667,69.54166666666667,1.2166666666666666
1251,2011-06-05,0.0,12975.47609,26.84583333333333,25.229166666666668,72.45833333333333,0.6
1252,2011-06-06,0.0,14297.98857,27.599999999999998,25.995833333333326,70.8125,1.05
1253,2011-06-07,0.0,16985.631670000002,27.395833333333332,25.912499999999998,70.91666666666667,1.6041666666666667
1254,2011-06-08,0.0,20263.39093,27.4375,25.979166666666668,67.77083333333333,1.6541666666666668
1255,2011-06-09,0.0,17350.798509999997,27.191666666666666,25.558333333333334,69.5,1.175
1256,2011-06-10,0.0,13870.61067,26.15416666666667,24.84583333333333,77.89583333333333,1.075
1257,2011-06-11,0.0,16167.33581,27.099999999999998,25.55,73.95833333333333,1.2916666666666667
1258,2011-06-12,0.0,14955.961870000001,27.3875,25.95,74.3125,1.1583333333333334
1259,2011-06-13,0.0,13719.581629999999,27.712499999999995,26.229166666666668,71.45833333333333,1.4708333333333332
1260,2011-06-14,0.0,19770.149,27.370833333333334,25.8875,69.60416666666667,1.4791666666666667
1261,2011-06-15,0.0,17790.560940000003,27.412500000000005,25.8875,65.41666666666667,1.6291666666666667
1262,2011-06-16,0.0,19576.39798,26.566666666666663,25.15416666666667,67.72916666666667,1.7083333333333333
1263,2011-06-17,0.0,20100.935,26.441666666666663,24.9375,68.875,1.4458333333333335
1264,2011-06-18,0.0,19898.445,29.150000000000002,27.78333333333333,62.875,1.3458333333333332
1265,2011-06-19,0.0,15307.35167,28.083333333333332,26.1875,70.8125,0.48333333333333334
1266,2011-06-20,0.0,10325.36185,27.366666666666664,26.016666666666666,74.33333333333333,1.425
1267,2011-06-21,0.0,13181.321189999999,27.224999999999994,25.733333333333338,74.91666666666667,1.0875000000000001
1268,2011-06-22,0.0,17800.53423,27.575,26.070833333333336,69.70833333333333,1.3708333333333336
1269,2011-06-23,0.0,18878.043,27.179166666666664,25.683333333333326,69.5625,1.6541666666666666
1270,2011-06-24,0.0,16499.613,27.670833333333338,26.345833333333335,71.04166666666667,1.2750000000000001
1271,2011-06-25,0.2,13713.31509,27.32916666666667,25.70416666666667,72.85416666666667,1.2416666666666665
1272,2011-06-26,0.0,12083.82419,28.233333333333334,26.766666666666666,69.91666666666667,0.7791666666666668
1273,2011-06-27,0.0,13963.04801,27.691666666666663,26.145833333333332,70.89583333333333,0.8166666666666665
1274,2011-06-28,0.0,17510.26092,28.525000000000002,27.09166666666667,65.9375,1.4416666666666664
1275,2011-06-29,0.0,8220.10502,27.55,26.075,71.85416666666667,1.1541666666666666
1276,2011-06-30,0.0,19507.517,27.104166666666668,25.57083333333333,69.4375,1.5791666666666668
1277,2011-07-01,0.0,17875.031,26.879166666666666,25.383333333333336,67.83333333333333,1.4666666666666668
1278,2011-07-02,0.0,20278.835,26.99166666666667,25.458333333333332,63.291666666666664,1.575
1279,2011-07-03,0.0,18486.075,26.887500000000003,25.25,65.10416666666667,1.175
1280,2011-07-04,0.0,14184.86653,27.270833333333332,25.645833333333332,66.16666666666667,1.0125
1281,2011-07-05,0.0,8158.41042,26.6375,24.991666666666664,71.5625,1.2958333333333332
1282,2011-07-06,0.0,10013.13553,27.150000000000002,25.645833333333332,72.375,1.1458333333333333
1283,2011-07-07,0.0,17007.977,28.245833333333337,26.683333333333337,67.20833333333333,1.0541666666666667
1284,2011-07-08,0.0,10209.66256,27.7,26.258333333333336,72.0625,0.7000000000000001
1285,2011-07-09,16.4,4540.18112,25.100000000000005,24.14166666666667,85.04166666666667,1.1500000000000001
1286,2011-07-10,0.2,18986.259,26.09166666666667,24.95416666666667,75.58333333333333,1.7041666666666666
1287,2011-07-11,0.0,16848.88698,26.49166666666667,25.016666666666666,69.39583333333333,1.4249999999999998
1288,2011-07-12,0.0,14823.079,27.2625,25.804166666666664,68.9375,1.3458333333333332
1289,2011-07-13,0.0,12889.04331,27.162499999999998,25.695833333333336,67.6875,1.7625
1290,2011-07-14,0.0,14829.66777,27.420833333333334,25.920833333333334,65.875,1.7375
1291,2011-07-15,0.0,15723.4073,27.325,25.875,65.72916666666667,1.7000000000000002
1292,2011-07-16,0.0,10739.2433,26.541666666666668,25.03333333333333,66.77083333333333,1.2125
1293,2011-07-17,0.0,17546.04041,26.700000000000003,24.945833333333336,67.77083333333333,1.3791666666666667
1294,2011-07-18,0.0,17364.419850000002,27.004166666666666,25.270833333333332,66.125,1.1625
1295,2011-07-19,0.0,19643.62995,27.0,25.337500000000002,61.375,1.5374999999999999
1296,2011-07-20,0.0,20493.959,26.291666666666668,24.441666666666663,66.0,1.2041666666666666
1297,2011-07-21,0.0,14652.53567,26.945833333333336,25.104166666666668,66.08333333333333,1.3499999999999999
1298,2011-07-22,0.0,16680.18132,27.100000000000005,25.354166666666668,61.5625,1.2791666666666668
1299,2011-07-23,0.0,17413.05503,27.008333333333336,25.270833333333332,62.708333333333336,1.2708333333333333
1300,2011-07-24,0.0,15471.686800000001,27.6125,26.083333333333332,57.875,2.1666666666666665
1301,2011-07-25,0.0,20452.931,26.57916666666667,24.920833333333334,58.666666666666664,2.15
1302,2011-07-26,0.0,20707.845759999997,26.775000000000002,25.22083333333333,59.791666666666664,2.1041666666666665
1303,2011-07-27,0.0,21063.811,26.579166666666666,24.616666666666664,57.979166666666664,1.4625000000000001
1304,2011-07-28,0.0,20734.868,25.724999999999998,23.708333333333332,58.916666666666664,1.4000000000000001
1305,2011-07-29,0.0,18980.9348,26.383333333333336,24.34166666666667,61.375,1.2
1306,2011-07-30,0.0,18194.25233,27.412499999999998,25.51666666666667,57.270833333333336,1.2083333333333333
1307,2011-07-31,0.0,14602.21876,27.725000000000005,25.79583333333333,58.229166666666664,1.4000000000000001
1308,2011-08-01,0.0,14087.47919,28.020833333333332,26.212500000000002,65.04166666666667,1.3833333333333335
1309,2011-08-02,0.0,16226.352060000001,28.34583333333333,26.40416666666667,67.89583333333333,0.8458333333333333
1310,2011-08-03,0.0,15649.132099999999,27.879166666666663,26.341666666666665,68.83333333333333,1.1083333333333334
1311,2011-08-04,0.0,10896.16817,27.637500000000003,26.141666666666662,68.79166666666667,1.2875
1312,2011-08-05,0.0,13384.52405,27.399999999999995,25.774999999999995,69.625,1.0666666666666667
1313,2011-08-06,0.0,17264.669,27.70416666666667,25.84166666666667,65.39583333333333,1.4458333333333335
1314,2011-08-07,0.0,19700.657,27.416666666666668,25.47083333333333,63.791666666666664,1.2
1315,2011-08-08,0.0,18220.23473,27.70416666666667,25.850000000000005,59.458333333333336,1.3666666666666665
1316,2011-08-09,0.0,13731.804489999999,27.95416666666667,25.870833333333337,56.354166666666664,0.9666666666666667
1317,2011-08-10,0.0,14610.21342,27.125,24.995833333333334,56.083333333333336,0.9625
1318,2011-08-11,0.0,17059.17297,28.516666666666666,26.47083333333333,58.583333333333336,1.3
1319,2011-08-12,0.0,10052.45814,27.75833333333333,26.116666666666664,67.08333333333333,1.1125
1320,2011-08-13,0.0,15127.8681,27.366666666666664,25.77916666666667,66.27083333333333,1.4875
1321,2011-08-14,0.0,15066.84123,27.40416666666667,25.474999999999998,59.854166666666664,1.5791666666666666
1322,2011-08-15,0.0,14904.20765,27.97083333333333,26.254166666666666,60.729166666666664,1.425
1323,2011-08-16,0.0,18251.574,28.216666666666665,26.4375,62.770833333333336,1.4708333333333332
1324,2011-08-17,0.0,14610.23255,28.64166666666667,26.787500000000005,57.6875,1.1458333333333333
1325,2011-08-18,0.0,19632.658600000002,27.712499999999995,25.620833333333334,54.375,1.2208333333333334
1326,2011-08-19,0.0,20537.452,28.125,26.17916666666667,53.791666666666664,1.5666666666666667
1327,2011-08-20,0.0,16850.453759999997,28.97083333333333,26.916666666666668,55.25,1.1666666666666667
1328,2011-08-21,0.0,19249.773,28.4875,26.53333333333333,56.291666666666664,1.2375
1329,2011-08-22,0.0,15171.13551,28.270833333333332,26.366666666666664,58.979166666666664,1.6541666666666668
1330,2011-08-23,0.0,12285.80172,28.070833333333336,26.304166666666664,61.958333333333336,1.3375000000000001
1331,2011-08-24,0.0,16142.86427,29.083333333333332,27.441666666666666,57.604166666666664,2.2416666666666667
1332,2011-08-25,0.0,17186.248,29.316666666666674,27.504166666666666,56.770833333333336,1.6458333333333333
1333,2011-08-26,0.0,18437.24902,28.491666666666664,26.770833333333332,57.6875,1.5250000000000001
1334,2011-08-27,0.0,16081.50093,29.808333333333334,28.037499999999998,52.5,1.8541666666666667
1335,2011-08-28,0.0,13873.72293,28.537500000000005,26.9375,59.708333333333336,1.8041666666666665
1336,2011-08-29,0.0,15983.089030000001,28.629166666666666,26.758333333333336,59.291666666666664,1.4541666666666666
1337,2011-08-30,0.0,20048.328,28.46666666666667,26.599999999999998,57.083333333333336,1.2791666666666666
1338,2011-08-31,0.0,13628.96427,29.520833333333332,27.604166666666668,56.4375,1.075
1339,2011-09-01,0.0,13240.82257,29.34166666666667,27.558333333333334,59.375,1.2249999999999999
1340,2011-09-02,0.0,11931.71608,28.708333333333332,27.125,63.0625,1.0666666666666667
1341,2011-09-03,0.0,18032.40443,29.03333333333333,27.425,58.791666666666664,1.5625
1342,2011-09-04,0.0,17056.18,28.366666666666664,26.516666666666666,58.604166666666664,1.3125
1343,2011-09-05,0.0,14572.821530000001,29.174999999999997,27.016666666666666,52.833333333333336,1.1333333333333333
1344,2011-09-06,0.0,15388.83676,28.587500000000002,26.558333333333334,54.875,1.1333333333333335
1345,2011-09-07,0.0,13965.23212,27.950000000000003,26.075000000000003,59.3125,1.2291666666666667
1346,2011-09-08,0.0,15810.117289999998,29.016666666666666,27.099999999999998,57.291666666666664,1.3333333333333333
1347,2011-09-09,0.0,17166.032789999997,29.7625,27.741666666666664,54.916666666666664,1.3125
1348,2011-09-10,0.0,16585.32514,29.779166666666665,27.991666666666664,54.625,1.4208333333333332
1349,2011-09-11,0.0,19917.72,29.804166666666664,27.974999999999998,54.395833333333336,1.6166666666666665
1350,2011-09-12,0.0,17006.23115,30.05,28.179166666666664,52.229166666666664,1.3458333333333332
1351,2011-09-13,0.0,15527.296910000001,30.15833333333333,28.333333333333332,52.395833333333336,1.2083333333333333
1352,2011-09-14,0.0,10256.61025,28.145833333333332,26.59583333333333,60.875,1.0291666666666666
1353,2011-09-15,0.0,18407.644,28.008333333333336,26.320833333333336,59.520833333333336,1.2
1354,2011-09-16,0.0,17434.28159,29.220833333333335,27.34166666666667,54.854166666666664,1.5291666666666668
1355,2011-09-17,0.0,16736.05476,29.95416666666667,28.041666666666668,48.291666666666664,2.0208333333333335
1356,2011-09-18,0.0,15632.36209,29.974999999999998,27.96666666666667,47.604166666666664,1.5916666666666668
1357,2011-09-19,0.0,20761.386,30.245833333333334,28.216666666666665,42.854166666666664,1.7249999999999999
1358,2011-09-20,0.0,20677.00739,29.633333333333336,27.45,42.395833333333336,1.3125
1359,2011-09-21,0.0,18248.146009999997,29.070833333333336,26.866666666666664,45.916666666666664,1.2791666666666668
1360,2011-09-22,0.0,17894.865719999998,29.120833333333337,27.1875,52.791666666666664,1.0291666666666666
1361,2011-09-23,0.0,12657.826809999999,29.354166666666668,27.645833333333332,55.604166666666664,1.4666666666666668
1362,2011-09-24,0.0,13252.179,29.779166666666665,28.020833333333332,57.666666666666664,1.0333333333333334
1363,2011-09-25,0.0,16932.858,30.287499999999994,28.741666666666664,57.041666666666664,1.4000000000000001
1364,2011-09-26,0.0,11250.757670000003,29.837500000000002,28.45,57.416666666666664,1.7416666666666665
1365,2011-09-27,0.0,16569.566,29.48333333333333,27.808333333333326,57.166666666666664,1.7458333333333336
1366,2011-09-28,0.0,18627.244,29.60833333333333,27.70416666666667,51.4375,1.383333333333333
1367,2011-09-29,0.0,16244.635900000001,30.504166666666663,28.458333333333332,49.729166666666664,1.3791666666666667
1368,2011-09-30,0.0,14779.363,30.625,29.037499999999998,52.645833333333336,1.9000000000000001
1369,2011-10-01,0.0,15200.125,29.904166666666665,28.34166666666667,59.583333333333336,1.4541666666666668
1370,2011-10-02,0.0,14242.22461,30.233333333333334,28.474999999999998,57.8125,1.2750000000000001
1371,2011-10-03,5.8,10626.59781,28.608333333333334,27.037499999999994,65.35416666666667,1.2416666666666665
1372,2011-10-04,3.0,13684.64893,27.683333333333337,26.433333333333334,73.95833333333333,1.0333333333333334
1373,2011-10-05,0.0,16581.30731,28.816666666666666,27.479166666666668,64.91666666666667,0.8583333333333334
1374,2011-10-06,0.0,10809.700359999999,29.65833333333333,28.2375,59.791666666666664,1.0833333333333333
1375,2011-10-07,0.0,14330.30289,31.041666666666668,29.36666666666667,52.666666666666664,1.2541666666666667
1376,2011-10-08,0.0,19488.406,29.870833333333334,28.3,56.291666666666664,0.9041666666666667
1377,2011-10-09,0.0,13688.18777,29.7375,28.150000000000002,58.791666666666664,1.0583333333333333
1378,2011-10-10,0.0,13902.265620000002,29.099999999999998,27.85833333333333,60.895833333333336,1.4458333333333335
1379,2011-10-11,0.0,14040.63896,30.045833333333334,28.808333333333334,59.8125,1.554166666666667
1380,2011-10-12,0.0,14511.44625,29.775000000000002,28.208333333333332,60.770833333333336,1.3958333333333333
1381,2011-10-13,0.0,16589.168,29.96666666666667,28.5125,60.229166666666664,1.1333333333333335
1382,2011-10-14,0.0,11445.67553,29.8125,28.495833333333337,61.083333333333336,1.4333333333333336
1383,2011-10-15,0.0,19191.494,29.658333333333335,28.2,63.9375,0.9375
1384,2011-10-16,16.8,21186.860259999998,29.26666666666667,27.566666666666663,64.72916666666667,1.8916666666666668
1385,2011-10-17,16.2,10818.632539999999,27.475000000000005,26.237499999999997,75.60416666666667,1.7083333333333333
1386,2011-10-18,3.8,6764.688,25.974999999999998,25.229166666666668,83.75,0.35000000000000003
1387,2011-10-19,0.2,21155.81616,28.712500000000002,27.412499999999998,71.95833333333333,0.775
1388,2011-10-20,13.600000000000001,2720.10409,25.19583333333333,24.45416666666667,84.4375,1.25
1389,2011-10-21,21.6,12111.599769999999,25.116666666666664,23.88333333333333,82.02083333333333,1.5541666666666665
1390,2011-10-22,8.0,10241.02893,26.004166666666666,24.98333333333333,80.22916666666667,0.9166666666666666
1391,2011-10-23,13.6,14515.747290000001,28.0,26.758333333333336,71.02083333333333,1.6416666666666666
1392,2011-10-24,0.0,24891.549,29.40416666666667,27.912499999999998,64.72916666666667,1.125
1393,2011-10-25,0.0,9957.44756,28.629166666666663,27.21666666666667,68.5625,1.2249999999999999
1394,2011-10-26,0.0,17138.081189999997,29.125,27.654166666666665,61.729166666666664,1.3125
1395,2011-10-27,0.0,14555.09277,28.145833333333332,26.700000000000003,69.1875,0.5958333333333333
1396,2011-10-28,0.0,16276.49071,28.270833333333332,26.916666666666668,69.35416666666667,0.6458333333333334
1397,2011-10-29,4.6,13570.699,27.695833333333336,26.3125,75.89583333333333,1.1791666666666667
1398,2011-10-30,0.8,8404.96725,27.6875,26.74166666666667,74.64583333333333,1.0625
1399,2011-10-31,1.6,14014.295,27.066666666666666,26.07083333333333,76.5625,1.1458333333333333
1400,2011-11-01,0.0,12535.226929999999,27.90416666666667,26.795833333333334,74.66666666666667,1.1125
1401,2011-11-02,31.2,13570.773,25.54583333333333,24.491666666666664,81.9375,1.3708333333333336
1402,2011-11-03,10.6,14812.704,26.4375,25.325,82.22916666666667,0.8208333333333334
1403,2011-11-04,0.8,10339.75258,25.633333333333336,24.704166666666666,82.52083333333333,1.5666666666666667
1404,2011-11-05,0.0,18886.243710000002,26.9875,25.700000000000003,72.85416666666667,1.6166666666666665
1405,2011-11-06,0.0,19172.484,27.8125,26.566666666666666,68.375,1.2375
1406,2011-11-07,0.0,18748.29536,28.1125,26.820833333333336,71.54166666666667,0.7541666666666665
1407,2011-11-08,2.0,13699.18715,28.520833333333332,27.208333333333332,71.52083333333333,1.6416666666666666
1408,2011-11-09,4.4,16862.49005,28.008333333333336,26.59583333333333,74.54166666666667,0.9208333333333333
1409,2011-11-10,9.2,11181.714,25.816666666666666,25.125,82.35416666666667,2.058333333333333
1410,2011-11-11,0.0,12020.10679,26.795833333333334,25.712500000000002,79.85416666666667,0.6166666666666667
1411,2011-11-12,14.399999999999999,5339.8116,24.941666666666666,24.120833333333334,88.02083333333333,0.8541666666666666
1412,2011-11-13,10.399999999999999,4084.7579100000003,24.09583333333333,23.358333333333334,90.0625,0.8291666666666666
1413,2011-11-14,0.0,13334.3856,26.229166666666668,25.416666666666668,79.70833333333333,0.8000000000000002
1414,2011-11-15,0.0,18423.895170000003,28.133333333333336,27.10416666666666,73.5625,0.5208333333333334
1415,2011-11-16,0.0,19446.171,28.05,26.720833333333335,75.5,0.8541666666666666
1416,2011-11-17,0.0,14622.826120000002,27.40416666666667,26.375,78.29166666666667,0.5583333333333332
1417,2011-11-18,10.2,13427.696,27.0125,25.816666666666666,79.64583333333333,1.1541666666666668
1418,2011-11-19,0.0,18077.05834,26.741666666666664,25.729166666666668,78.16666666666667,0.4291666666666667
1419,2011-11-20,0.0,15469.01049,28.049999999999997,26.816666666666663,76.66666666666667,0.8125
1420,2011-11-21,0.0,16326.84966,27.77916666666667,26.616666666666664,73.5625,0.9541666666666666
1421,2011-11-22,2.8,12371.47007,27.191666666666666,26.008333333333336,79.10416666666667,1.375
1422,2011-11-23,6.800000000000001,14328.506969999999,27.679166666666664,26.075,76.83333333333333,0.7624999999999998
1423,2011-11-24,0.0,19795.370689999996,28.083333333333332,26.962499999999995,75.33333333333333,0.7916666666666666
1424,2011-11-25,0.8,5047.62367,25.53333333333333,24.8625,86.08333333333333,1.0374999999999999
1425,2011-11-26,0.2,10875.648009999999,25.883333333333336,25.045833333333334,81.79166666666667,0.8291666666666666
1426,2011-11-27,0.0,12775.512359999999,27.670833333333334,26.60833333333333,75.4375,1.0208333333333333
1427,2011-11-28,0.0,20437.153,28.325,27.045833333333334,72.85416666666667,0.5125000000000001
1428,2011-11-29,0.0,17373.551,28.495833333333334,27.224999999999998,73.85416666666667,0.8624999999999999
1429,2011-11-30,29.4,10215.31604,27.275000000000002,25.920833333333334,79.22916666666667,1.0958333333333334
1430,2011-12-01,0.2,16154.72491,27.458333333333332,26.325,78.58333333333333,0.6375000000000001
1431,2011-12-02,4.3999999999999995,18189.71928,27.599999999999998,26.5,76.85416666666667,1.5541666666666665
1432,2011-12-03,2.8000000000000003,5760.65201,26.3,25.645833333333332,81.10416666666667,0.9458333333333334
1433,2011-12-04,0.0,20682.36795,27.995833333333334,26.766666666666666,73.3125,0.8041666666666666
1434,2011-12-05,0.0,14556.74978,27.875,26.55,72.60416666666667,0.6458333333333334
1435,2011-12-06,0.0,14832.6474,28.220833333333335,26.729166666666668,71.83333333333333,0.7416666666666667
1436,2011-12-07,0.0,16657.451,27.995833333333334,26.537499999999998,74.41666666666667,0.7833333333333333
1437,2011-12-08,0.0,14798.149629999998,28.058333333333337,26.6375,73.4375,1.1125
1438,2011-12-09,0.0,12436.50104,27.204166666666666,26.05416666666667,74.95833333333333,1.125
1439,2011-12-10,0.0,20175.94553,28.3,26.925,71.89583333333333,0.8583333333333334
1440,2011-12-11,0.0,15296.956219999998,28.8125,27.445833333333336,68.54166666666667,1.3083333333333333
1441,2011-12-12,0.0,13601.17594,28.09166666666667,26.700000000000003,67.39583333333333,1.3041666666666667
1442,2011-12-13,46.6,13811.86538,26.212499999999995,25.075000000000003,81.47916666666667,1.3041666666666665
1443,2011-12-14,0.0,17436.060920000004,27.325,26.433333333333337,78.35416666666667,1.0374999999999999
1444,2011-12-15,36.0,8028.196599999999,26.541666666666668,25.416666666666668,82.27083333333333,1.1041666666666667
1445,2011-12-16,2.0,19268.49272,27.175,26.175,76.27083333333333,1.375
1446,2011-12-17,0.0,17216.919560000002,28.258333333333336,27.049999999999997,71.25,0.8875000000000001
1447,2011-12-18,0.0,14033.57433,28.191666666666666,26.912500000000005,75.89583333333333,0.7541666666666668
1448,2011-12-19,0.4,14928.476,28.150000000000002,27.104166666666668,76.04166666666667,1.3125
1449,2011-12-20,0.0,19793.427,27.295833333333334,25.95,74.02083333333333,0.6749999999999999
1450,2011-12-21,3.8000000000000003,16788.592,27.295833333333334,25.741666666666664,78.0625,0.9
1451,2011-12-22,9.399999999999999,13815.48478,26.60833333333333,25.39166666666667,80.22916666666667,0.9791666666666666
1452,2011-12-23,0.0,19828.146,27.791666666666668,26.758333333333336,75.20833333333333,1.5708333333333335
1453,2011-12-24,0.2,11011.73892,26.270833333333332,25.2,79.58333333333333,1.1541666666666666
1454,2011-12-25,0.0,16721.488,27.008333333333336,25.9375,79.29166666666667,1.0999999999999999
1455,2011-12-26,1.2,16673.19399,27.745833333333334,26.45416666666667,76.1875,1.1375
1456,2011-12-27,0.4,15693.9872,27.1875,25.958333333333332,76.47916666666667,1.1333333333333333
1457,2011-12-28,4.8,13774.51596,26.204166666666666,24.708333333333332,78.33333333333333,1.0916666666666666
1458,2011-12-29,0.0,15453.842530000002,27.087499999999995,25.95416666666667,76.0,0.8875000000000001
1459,2011-12-30,4.6000000000000005,22716.295,28.245833333333337,27.120833333333334,73.6875,1.05
1460,2011-12-31,0.6000000000000001,10842.859129999999,27.466666666666665,26.370833333333334,78.875,0.6583333333333333
1461,2012-01-01,0.4,7151.114,26.34166666666667,25.712499999999995,82.02083333333333,1.0625
1462,2012-01-02,8.2,17483.663,27.379166666666663,26.479166666666668,77.20833333333333,1.2291666666666667
1463,2012-01-03,0.0,9569.85627,27.891666666666666,26.920833333333334,69.75,1.2166666666666666
1464,2012-01-04,0.0,14494.35639,28.116666666666664,26.912500000000005,74.85416666666667,0.725
1465,2012-01-05,9.8,7043.61684,25.258333333333336,24.34583333333333,84.3125,0.9791666666666666
1466,2012-01-06,0.0,16557.209,26.425,25.370833333333334,81.02083333333333,1.2125000000000001
1467,2012-01-07,0.2,22913.95184,27.554166666666664,26.325,73.85416666666667,1.0333333333333334
1468,2012-01-08,0.0,14166.67974,27.920833333333334,26.59583333333333,74.125,0.5583333333333333
1469,2012-01-09,56.0,10772.902,25.65833333333333,24.45,81.95833333333333,0.8791666666666668
1470,2012-01-10,2.2,8448.80521,25.7,24.787499999999998,85.64583333333333,1.2291666666666667
1471,2012-01-11,0.0,15050.252,26.020833333333332,25.02916666666667,78.64583333333333,0.9625
1472,2012-01-12,13.0,15735.79508,27.108333333333334,25.566666666666666,79.45833333333333,1.1541666666666668
1473,2012-01-13,0.0,16645.84192,27.208333333333332,26.05,77.125,1.5250000000000001
1474,2012-01-14,0.0,14928.381029999999,27.525000000000002,26.479166666666668,76.95833333333333,1.3541666666666667
1475,2012-01-15,26.599999999999998,11958.48304,25.9875,24.887500000000003,79.8125,1.2708333333333333
1476,2012-01-16,19.2,8998.725,23.433333333333334,22.72083333333333,87.97916666666667,1.0916666666666666
1477,2012-01-17,0.0,20461.602629999998,26.304166666666664,25.170833333333334,73.91666666666667,0.9875000000000002
1478,2012-01-18,5.0,15870.884769999999,26.162500000000005,24.900000000000002,78.77083333333333,0.8458333333333333
1479,2012-01-19,18.8,15433.73099,25.45,24.42083333333333,80.89583333333333,0.7791666666666668
1480,2012-01-20,0.2,18807.238,27.441666666666666,26.25,76.375,0.6666666666666666
1481,2012-01-21,11.2,6726.159,25.599999999999998,24.47083333333333,84.54166666666667,0.8333333333333334
1482,2012-01-22,2.0,17436.50621,25.741666666666664,24.629166666666663,83.41666666666667,1.0458333333333334
1483,2012-01-23,1.6,17222.6962,26.241666666666664,25.17083333333333,80.97916666666667,1.0458333333333334
1484,2012-01-24,57.2,4834.558849999999,24.058333333333337,23.354166666666668,87.5625,1.0458333333333334
1485,2012-01-25,7.8,4896.532099999999,25.495833333333337,24.504166666666666,86.375,0.45416666666666666
1486,2012-01-26,8.2,10516.31595,25.183333333333337,24.320833333333336,84.97916666666667,1.0875000000000001
1487,2012-01-27,0.0,11020.9968,26.45416666666667,25.666666666666668,82.60416666666667,0.7708333333333334
1488,2012-01-28,0.0,19523.568,27.3125,26.229166666666668,79.95833333333333,0.7083333333333334
1489,2012-01-29,0.2,10991.09617,26.287500000000005,25.3125,80.41666666666667,0.7208333333333333
1490,2012-01-30,7.2,13494.26257,26.683333333333334,25.47083333333333,82.14583333333333,1.3458333333333332
1491,2012-01-31,0.0,15046.920509999998,27.5125,26.349999999999998,75.5,0.9083333333333333
1492,2012-02-01,48.400000000000006,14571.09402,26.96666666666667,25.579166666666666,79.5625,0.9125
1493,2012-02-02,0.6000000000000001,13399.73,25.291666666666668,24.483333333333334,83.39583333333333,0.6708333333333334
1494,2012-02-03,0.0,16172.7738,27.1375,26.175,78.6875,1.125
1495,2012-02-04,0.0,10788.593789999999,26.424999999999997,25.425,81.4375,0.6625
1496,2012-02-05,0.0,18844.09483,27.47083333333333,26.366666666666664,75.22916666666667,1.1166666666666667
1497,2012-02-06,0.0,15424.024529999999,26.995833333333334,25.75,77.1875,0.8333333333333334
1498,2012-02-07,6.800000000000001,16169.27785,27.041666666666668,25.787499999999998,79.41666666666667,1.0791666666666666
1499,2012-02-08,0.2,16456.474280000002,27.308333333333337,26.0125,79.41666666666667,0.6541666666666667
1500,2012-02-09,38.6,10202.279,25.454166666666666,24.3,83.77083333333333,1.3625
1501,2012-02-10,27.800000000000004,9930.74,24.016666666666666,22.995833333333334,87.1875,1.2
1502,2012-02-11,0.2,16234.21073,25.429166666666664,24.391666666666666,80.25,1.3666666666666665
1503,2012-02-12,7.0,16248.5162,26.579166666666666,25.520833333333332,78.70833333333333,1.0791666666666668
1504,2012-02-13,2.0,16074.382300000001,26.566666666666666,25.279166666666665,79.29166666666667,0.8958333333333334
1505,2012-02-14,3.0,13203.442210000001,25.47083333333333,24.29583333333333,80.125,1.7416666666666665
1506,2012-02-15,36.2,5979.93149,23.129166666666663,22.45416666666667,88.41666666666667,1.0333333333333332
1507,2012-02-16,0.0,12161.43294,24.745833333333334,23.945833333333336,84.04166666666667,0.6916666666666668
1508,2012-02-17,38.0,17184.33505,25.79583333333333,24.645833333333332,79.79166666666667,1.0374999999999999
1509,2012-02-18,6.800000000000001,12020.55037,24.925,24.01666666666667,81.5625,1.3666666666666665
1510,2012-02-19,7.800000000000001,17950.621629999998,26.47083333333333,25.4375,78.8125,1.2
1511,2012-02-20,2.8,8474.18513,25.67083333333333,24.5625,84.33333333333333,0.7291666666666666
1512,2012-02-21,0.4,12360.28552,25.400000000000002,24.537499999999998,82.0,0.8083333333333332
1513,2012-02-22,0.2,20492.292,27.145833333333332,25.90833333333333,78.125,0.8166666666666668
1514,2012-02-23,0.0,8962.97338,25.633333333333336,24.995833333333337,83.10416666666667,0.8958333333333334
1515,2012-02-24,4.199999999999999,11185.4056,26.104166666666668,24.766666666666666,83.52083333333333,1.075
1516,2012-02-25,28.6,13993.248,25.179166666666664,24.229166666666668,83.29166666666667,0.8416666666666667
1517,2012-02-26,35.2,11367.85677,24.604166666666668,23.675,86.47916666666667,1.1875
1518,2012-02-27,1.0,14731.77856,25.708333333333332,24.791666666666668,83.1875,0.9583333333333334
1519,2012-02-28,10.8,14422.780100000002,26.245833333333334,25.1125,79.41666666666667,1.3708333333333333
1520,2012-02-29,2.0,19179.690189999998,26.8625,25.416666666666668,76.125,1.4708333333333332
1521,2012-03-01,0.0,15100.47098,27.83333333333333,26.34444444444445,75.58333333333333,0.8
1522,2012-03-02,0.0,15446.909,31.5,29.53333333333333,60.083333333333336,0.9857142857142858
1523,2012-03-03,0.0,13787.485,31.457142857142856,29.514285714285716,60.07142857142857,1.2714285714285711
1524,2012-03-04,0.0,7046.548,30.233333333333334,27.63333333333333,66.83333333333333,1.0750000000000002
1525,2012-03-05,4.0,11688.29091,31.583333333333332,27.78333333333333,64.0,2.1
1526,2012-03-06,21.8,13149.047,27.21538461538461,24.73846153846154,79.92307692307692,1.6307692307692307
1527,2012-03-07,18.4,5307.106,23.321739130434782,22.76521739130435,90.02173913043478,0.8956521739130434
1528,2012-03-08,0.0,14011.66361,25.82916666666667,24.916666666666668,82.39583333333333,0.4916666666666667
1529,2012-03-09,0.0,2488.50301,26.428571428571427,25.571428571428573,81.78571428571429,0.5571428571428572
1530,2012-03-10,0.2,8947.33739,31.628571428571426,29.599999999999998,60.214285714285715,1.625
1531,2012-03-11,0.0,20722.446,27.770833333333332,26.583333333333332,76.3125,1.2208333333333334
1532,2012-03-12,2.8,13817.734620000001,27.833333333333332,26.566666666666663,77.02083333333333,1.1166666666666665
1533,2012-03-13,0.0,16224.69816,27.412499999999998,26.283333333333335,77.04166666666667,1.1500000000000001
1534,2012-03-14,0.6,17043.237289999997,27.491666666666664,26.266666666666666,77.45833333333333,1.2583333333333333
1535,2012-03-15,0.8,14970.483,26.8125,25.7375,78.33333333333333,0.7708333333333334
1536,2012-03-16,18.599999999999998,14315.732179999999,27.150000000000002,25.85833333333333,80.77083333333333,0.9708333333333332
1537,2012-03-17,1.2,13556.913289999999,27.01666666666667,25.891666666666662,81.29166666666667,0.9249999999999999
1538,2012-03-18,3.6,16725.22744,27.21666666666667,25.837500000000002,81.0625,0.9916666666666666
1539,2012-03-19,6.6000000000000005,18810.366,26.512500000000003,25.129166666666663,82.25,0.9166666666666666
1540,2012-03-20,5.3999999999999995,12784.749,25.600000000000005,24.870833333333334,85.54166666666667,0.7083333333333334
1541,2012-03-21,0.2,13900.61432,26.40416666666667,25.445833333333336,82.9375,1.1583333333333332
1542,2012-03-22,6.6,21240.149,26.683333333333334,25.375,80.70833333333333,0.8333333333333334
1543,2012-03-23,16.4,11756.887600000002,25.94583333333333,24.89166666666667,84.16666666666667,1.3624999999999998
1544,2012-03-24,1.7999999999999998,10178.82818,26.35833333333333,25.383333333333336,82.9375,0.6750000000000002
1545,2012-03-25,0.2,20542.146210000003,27.016666666666666,25.84166666666667,77.77083333333333,0.9583333333333334
1546,2012-03-26,12.2,21524.574,26.858333333333334,25.65833333333333,79.66666666666667,1.2041666666666666
1547,2012-03-27,0.0,16065.471,26.125,25.183333333333337,80.79166666666667,0.8458333333333333
1548,2012-03-28,19.4,14158.298,26.116666666666664,24.925,82.52083333333333,1.2833333333333332
1549,2012-03-29,1.7999999999999998,21862.203,26.34583333333333,25.1875,81.375,1.1500000000000001
1550,2012-03-30,1.8,16670.52157,27.241666666666664,26.100000000000005,79.14583333333333,1.5
1551,2012-03-31,0.0,20543.578810000003,27.733333333333334,26.579166666666666,77.66666666666667,0.9416666666666668
1552,2012-04-01,0.0,19066.635799999996,27.558333333333334,26.399999999999995,78.45833333333333,1.1791666666666665
1553,2012-04-02,0.0,16456.35874,28.025000000000002,26.84166666666667,76.39583333333333,0.9833333333333334
1554,2012-04-03,0.0,18257.74198,28.170833333333334,27.0625,74.45833333333333,1.2958333333333334
1555,2012-04-04,0.0,16697.97317,27.98333333333333,26.7,75.95833333333333,1.0666666666666667
1556,2012-04-05,0.0,12893.18169,27.524999999999995,26.287500000000005,78.08333333333333,0.7374999999999999
1557,2012-04-06,0.2,15909.258800000001,28.1125,26.908333333333335,78.04166666666667,0.8916666666666666
1558,2012-04-07,11.0,12279.94015,27.258333333333336,26.041666666666668,82.08333333333333,0.9291666666666667
1559,2012-04-08,20.6,14615.705030000001,26.262500000000003,25.1125,85.16666666666667,0.8541666666666666
1560,2012-04-09,0.0,7130.81595,25.191666666666663,24.516666666666666,85.97916666666667,0.9249999999999999
1561,2012-04-10,6.4,14328.81185,26.8625,25.625,82.54166666666667,0.6833333333333332
1562,2012-04-11,0.0,15967.89599,27.14166666666667,26.008333333333336,80.52083333333333,1.1791666666666667
1563,2012-04-12,0.0,18847.141689999997,26.870833333333334,25.558333333333334,79.04166666666667,0.9791666666666666
1564,2012-04-13,0.0,16278.94109,27.587500000000002,26.295833333333334,75.75,0.8958333333333334
1565,2012-04-14,0.0,19563.786829999997,27.433333333333337,26.1875,77.85416666666667,0.8916666666666666
1566,2012-04-15,0.6,14753.069469999999,27.537500000000005,26.120833333333334,78.60416666666667,1.1708333333333334
1567,2012-04-16,26.200000000000003,16580.78333,25.76666666666667,24.462500000000002,83.77083333333333,1.1916666666666667
1568,2012-04-17,1.8,12926.45186,25.7625,24.979166666666668,83.66666666666667,1.0458333333333334
1569,2012-04-18,5.6,19111.629,27.037499999999998,25.59166666666667,82.20833333333333,0.8791666666666668
1570,2012-04-19,0.0,17604.381,26.849999999999998,25.75,80.58333333333333,0.8416666666666667
1571,2012-04-20,0.0,14370.75161,26.7,25.620833333333334,81.45833333333333,0.8916666666666666
1572,2012-04-21,0.0,14675.822,26.8875,25.791666666666668,80.58333333333333,0.9291666666666666
1573,2012-04-22,0.2,18515.243670000003,27.51666666666667,26.23333333333333,78.75,0.7916666666666666
1574,2012-04-23,0.4,14399.21406,27.120833333333337,25.829166666666666,81.77083333333333,0.9458333333333333
1575,2012-04-24,0.0,16724.009,27.820833333333336,26.820833333333336,78.20833333333333,1.1208333333333333
1576,2012-04-25,2.2,14546.428,27.079166666666666,25.929166666666664,84.95833333333333,0.8624999999999999
1577,2012-04-26,0.2,14761.764,27.108333333333338,26.07916666666667,82.60416666666667,0.7291666666666666
1578,2012-04-27,0.0,18039.691,27.583333333333332,26.46666666666667,79.47916666666667,0.7166666666666667
1579,2012-04-28,0.0,14496.34307,27.79583333333333,26.537499999999998,79.29166666666667,0.6625000000000001
1580,2012-04-29,12.8,15407.869,26.816666666666663,25.22083333333333,83.1875,0.9249999999999999
1581,2012-04-30,0.0,15393.88178,27.11666666666667,25.883333333333336,78.875,0.625
1582,2012-05-01,0.0,16432.904449999998,28.266666666666666,26.84583333333333,76.25,0.7208333333333333
1583,2012-05-02,0.0,18491.735,27.616666666666664,26.395833333333332,76.875,0.9250000000000002
1584,2012-05-03,15.0,14159.55607,26.78333333333333,25.3625,83.16666666666667,1.0958333333333334
1585,2012-05-04,0.0,13039.00789,27.645833333333332,26.6875,78.20833333333333,1.2208333333333334
1586,2012-05-05,0.0,20363.16816,27.75,26.462500000000002,71.5,1.0541666666666667
1587,2012-05-06,0.0,23026.937,27.608333333333334,26.233333333333334,70.5625,1.0541666666666665
1588,2012-05-07,0.0,21860.707,27.84583333333333,26.48333333333333,70.72916666666667,1.0541666666666667
1589,2012-05-08,0.0,21949.116,27.954166666666666,26.508333333333336,70.20833333333333,1.1875
1590,2012-05-09,0.0,18993.485,27.15833333333333,25.833333333333332,76.625,1.0166666666666666
1591,2012-05-10,0.0,19891.43317,27.354166666666668,25.983333333333334,75.77083333333333,0.8125
1592,2012-05-11,0.0,20219.99,27.454166666666666,25.67916666666667,75.1875,1.1833333333333333
1593,2012-05-12,0.0,14970.216769999999,27.4875,26.091666666666665,75.04166666666667,0.8375
1594,2012-05-13,0.0,13021.688629999999,28.0125,26.558333333333337,75.5625,0.8624999999999999
1595,2012-05-14,0.0,15259.48241,28.425,27.09583333333333,74.97916666666667,0.9541666666666667
1596,2012-05-15,0.0,10608.79056,28.491666666666664,27.0625,73.70833333333333,0.8708333333333332
1597,2012-05-16,0.0,15034.03393,27.96666666666667,26.57083333333333,73.95833333333333,0.8333333333333334
1598,2012-05-17,0.0,11214.22298,26.570833333333336,25.412499999999998,80.79166666666667,0.7791666666666668
1599,2012-05-18,1.4,13293.30674,26.96666666666667,25.645833333333332,78.9375,1.0791666666666666
1600,2012-05-19,0.2,13813.47511,26.066666666666663,24.825,82.41666666666667,0.7958333333333334
1601,2012-05-20,0.0,15855.984460000001,26.995833333333337,25.60833333333333,77.1875,1.1125
1602,2012-05-21,0.0,12407.957349999999,27.475000000000005,26.058333333333334,76.1875,1.2041666666666666
1603,2012-05-22,0.0,11270.079740000001,26.895833333333332,25.633333333333336,76.9375,1.05
1604,2012-05-23,0.0,16670.392929999998,26.941666666666663,25.629166666666663,76.875,1.2625
1605,2012-05-24,1.8,12705.77224,26.679166666666664,24.933333333333334,78.875,0.7166666666666667
1606,2012-05-25,0.0,12575.593449999998,26.94583333333333,25.620833333333337,76.6875,1.0750000000000002
1607,2012-05-26,0.0,12704.360980000001,26.541666666666668,25.087500000000002,79.5,0.7833333333333332
1608,2012-05-27,1.4,13596.80226,26.4375,25.083333333333332,80.72916666666667,0.7125
1609,2012-05-28,1.5999999999999999,10409.39616,26.604166666666668,25.445833333333336,81.16666666666667,0.8333333333333334
1610,2012-05-29,0.0,18660.138,27.454166666666666,25.962500000000002,75.20833333333333,1.0708333333333333
1611,2012-05-30,0.0,13775.23158,26.991666666666664,25.60833333333333,74.875,0.7416666666666667
1612,2012-05-31,0.0,17306.886,27.483333333333334,25.67083333333333,74.35416666666667,0.8875000000000001
1613,2012-06-01,0.2,16382.89,27.166666666666668,25.39166666666667,76.22916666666667,0.6666666666666666
1614,2012-06-02,1.0,11236.25916,27.075,25.512500000000003,77.95833333333333,0.6958333333333334
1615,2012-06-03,30.4,9995.23094,26.974999999999998,25.245833333333334,78.66666666666667,1.3333333333333333
1616,2012-06-04,12.0,7889.4563,25.84166666666667,24.791666666666668,84.5625,1.2750000000000001
1617,2012-06-05,0.2,20047.752,27.3,26.129166666666663,74.27083333333333,1.0875000000000001
1618,2012-06-06,0.0,15085.964769999999,26.4875,25.175,77.04166666666667,0.875
1619,2012-06-07,0.0,18873.35271,27.504166666666666,26.0125,72.72916666666667,0.8291666666666666
1620,2012-06-08,0.0,18957.833,27.49166666666667,26.025000000000002,72.45833333333333,0.8666666666666666
1621,2012-06-09,0.0,15649.38019,28.141666666666666,26.8,73.25,1.0833333333333333
1622,2012-06-10,0.0,15234.87475,27.399999999999995,25.90416666666667,73.02083333333333,0.55
1623,2012-06-11,0.0,14601.255220000001,27.504166666666666,25.974999999999998,71.64583333333333,0.9041666666666667
1624,2012-06-12,0.0,18989.365,26.579166666666666,25.045833333333334,74.3125,1.1500000000000001
1625,2012-06-13,17.0,8797.67138,25.079166666666666,23.5,84.1875,0.7041666666666666
1626,2012-06-14,0.0,16715.231,26.166666666666668,25.0125,79.16666666666667,0.7083333333333334
1627,2012-06-15,0.0,12537.214960000001,26.78333333333333,25.58333333333334,71.83333333333333,0.6458333333333334
1628,2012-06-16,0.0,18054.201,26.545833333333334,25.03333333333333,72.60416666666667,0.8208333333333334
1629,2012-06-17,0.0,14588.683509999999,27.170833333333334,25.779166666666665,72.04166666666667,0.7958333333333334
1630,2012-06-18,0.2,13645.758,26.545833333333334,25.237499999999997,76.58333333333333,0.7208333333333332
1631,2012-06-19,0.0,12723.714769999999,26.400000000000002,24.983333333333334,78.89583333333333,0.75
1632,2012-06-20,0.0,14495.321,26.970833333333335,25.554166666666664,77.0625,0.5541666666666666
1633,2012-06-21,0.0,17589.81455,27.295833333333334,25.77916666666667,73.9375,0.6166666666666667
1634,2012-06-22,0.0,14431.106,26.945833333333336,25.416666666666668,77.0,0.6458333333333334
1635,2012-06-23,0.0,9412.750129999999,26.212500000000002,25.116666666666664,77.79166666666667,1.0583333333333333
1636,2012-06-24,0.2,10138.59988,25.620833333333337,24.1875,78.45833333333333,0.7875
1637,2012-06-25,17.8,10063.66649,25.916666666666668,24.870833333333334,81.04166666666667,0.4791666666666667
1638,2012-06-26,0.0,14287.51,26.0625,25.016666666666666,78.41666666666667,0.9666666666666668
1639,2012-06-27,0.0,17650.47981,26.541666666666668,25.133333333333336,72.8125,1.1083333333333332
1640,2012-06-28,0.0,17322.636300000002,26.46666666666667,24.775000000000002,68.20833333333333,1.0333333333333334
1641,2012-06-29,0.0,16335.902789999998,26.1875,24.620833333333334,69.39583333333333,1.2125000000000001
1642,2012-06-30,0.0,21237.428,27.295833333333334,25.666666666666668,65.39583333333333,1.4458333333333335
1643,2012-07-01,0.0,19407.799,26.458333333333332,24.629166666666663,65.3125,1.2583333333333333
1644,2012-07-02,0.0,18271.194420000003,27.175,25.549999999999997,65.20833333333333,1.3166666666666667
1645,2012-07-03,0.0,18715.992,26.74166666666667,25.25,65.64583333333333,1.1458333333333333
1646,2012-07-04,0.0,15750.806,26.5,24.929166666666664,70.22916666666667,0.9874999999999999
1647,2012-07-05,0.0,17096.89917,26.875,25.25,64.5,1.2249999999999999
1648,2012-07-06,0.0,17493.05147,26.654166666666665,25.041666666666668,61.666666666666664,1.0833333333333333
1649,2012-07-07,0.0,17957.377,26.40416666666667,24.583333333333332,63.791666666666664,0.8375
1650,2012-07-08,0.0,16791.282,27.579166666666666,25.929166666666664,63.75,0.7833333333333333
1651,2012-07-09,0.0,15158.049,27.3875,25.7,67.91666666666667,0.6166666666666666
1652,2012-07-10,0.0,14081.039,27.670833333333334,25.979166666666668,70.14583333333333,0.8375
1653,2012-07-11,0.0,13942.800150000001,28.175,26.662500000000005,68.5,0.9166666666666666
1654,2012-07-12,0.0,14893.811,27.90833333333333,26.52916666666667,67.6875,0.8250000000000001
1655,2012-07-13,0.0,14147.44538,28.825,27.120833333333337,65.41666666666667,1.0666666666666667
1656,2012-07-14,0.0,12240.972,27.96666666666667,26.566666666666666,72.4375,0.9958333333333335
1657,2012-07-15,5.0,9170.46131,26.399999999999995,25.4375,81.29166666666667,1.1125
1658,2012-07-16,0.0,16258.78329,27.92083333333333,26.570833333333336,72.39583333333333,1.1333333333333335
1659,2012-07-17,0.0,20762.089,27.179166666666664,25.5,63.520833333333336,1.2249999999999999
1660,2012-07-18,0.0,9118.32529,26.633333333333336,24.82916666666667,62.729166666666664,1.0416666666666667
1661,2012-07-19,0.0,18940.56325,27.59166666666667,26.033333333333335,65.60416666666667,0.9166666666666666
1662,2012-07-20,0.0,11318.343469999998,27.162500000000005,25.708333333333332,71.3125,0.7791666666666667
1663,2012-07-21,7.0,13522.84739,26.933333333333337,25.383333333333336,75.27083333333333,1.1583333333333332
1664,2012-07-22,0.0,14809.839219999998,27.25,25.770833333333332,71.29166666666667,1.1208333333333333
1665,2012-07-23,0.0,21610.381,27.837499999999995,25.987499999999997,60.0,1.425
1666,2012-07-24,0.0,13953.426300000001,26.650000000000002,24.541666666666668,62.104166666666664,1.0708333333333335
1667,2012-07-25,0.0,17639.43042,27.608333333333334,25.895833333333332,61.229166666666664,1.3041666666666667
1668,2012-07-26,0.0,17796.04304,27.46666666666667,25.583333333333332,61.229166666666664,1.3541666666666667
1669,2012-07-27,0.0,18705.15152,27.816666666666666,25.829166666666666,60.833333333333336,1.0250000000000001
1670,2012-07-28,0.0,20355.762,27.287500000000005,25.2625,59.458333333333336,1.4708333333333332
1671,2012-07-29,0.0,20232.374,28.087499999999995,26.145833333333332,61.770833333333336,1.1583333333333332
1672,2012-07-30,0.0,18447.05325,26.837500000000002,24.6875,59.5,1.1208333333333333
1673,2012-07-31,0.0,19082.923990000003,26.870833333333337,24.758333333333336,57.708333333333336,1.375
1674,2012-08-01,0.0,16240.87076,27.070833333333336,24.9875,56.333333333333336,1.429166666666667
1675,2012-08-02,0.0,16264.01152,27.641666666666662,25.45,55.854166666666664,0.8666666666666667
1676,2012-08-03,0.0,18501.13714,27.354166666666668,25.183333333333334,53.1875,1.1625
1677,2012-08-04,0.0,17509.82852,27.245833333333337,25.254166666666666,54.645833333333336,1.2791666666666666
1678,2012-08-05,0.0,20539.88648,26.575,24.6875,55.083333333333336,1.4833333333333332
1679,2012-08-06,0.0,20874.939,27.116666666666664,25.079166666666666,59.020833333333336,0.7291666666666666
1680,2012-08-07,0.0,12458.07763,27.57916666666667,25.833333333333332,64.16666666666667,1.3458333333333332
1681,2012-08-08,0.0,16896.72334,28.75833333333333,27.020833333333332,60.708333333333336,1.4833333333333332
1682,2012-08-09,0.0,17299.71688,27.883333333333336,25.787499999999998,56.020833333333336,1.5291666666666666
1683,2012-08-10,0.0,14608.06221,27.34583333333333,25.399999999999995,55.395833333333336,1.3541666666666667
1684,2012-08-11,0.0,13264.99307,27.962500000000002,26.120833333333334,55.979166666666664,1.2458333333333333
1685,2012-08-12,0.0,18934.57932,27.933333333333326,25.954166666666666,57.583333333333336,1.6625000000000003
1686,2012-08-13,0.0,19053.466350000002,28.070833333333336,26.016666666666666,50.708333333333336,1.5250000000000001
1687,2012-08-14,0.0,18595.77552,28.712500000000002,26.475000000000005,48.9375,1.8541666666666667
1688,2012-08-15,0.0,18992.092,29.975000000000005,28.104166666666668,51.395833333333336,1.5875000000000001
1689,2012-08-16,0.0,21337.0,29.287500000000005,27.233333333333334,49.5,1.6791666666666665
1690,2012-08-17,0.0,15407.92825,27.983333333333334,25.837499999999995,48.958333333333336,1.5916666666666668
1691,2012-08-18,0.0,19075.62993,28.233333333333334,26.1875,52.604166666666664,1.3583333333333332
1692,2012-08-19,0.0,15736.51346,28.541666666666668,26.570833333333336,49.375,1.7958333333333334
1693,2012-08-20,0.0,20775.45502,28.400000000000002,26.295833333333334,44.958333333333336,1.3625
1694,2012-08-21,0.0,16330.957370000002,27.25,25.05,46.6875,1.5041666666666667
1695,2012-08-22,0.0,15224.89614,29.933333333333334,28.099999999999998,45.375,1.6499999999999997
1696,2012-08-23,0.0,11841.26695,29.3625,27.4875,47.520833333333336,1.6458333333333333
1697,2012-08-24,0.0,20771.649,28.84583333333333,26.774999999999995,45.895833333333336,1.7041666666666668
1698,2012-08-25,0.0,17392.343829999998,27.537499999999998,25.495833333333334,43.0,1.7291666666666667
1699,2012-08-26,0.0,13915.61893,27.879166666666674,26.016666666666666,50.416666666666664,1.5541666666666665
1700,2012-08-27,0.0,19495.203,28.8125,26.849999999999998,51.291666666666664,1.2750000000000001
1701,2012-08-28,0.0,15226.09306,28.53333333333333,26.725000000000005,55.166666666666664,1.25
1702,2012-08-29,0.0,9198.90533,28.395238095238092,26.876190476190477,61.57142857142857,1.1952380952380952
1703,2012-08-30,0.0,13216.06639,29.97083333333333,28.287500000000005,55.666666666666664,1.4208333333333334
1704,2012-08-31,0.0,13458.058,28.945833333333336,27.504166666666666,62.291666666666664,1.1708333333333334
1705,2012-09-01,0.0,14184.57942,29.47083333333333,27.870833333333334,56.770833333333336,1.5166666666666666
1706,2012-09-02,0.0,15186.293740000001,29.17083333333333,27.3125,55.666666666666664,0.9625
1707,2012-09-03,0.0,13164.635859999999,29.29583333333333,27.666666666666668,56.5,1.325
1708,2012-09-04,0.0,16701.31072,29.854166666666668,28.024999999999995,51.979166666666664,1.6375
1709,2012-09-05,0.0,19512.70509,29.55,27.90416666666667,48.0,2.125
1710,2012-09-06,0.0,20456.763,28.89166666666667,26.754166666666666,47.666666666666664,1.0208333333333333
1711,2012-09-07,0.0,14847.49839,29.333333333333332,27.704166666666666,48.645833333333336,1.5833333333333333
1712,2012-09-08,0.0,14751.72278,28.8875,26.979166666666668,51.166666666666664,1.1125
1713,2012-09-09,0.0,18478.32559,29.925,27.837500000000002,46.875,1.6500000000000001
1714,2012-09-10,0.0,20406.894,29.2625,27.320833333333336,50.270833333333336,0.9874999999999999
1715,2012-09-11,0.0,15326.661,30.183333333333337,28.458333333333332,53.020833333333336,1.4666666666666668
1716,2012-09-12,0.0,20936.311,31.00833333333333,29.254166666666666,47.875,1.9916666666666665
1717,2012-09-13,0.0,21206.051,30.15833333333333,28.329166666666666,47.291666666666664,1.0875000000000001
1718,2012-09-14,0.0,18642.685,30.525000000000002,28.774999999999995,52.145833333333336,1.2625000000000002
1719,2012-09-15,0.0,14814.59815,30.320833333333336,28.858333333333334,53.125,1.7291666666666667
1720,2012-09-16,0.0,14479.28693,29.450000000000003,27.479166666666668,53.020833333333336,1.3958333333333333
1721,2012-09-17,0.0,19149.963,30.679166666666664,28.899999999999995,47.041666666666664,1.6166666666666665
1722,2012-09-18,6.2,14245.62382,29.779166666666665,27.941666666666663,55.333333333333336,1.4749999999999999
1723,2012-09-19,0.0,18718.48224,29.441666666666663,27.958333333333332,63.1875,1.5416666666666667
1724,2012-09-20,0.0,18232.641259999997,30.22083333333333,28.84583333333333,53.541666666666664,1.6958333333333335
1725,2012-09-21,0.0,12917.421970000001,30.90833333333333,29.274999999999995,52.645833333333336,1.2125000000000001
1726,2012-09-22,0.0,18240.497,30.962499999999995,29.3875,51.958333333333336,1.7750000000000001
1727,2012-09-23,0.0,13628.50237,30.125,28.5625,57.166666666666664,1.4875
1728,2012-09-24,2.8,15772.21255,29.45,27.775000000000006,60.958333333333336,1.5625
1729,2012-09-25,0.0,18510.598509999996,29.645833333333332,28.024999999999995,58.625,1.4666666666666668
1730,2012-09-26,0.0,19823.72834,29.504166666666666,27.708333333333332,55.0625,0.8666666666666667
1731,2012-09-27,3.6,21962.694,29.791666666666668,27.712499999999995,57.770833333333336,1.3458333333333332
1732,2012-09-28,2.6,11594.91156,28.13333333333333,26.97083333333333,66.39583333333333,1.616666666666667
1733,2012-09-29,0.0,18575.93916,29.15416666666667,27.7625,58.9375,1.5666666666666667
1734,2012-09-30,0.0,13359.014570000001,29.1875,27.38333333333333,58.104166666666664,1.0583333333333333
1735,2012-10-01,0.0,20421.83873,30.045833333333334,28.224999999999998,54.354166666666664,1.2958333333333334
1736,2012-10-02,0.8,19544.138,29.787500000000005,28.28333333333333,58.145833333333336,1.3791666666666667
1737,2012-10-03,0.8,18399.30812,30.129166666666666,28.32083333333333,59.708333333333336,1.7333333333333334
1738,2012-10-04,31.0,22949.968,29.46666666666667,27.65416666666667,61.375,1.5916666666666668
1739,2012-10-05,0.0,18318.991,29.92916666666667,28.57916666666667,59.104166666666664,1.3291666666666666
1740,2012-10-06,0.0,15130.610550000001,30.412499999999998,28.95416666666667,58.729166666666664,1.508333333333333
1741,2012-10-07,0.0,21000.699780000003,30.662499999999998,29.141666666666666,53.833333333333336,1.6166666666666665
1742,2012-10-08,0.0,16767.06686,30.195833333333336,28.487499999999997,54.020833333333336,0.9583333333333334
1743,2012-10-09,0.0,21236.444,30.133333333333336,28.641666666666666,56.458333333333336,1.3958333333333333
1744,2012-10-10,32.199999999999996,1923.54701,25.9875,25.041666666666668,75.60416666666667,1.1458333333333333
1745,2012-10-11,1.6,9051.567,24.570833333333336,23.712500000000002,85.5625,1.375
1746,2012-10-12,0.0,15361.64176,27.52916666666667,26.4375,73.02083333333333,0.8916666666666666
1747,2012-10-13,0.0,22280.538,29.679166666666664,28.27916666666667,65.625,0.975
1748,2012-10-14,1.2,9720.452,28.354166666666668,27.379166666666663,72.25,1.2125000000000001
1749,2012-10-15,15.0,13946.920390000001,27.729166666666668,26.6875,76.125,1.1166666666666667
1750,2012-10-16,0.0,16470.51295,28.6875,27.45,71.20833333333333,1.0791666666666668
1751,2012-10-17,0.0,9811.698879999998,27.670833333333334,26.758333333333336,74.41666666666667,1.1333333333333333
1752,2012-10-18,0.0,13720.749399999999,27.67083333333333,26.504166666666666,75.52083333333333,0.9083333333333335
1753,2012-10-19,0.8,15273.08726,29.191666666666666,27.92916666666667,67.8125,0.8583333333333334
1754,2012-10-20,2.6,18000.15349,29.679166666666664,28.291666666666668,59.895833333333336,1.6791666666666665
1755,2012-10-21,0.0,21352.14092,29.2375,27.929166666666664,63.395833333333336,0.7999999999999999
1756,2012-10-22,0.0,16882.03739,29.191666666666663,27.900000000000002,61.166666666666664,1.1916666666666667
1757,2012-10-23,0.0,21040.784,29.929166666666664,28.729166666666668,60.041666666666664,1.1541666666666666
1758,2012-10-24,0.0,18227.2254,29.94583333333333,28.454166666666666,60.1875,1.0833333333333333
1759,2012-10-25,0.0,16707.969,29.625,28.337499999999995,62.75,1.3166666666666667
1760,2012-10-26,0.0,20321.93632,30.34166666666667,28.879166666666663,58.020833333333336,1.4416666666666664
1761,2012-10-27,0.0,13428.03856,27.554166666666664,26.183333333333337,70.33333333333333,1.6083333333333334
1762,2012-10-28,0.0,16273.78418,27.566666666666663,26.083333333333332,70.5625,0.7708333333333334
1763,2012-10-29,0.0,18350.844630000003,29.75,28.195833333333336,62.6875,1.4583333333333333
1764,2012-10-30,0.0,12889.131379999999,28.1125,26.90833333333333,68.66666666666667,1.2916666666666667
1765,2012-10-31,0.0,21310.708,30.212500000000002,28.79583333333333,61.583333333333336,0.9666666666666667
1766,2012-11-01,0.0,16052.10066,29.52916666666667,28.087499999999995,65.10416666666667,1.5250000000000001
1767,2012-11-02,11.6,20850.315240000004,28.849999999999998,27.229166666666668,66.33333333333333,1.1208333333333333
1768,2012-11-03,0.0,18693.756289999998,28.454166666666666,27.350000000000005,68.625,1.0958333333333332
1769,2012-11-04,0.0,17520.934699999998,29.520833333333332,28.229166666666668,61.0625,1.2666666666666668
1770,2012-11-05,0.0,21349.946,29.954166666666666,28.5125,59.479166666666664,0.9791666666666666
1771,2012-11-06,0.0,21194.08847,30.28333333333333,28.941666666666663,60.520833333333336,1.3291666666666668
1772,2012-11-07,6.4,19004.70584,28.929166666666664,27.425,66.75,1.4083333333333334
1773,2012-11-08,0.0,12793.567449999999,29.325,28.09166666666667,66.25,1.3166666666666667
1774,2012-11-09,3.5999999999999996,9985.39227,27.916666666666668,27.016666666666666,71.75,1.2833333333333334
1775,2012-11-10,22.4,4841.97401,25.15833333333333,24.599999999999998,86.8125,1.1624999999999999
1776,2012-11-11,12.799999999999999,3300.1169900000004,24.287499999999998,23.820833333333336,89.64583333333333,0.8708333333333335
1777,2012-11-12,0.0,13746.73089,26.704166666666666,25.866666666666664,78.4375,1.0333333333333332
1778,2012-11-13,0.2,10760.40967,28.05416666666667,27.0,76.5,0.8833333333333334
1779,2012-11-14,0.0,10696.05809,27.862499999999997,27.05,75.79166666666667,1.0750000000000002
1780,2012-11-15,1.4,14779.358,27.875,26.879166666666666,73.79166666666667,1.0333333333333332
1781,2012-11-16,0.0,17161.969,28.425,27.38333333333333,72.0,0.9
1782,2012-11-17,0.0,17198.80298,28.51666666666667,27.25,70.58333333333333,1.1583333333333334
1783,2012-11-18,14.400000000000002,13981.161789999998,26.195833333333336,25.116666666666664,79.27083333333333,0.9583333333333334
1784,2012-11-19,0.0,13279.7044,27.945833333333336,26.995833333333334,75.5625,0.7791666666666668
1785,2012-11-20,0.0,11853.88611,28.304166666666664,27.387500000000003,75.875,0.9166666666666666
1786,2012-11-21,0.0,18064.51615,28.625,27.725000000000005,71.85416666666667,1.4041666666666668
1787,2012-11-22,0.0,20852.27547,29.225000000000005,28.0625,68.75,0.9916666666666667
1788,2012-11-23,1.2,16345.894,28.7625,27.708333333333332,71.89583333333333,0.9291666666666667
1789,2012-11-24,19.599999999999998,14047.09145,28.025000000000002,26.787500000000005,77.83333333333333,1.0541666666666667
1790,2012-11-25,7.0,10246.50483,27.058333333333334,26.05,80.33333333333333,1.1333333333333333
1791,2012-11-26,29.599999999999998,23563.91448,27.212500000000002,25.875,78.77083333333333,1.4083333333333332
1792,2012-11-27,5.2,9838.72051,25.770833333333332,25.058333333333334,85.16666666666667,0.8875000000000001
1793,2012-11-28,0.0,18002.97102,27.974999999999998,27.033333333333335,75.27083333333333,0.9125
1794,2012-11-29,0.8,7785.18738,27.229166666666668,26.266666666666666,81.25,1.0416666666666667
1795,2012-11-30,8.799999999999999,5960.74957,25.5,24.854166666666668,85.9375,0.9791666666666666
1796,2012-12-01,15.200000000000001,17234.831,25.90833333333333,24.883333333333336,83.25,0.8541666666666666
1797,2012-12-02,8.0,13494.44577,27.037499999999998,26.041666666666668,79.83333333333333,0.8791666666666668
1798,2012-12-03,6.200000000000001,3390.478,25.224999999999998,24.641666666666666,86.25,1.3583333333333334
1799,2012-12-04,0.2,22052.495460000002,26.3125,25.254166666666666,77.5,1.0458333333333334
1800,2012-12-05,26.799999999999997,13981.934,25.754166666666666,24.866666666666664,83.95833333333333,0.9249999999999999
1801,2012-12-06,0.0,17983.791810000002,28.175,27.024999999999995,76.16666666666667,0.8375
1802,2012-12-07,1.4,9761.38559,27.770833333333332,26.691666666666666,79.4375,1.0666666666666667
1803,2012-12-08,99.80000000000001,12753.55358,25.358333333333334,24.508333333333336,85.25,1.5208333333333333
1804,2012-12-09,0.0,18494.535310000003,27.291666666666668,26.21666666666667,78.02083333333333,0.9083333333333333
1805,2012-12-10,0.0,18377.98721,27.737499999999997,26.65833333333333,74.60416666666667,0.9874999999999999
1806,2012-12-11,0.0,16300.773170000002,27.841666666666665,26.516666666666666,73.72916666666667,1.1583333333333334
1807,2012-12-12,26.4,15342.194660000001,26.879166666666674,25.89166666666667,80.9375,0.7666666666666666
1808,2012-12-13,0.0,20446.038,28.433333333333334,27.287499999999998,74.77083333333333,1.1458333333333333
1809,2012-12-14,0.0,17384.75063,27.90416666666667,26.675,73.77083333333333,0.5833333333333334
1810,2012-12-15,0.0,20067.53,28.625,27.39166666666667,76.64583333333333,0.7375000000000002
1811,2012-12-16,11.8,13479.163,26.920833333333334,25.491666666666664,78.1875,1.0541666666666667
1812,2012-12-17,1.4,14123.45197,26.741666666666664,25.54583333333333,78.41666666666667,1.1666666666666667
1813,2012-12-18,0.0,21007.69205,27.820833333333336,26.575,75.54166666666667,0.8666666666666666
1814,2012-12-19,0.0,24079.376,28.933333333333334,27.708333333333332,72.60416666666667,1.1708333333333334
1815,2012-12-20,1.0,11754.42894,27.870833333333334,26.424999999999997,76.77083333333333,1.3
1816,2012-12-21,1.0,17114.097240000003,26.916666666666668,25.645833333333332,77.89583333333333,0.7458333333333332
1817,2012-12-22,0.8,18798.45276,27.395833333333332,25.958333333333332,74.9375,1.1041666666666665
1818,2012-12-23,0.0,9303.60535,26.149999999999995,25.333333333333332,80.8125,0.8166666666666668
1819,2012-12-24,17.4,12981.54904,25.8,24.75833333333333,81.02083333333333,1.1375
1820,2012-12-25,0.2,14012.14526,26.395833333333332,25.166666666666668,80.60416666666667,0.7416666666666667
1821,2012-12-26,0.4,17459.55317,26.954166666666666,25.870833333333334,77.08333333333333,1.0875000000000001
1822,2012-12-27,0.0,17643.951,27.474999999999998,26.17083333333333,77.95833333333333,0.9041666666666668
1823,2012-12-28,0.0,14404.689900000001,27.762500000000003,26.666666666666668,76.625,1.1916666666666667
1824,2012-12-29,19.400000000000002,9950.06758,25.583333333333332,24.741666666666664,85.125,0.7208333333333333
1825,2012-12-30,2.8,15044.94336,26.575,25.1875,82.85416666666667,0.7250000000000001
1826,2012-12-31,1.8,13284.95773,27.375,26.04583333333333,78.875,0.6625
1827,2013-01-01,0.0,15136.08021,27.7625,26.295833333333338,73.91666666666667,1.0333333333333334
1828,2013-01-02,0.0,18003.04803,26.987499999999997,25.808333333333334,76.70833333333333,0.7999999999999999
1829,2013-01-03,4.2,16668.07058,26.3875,25.325,78.64583333333333,1.5541666666666665
1830,2013-01-04,0.6000000000000001,19596.188240000003,27.25833333333333,26.129166666666666,74.27083333333333,1.1708333333333334
1831,2013-01-05,0.4,16721.06432,27.8,26.34166666666667,75.0,1.2458333333333333
1832,2013-01-06,0.0,24376.628,27.837499999999995,26.625,74.20833333333333,1.2583333333333335
1833,2013-01-07,18.2,16901.62237,26.754166666666663,25.212500000000002,80.72916666666667,0.9458333333333333
1834,2013-01-08,0.0,16143.831320000001,28.0625,26.804166666666664,78.25,0.8541666666666666
1835,2013-01-09,0.4,12994.15352,28.037499999999998,26.7375,78.39583333333333,0.8291666666666666
1836,2013-01-10,12.399999999999999,15001.946,27.104166666666668,25.95,82.0,0.9125
1837,2013-01-11,4.2,12428.12494,26.34583333333333,25.40833333333333,84.04166666666667,1.3541666666666667
1838,2013-01-12,44.4,6833.156109999999,25.566666666666666,24.7625,86.66666666666667,0.8500000000000001
1839,2013-01-13,0.0,23092.801,27.045833333333334,25.833333333333332,75.85416666666667,1.2041666666666668
1840,2013-01-14,5.8,12397.00247,26.383333333333336,25.141666666666666,85.35416666666667,0.9041666666666667
1841,2013-01-15,19.2,2466.26752,23.575,23.316666666666663,92.0,1.1875
1842,2013-01-16,0.2,19694.417,25.64166666666667,24.620833333333334,81.3125,0.7958333333333334
1843,2013-01-17,0.0,15338.823550000001,27.754166666666666,26.537499999999998,77.97916666666667,0.5583333333333333
1844,2013-01-18,0.4,10082.608,26.645833333333332,25.879166666666666,82.5,1.0166666666666666
1845,2013-01-19,3.0,17345.115,27.208333333333332,25.86666666666667,81.60416666666667,1.3583333333333334
1846,2013-01-20,31.0,11975.19161,26.6875,25.59583333333333,80.22916666666667,1.175
1847,2013-01-21,0.0,17980.77,27.925,26.96666666666667,78.72916666666667,0.7875000000000001
1848,2013-01-22,10.199999999999998,13568.95633,26.94583333333333,25.89166666666667,83.64583333333333,0.875
1849,2013-01-23,9.6,10213.358,26.479166666666668,25.520833333333332,87.16666666666667,0.9499999999999998
1850,2013-01-24,20.6,2872.93483,24.3125,23.90416666666667,91.0625,0.7541666666666665
1851,2013-01-25,4.4,9257.8158,25.89166666666667,24.870833333333334,86.9375,0.9291666666666667
1852,2013-01-26,27.599999999999998,16218.295719999998,26.883333333333336,25.454166666666666,82.97916666666667,1.0
1853,2013-01-27,3.0,16978.45905,28.129166666666666,26.950000000000003,81.3125,0.8625000000000002
1854,2013-01-28,13.8,15615.45318,27.316666666666663,26.275000000000002,84.97916666666667,1.1833333333333333
1855,2013-01-29,0.2,10203.634960000001,26.620833333333337,25.925,83.79166666666667,0.6333333333333333
1856,2013-01-30,0.0,13526.81391,27.808333333333334,26.875,81.9375,0.9458333333333334
1857,2013-01-31,11.8,12489.04967,26.25833333333333,25.183333333333337,83.3125,0.9541666666666666
1858,2013-02-01,19.0,10474.71025,26.083333333333332,24.9875,84.8125,0.8083333333333332
1859,2013-02-02,22.200000000000003,10303.76693,25.720833333333335,24.59583333333333,86.75,0.8875000000000001
1860,2013-02-03,18.8,14124.849809999998,26.575,24.82916666666667,82.5625,0.8041666666666666
1861,2013-02-04,0.0,20085.19807,27.979166666666668,26.799999999999997,78.70833333333333,0.7166666666666668
1862,2013-02-05,1.6,8223.919390000001,26.241666666666664,25.520833333333332,83.6875,0.8083333333333332
1863,2013-02-06,1.6,14063.02204,25.995833333333334,24.758333333333336,83.6875,1.2208333333333334
1864,2013-02-07,14.2,12967.885849999999,25.90416666666667,24.90416666666667,84.41666666666667,0.9583333333333334
1865,2013-02-08,13.0,18979.487,25.95416666666667,24.879166666666666,82.9375,1.0791666666666666
1866,2013-02-09,0.0,12629.075,26.10833333333333,25.433333333333337,83.5625,0.725
1867,2013-02-10,11.799999999999999,21395.167289999998,27.433333333333337,26.27916666666667,80.75,1.1708333333333334
1868,2013-02-11,41.0,11772.85,25.866666666666664,24.44583333333333,86.33333333333333,0.9
1869,2013-02-12,0.2,21039.64873,26.620833333333337,25.554166666666664,81.08333333333333,0.65
1870,2013-02-13,22.4,12824.45688,25.4875,24.254166666666666,85.1875,0.7083333333333334
1871,2013-02-14,0.0,16107.98275,25.98333333333333,24.945833333333336,79.85416666666667,1.0916666666666666
1872,2013-02-15,0.0,23393.323,27.4375,26.1375,77.64583333333333,0.7875
1873,2013-02-16,0.0,16389.768239999998,27.162499999999998,26.104166666666668,78.27083333333333,0.6708333333333334
1874,2013-02-17,22.4,12831.07453,26.570833333333336,25.337500000000006,77.625,1.1416666666666666
1875,2013-02-18,0.4,22733.879,26.849999999999998,25.55,75.625,1.0416666666666667
1876,2013-02-19,4.4,13431.339,26.129166666666666,24.974999999999998,83.1875,0.6125
1877,2013-02-20,3.0,11378.37701,25.645833333333332,24.599999999999998,85.35416666666667,0.625
1878,2013-02-21,0.0,17691.591210000002,27.608333333333334,26.60833333333333,76.8125,1.2208333333333334
1879,2013-02-22,0.0,19195.25139,28.420833333333334,26.987499999999997,74.72916666666667,0.7833333333333333
1880,2013-02-23,0.0,24763.672,28.97083333333333,27.395833333333332,73.9375,1.0208333333333333
1881,2013-02-24,0.2,19255.935,27.962500000000002,26.3875,77.0,0.8166666666666665
1882,2013-02-25,3.8,11703.06792,26.720833333333335,25.3625,79.6875,0.6625
1883,2013-02-26,0.0,15440.18222,28.054166666666664,26.629166666666666,75.89583333333333,0.8000000000000002
1884,2013-02-27,8.2,13040.00657,27.495833333333334,26.066666666666663,81.29166666666667,1.1666666666666667
1885,2013-02-28,0.6000000000000001,15172.124629999998,27.73333333333333,26.375,80.64583333333333,0.7833333333333333
1886,2013-03-01,0.2,19366.383,28.433333333333337,27.120833333333337,76.77083333333333,0.9166666666666666
1887,2013-03-02,0.0,18079.723,28.57916666666667,27.0625,76.375,0.5541666666666667
1888,2013-03-03,0.2,13440.562,26.95,25.76666666666667,80.66666666666667,0.9
1889,2013-03-04,0.0,18679.702189999996,27.833333333333332,26.479166666666668,75.9375,0.55
1890,2013-03-05,0.0,15082.115629999998,28.45,26.912499999999998,77.0,0.8416666666666668
1891,2013-03-06,0.2,15876.37642,28.2375,26.833333333333332,75.9375,1.3333333333333333
1892,2013-03-07,0.0,17454.366,27.416666666666668,26.295833333333334,74.95833333333333,1.1875
1893,2013-03-08,0.6,16540.696,28.0125,26.6375,78.39583333333333,0.5541666666666666
1894,2013-03-09,0.0,15383.64232,28.72083333333333,27.34583333333333,75.52083333333333,0.6999999999999998
1895,2013-03-10,0.2,16083.85583,28.6875,27.1125,72.91666666666667,0.9416666666666668
1896,2013-03-11,19.2,16863.00963,28.575000000000003,26.95,76.3125,1.0708333333333335
1897,2013-03-12,32.800000000000004,18777.939,27.104166666666668,25.558333333333334,81.64583333333333,0.85
1898,2013-03-13,0.2,15303.75934,27.40416666666667,26.34583333333333,82.27083333333333,0.8500000000000001
1899,2013-03-14,0.0,20261.751,29.045833333333334,27.666666666666668,75.875,0.6875
1900,2013-03-15,0.0,15584.539190000001,28.82916666666667,27.5625,77.52083333333333,0.9166666666666666
1901,2013-03-16,1.2000000000000002,16438.181,28.15833333333333,26.77916666666667,79.35416666666667,1.1333333333333335
1902,2013-03-17,17.0,16515.540719999997,27.004166666666663,25.75,80.70833333333333,0.8625000000000002
1903,2013-03-18,3.8,13353.857,26.254166666666666,25.079166666666666,86.29166666666667,0.875
1904,2013-03-19,76.6,11647.73577,25.304166666666664,24.274999999999995,87.95833333333333,1.5375000000000003
1905,2013-03-20,18.2,16436.99187,26.041666666666668,25.09166666666667,82.39583333333333,0.5041666666666667
1906,2013-03-21,0.6000000000000001,14246.23952,26.995833333333337,25.895833333333332,83.16666666666667,0.6749999999999999
1907,2013-03-22,0.2,15735.43768,27.679166666666664,26.587500000000002,77.1875,1.4124999999999999
1908,2013-03-23,0.4,19404.961649999997,27.583333333333332,25.945833333333336,78.79166666666667,0.8624999999999999
1909,2013-03-24,4.6000000000000005,13950.324219999999,26.7375,25.745833333333334,83.72916666666667,0.85
1910,2013-03-25,2.4000000000000004,8460.43004,25.091666666666665,24.370833333333334,87.0,1.2750000000000001
1911,2013-03-26,2.0,18862.71123,26.816666666666666,25.75,77.625,1.0541666666666665
1912,2013-03-27,1.2000000000000002,18486.87487,28.404761904761905,27.02857142857143,75.95238095238095,0.8809523809523809
1913,2013-03-28,0.4,13206.16,31.38888888888889,29.5,64.5,1.5333333333333334
1914,2013-03-29,1.0,16279.93688,26.53333333333333,25.337499999999995,84.8125,0.575
1915,2013-03-30,19.4,15240.54011,25.61304347826087,24.730434782608693,83.82608695652173,0.8166666666666668
1916,2013-03-31,15.600000000000001,18505.14916,26.354166666666668,25.370833333333334,82.47916666666667,0.5166666666666666
1917,2013-04-01,3.0,18806.135,27.78333333333333,26.474999999999998,78.5625,0.6041666666666666
1918,2013-04-02,4.8,17712.628,27.537499999999998,26.008333333333336,80.64583333333333,0.8416666666666668
1919,2013-04-03,3.2,15272.55524,27.325000000000003,25.995833333333334,81.0,0.5375
1920,2013-04-04,5.800000000000001,20834.981,27.570833333333336,26.266666666666666,81.20833333333333,1.0208333333333333
1921,2013-04-05,4.2,15681.565,27.458333333333332,26.17083333333333,82.5625,0.9666666666666668
1922,2013-04-06,1.0,18999.346490000004,27.604166666666668,26.337500000000002,78.77083333333333,0.6916666666666668
1923,2013-04-07,0.2,15940.49431,27.07916666666667,26.1125,82.52083333333333,0.3333333333333333
1924,2013-04-08,4.8,15573.0378,27.395833333333332,26.0625,83.41666666666667,0.5541666666666666
1925,2013-04-09,0.0,17640.06961,28.350000000000005,27.179166666666664,78.54166666666667,0.775
1926,2013-04-10,30.4,13863.141800000001,27.808333333333337,26.558333333333337,80.60416666666667,0.9249999999999999
1927,2013-04-11,3.2,15947.826,27.01666666666667,25.900000000000002,82.04166666666667,0.7333333333333334
1928,2013-04-12,4.6000000000000005,21672.44172,27.729166666666668,26.579166666666666,78.70833333333333,1.0875000000000001
1929,2013-04-13,3.4,13723.536890000001,28.054166666666664,26.370833333333334,81.375,0.5916666666666667
1930,2013-04-14,0.0,10626.164859999999,28.224999999999998,26.95,77.5,0.8208333333333333
1931,2013-04-15,12.6,12130.61749,28.070833333333336,26.52916666666667,80.8125,0.5708333333333333
1932,2013-04-16,0.8,14672.558,27.72083333333333,26.508333333333336,82.04166666666667,0.7791666666666667
1933,2013-04-17,3.6,16209.557,27.287500000000005,25.875,82.58333333333333,0.7916666666666666
1934,2013-04-18,22.800000000000004,16725.34,26.116666666666664,24.92083333333333,83.35416666666667,0.9333333333333332
1935,2013-04-19,8.6,8637.82093,25.858333333333334,25.0,85.60416666666667,0.7833333333333333
1936,2013-04-20,19.6,16227.44,26.275000000000002,25.120833333333337,85.6875,0.8958333333333334
1937,2013-04-21,1.0,10714.48432,26.558333333333337,25.712499999999995,84.375,0.5166666666666667
1938,2013-04-22,19.6,9840.41655,25.854166666666668,24.849999999999998,86.89583333333333,0.6416666666666667
1939,2013-04-23,0.2,12000.69156,26.208333333333332,25.233333333333334,83.33333333333333,0.7666666666666667
1940,2013-04-24,0.0,17476.722690000002,27.95,26.8875,76.72916666666667,1.2041666666666666
1941,2013-04-25,0.0,17315.40048,28.099999999999998,26.783333333333335,76.125,1.0541666666666667
1942,2013-04-26,0.8,12351.56877,27.354166666666668,26.254166666666663,80.70833333333333,1.2499999999999998
1943,2013-04-27,0.0,15772.606,27.287499999999998,26.400000000000002,81.08333333333333,0.8708333333333332
1944,2013-04-28,0.6,19062.83403,27.841666666666665,26.162499999999998,80.85416666666667,0.6583333333333333
1945,2013-04-29,1.6,15892.044549999999,27.641666666666666,26.141666666666666,79.85416666666667,0.8291666666666666
1946,2013-04-30,0.2,13064.419370000001,27.737499999999997,26.466666666666665,79.77083333333333,0.6291666666666667
1947,2013-05-01,9.200000000000001,13592.95817,26.816666666666666,25.433333333333337,84.0,0.7083333333333334
1948,2013-05-02,0.0,12365.867890000001,26.675,25.391666666666666,82.4375,0.8041666666666667
1949,2013-05-03,0.0,17642.008,26.8125,25.766666666666666,82.20833333333333,0.6791666666666667
1950,2013-05-04,0.0,14038.935300000001,27.837500000000002,26.59166666666667,78.52083333333333,0.6708333333333334
1951,2013-05-05,0.0,14465.97017,27.879166666666666,26.604166666666668,78.35416666666667,0.8083333333333332
1952,2013-05-06,0.0,20567.002,28.03333333333333,26.84583333333333,76.3125,0.7458333333333332
1953,2013-05-07,0.0,18827.641,28.525000000000002,27.041666666666668,75.5,0.9166666666666666
1954,2013-05-08,9.8,13241.51555,27.179166666666664,25.941666666666663,80.3125,1.075
1955,2013-05-09,0.2,12708.80106,27.370833333333337,26.25,80.25,0.75
1956,2013-05-10,44.2,11731.78,24.5625,23.458333333333332,87.625,0.9083333333333333
1957,2013-05-11,0.0,17531.135,26.60833333333333,25.616666666666664,79.95833333333333,1.1500000000000001
1958,2013-05-12,0.0,20718.739,27.46666666666667,26.27916666666667,75.125,1.0583333333333333
1959,2013-05-13,0.0,20954.285,27.77916666666667,26.46666666666667,74.35416666666667,1.1333333333333333
1960,2013-05-14,0.0,19223.48547,27.945833333333336,26.48333333333333,73.0,0.8708333333333332
1961,2013-05-15,0.0,18851.177,27.412500000000005,26.0,75.0625,0.9375
1962,2013-05-16,0.0,21017.415,28.241666666666664,26.98333333333333,72.8125,1.2333333333333334
1963,2013-05-17,0.0,22052.78,28.979166666666668,27.65416666666667,70.10416666666667,1.2583333333333333
1964,2013-05-18,0.0,16352.41255,28.84166666666667,27.320833333333336,72.52083333333333,0.9833333333333333
1965,2013-05-19,1.2,11453.064900000001,26.537500000000005,25.3875,82.875,0.8166666666666668
1966,2013-05-20,8.6,14503.944,27.100000000000005,25.6125,80.25,0.6625
1967,2013-05-21,0.0,14257.546129999999,27.858333333333334,26.65416666666667,75.875,1.1416666666666668
1968,2013-05-22,0.0,14401.82524,27.770833333333332,26.358333333333338,75.25,0.875
1969,2013-05-23,0.0,15143.87902,27.254166666666663,25.916666666666668,78.0625,0.7625000000000001
1970,2013-05-24,0.0,13730.13076,27.266666666666666,26.02916666666667,80.0625,0.65
1971,2013-05-25,0.2,10734.48962,26.808333333333334,25.620833333333337,78.58333333333333,0.725
1972,2013-05-26,5.8,11486.634,25.712500000000002,24.537499999999998,84.89583333333333,0.6958333333333333
1973,2013-05-27,0.0,14111.14296,26.633333333333336,25.5625,79.875,0.7375000000000002
1974,2013-05-28,0.0,19469.56,27.6125,26.15833333333333,74.5625,0.9541666666666667
1975,2013-05-29,0.0,13036.25121,27.48333333333333,25.8625,75.54166666666667,0.8833333333333334
1976,2013-05-30,0.0,21095.368,27.875,26.429166666666664,74.97916666666667,0.7666666666666667
1977,2013-05-31,0.0,19265.75105,27.75,26.245833333333337,75.22916666666667,0.9125
1978,2013-06-01,3.2,9411.17216,26.162500000000005,24.52916666666667,82.02083333333333,0.7416666666666667
1979,2013-06-02,0.0,20766.46827,27.208333333333332,25.854166666666668,76.125,0.7916666666666666
1980,2013-06-03,0.0,17587.09431,27.9375,26.337499999999995,72.10416666666667,0.75
1981,2013-06-04,0.0,13304.08598,26.912499999999998,25.558333333333334,76.10416666666667,0.5583333333333333
1982,2013-06-05,0.2,13441.074,26.941666666666663,25.520833333333332,78.375,1.008333333333333
1983,2013-06-06,2.0,9734.727,24.95416666666667,23.895833333333332,86.95833333333333,0.6375000000000001
1984,2013-06-07,1.8,13848.290219999999,26.383333333333336,24.991666666666664,81.35416666666667,0.5875
1985,2013-06-08,0.0,12835.292870000001,26.920833333333334,25.395833333333332,77.35416666666667,0.6666666666666666
1986,2013-06-09,0.0,20415.04616,27.42083333333333,26.066666666666666,69.89583333333333,1.3166666666666667
1987,2013-06-10,0.0,16403.02519,27.537499999999998,26.03333333333333,69.6875,1.1416666666666668
1988,2013-06-11,0.0,11379.23534,26.9875,25.566666666666666,72.3125,1.2375
1989,2013-06-12,0.0,16167.62475,28.316666666666666,27.020833333333332,70.25,1.4458333333333335
1990,2013-06-13,0.0,20057.634,27.983333333333334,26.516666666666666,68.02083333333333,1.4750000000000003
1991,2013-06-14,0.0,13935.04456,27.129166666666666,25.720833333333335,74.85416666666667,0.9916666666666666
1992,2013-06-15,0.0,17220.653469999997,28.0,26.662499999999998,72.77083333333333,1.2333333333333334
1993,2013-06-16,0.0,11341.296789999999,27.712500000000002,26.383333333333336,74.72916666666667,0.8791666666666668
1994,2013-06-17,0.0,13543.4755,27.433333333333334,26.025000000000002,74.91666666666667,1.0
1995,2013-06-18,4.2,13458.906,26.42083333333333,24.679166666666664,80.02083333333333,0.6333333333333333
1996,2013-06-19,0.0,14674.519629999999,26.741666666666664,25.51666666666667,79.1875,0.625
1997,2013-06-20,0.0,17469.23974,27.60833333333333,26.25,75.04166666666667,1.0458333333333334
1998,2013-06-21,0.0,15856.60959,27.354166666666668,25.879166666666663,73.41666666666667,0.8791666666666668
1999,2013-06-22,0.0,13097.525149999998,26.708333333333332,25.295833333333334,75.5625,0.6791666666666667
2000,2013-06-23,0.0,17654.351,27.85833333333333,26.34166666666667,72.375,1.1791666666666667
2001,2013-06-24,0.0,14137.60603,28.054166666666664,26.591666666666665,69.5625,1.425
2002,2013-06-25,0.0,13675.456,26.24090909090909,24.654545454545453,74.6590909090909,0.8227272727272728
2003,2013-06-26,0.0,15949.93044,27.287499999999998,25.795833333333334,69.47916666666667,0.9583333333333334
2004,2013-06-27,0.0,20525.269439999996,27.991666666666664,26.383333333333336,66.4375,1.1208333333333333
2005,2013-06-28,0.0,15873.8275,27.03333333333333,25.441666666666663,70.95833333333333,0.775
2006,2013-06-29,0.2,12049.7515,27.925,26.679166666666664,73.14583333333333,0.9166666666666666
2007,2013-06-30,0.0,13185.2011,27.266666666666666,25.9375,70.22916666666667,1.0166666666666666
2008,2013-07-01,3.6,14809.411979999999,27.745833333333337,26.03333333333333,73.64583333333333,1.2666666666666668
2009,2013-07-02,0.0,8838.330960000001,27.350000000000005,26.037500000000005,72.91666666666667,1.0833333333333333
2010,2013-07-03,0.0,13122.70248,26.566666666666666,25.29583333333333,76.27083333333333,1.0625
2011,2013-07-04,0.0,12268.78659,27.32916666666667,25.975000000000005,68.9375,1.425
2012,2013-07-05,0.0,17188.077980000002,28.054166666666664,26.5625,64.16666666666667,1.375
2013,2013-07-06,0.0,16753.505699999998,27.0,25.45416666666667,66.41666666666667,1.3208333333333333
2014,2013-07-07,0.0,16614.17979,27.087500000000002,25.46666666666667,66.60416666666667,0.7666666666666666
2015,2013-07-08,0.0,17813.656320000002,27.604166666666668,25.90833333333333,64.08333333333333,1.1875
2016,2013-07-09,0.0,18060.91811,27.21666666666667,25.787499999999998,68.20833333333333,1.4458333333333335
2017,2013-07-10,0.0,16342.22085,28.212500000000002,26.545833333333338,66.14583333333333,1.0125
2018,2013-07-11,0.0,18107.01015,28.241666666666664,26.712499999999995,61.833333333333336,1.3625
2019,2013-07-12,0.0,18585.76815,27.80416666666667,26.112499999999997,58.166666666666664,1.3833333333333335
2020,2013-07-13,0.0,13917.38242,27.974999999999998,26.3875,62.458333333333336,1.2083333333333333
2021,2013-07-14,0.0,12747.520739999998,26.962499999999995,25.545833333333334,69.04166666666667,0.8166666666666665
2022,2013-07-15,0.0,14266.451289999999,28.20416666666667,26.65416666666667,65.79166666666667,1.1541666666666668
2023,2013-07-16,0.0,15813.944370000001,28.129166666666666,26.57916666666667,64.33333333333333,1.4875
2024,2013-07-17,0.0,15951.68634,27.741666666666664,26.133333333333336,63.979166666666664,1.125
2025,2013-07-18,0.0,14756.52383,27.212500000000002,25.483333333333334,65.47916666666667,1.1458333333333333
2026,2013-07-19,0.0,15809.472890000001,27.05652173913043,25.256521739130438,64.6304347826087,1.1521739130434783
2027,2013-07-20,0.0,11868.18771,28.650000000000002,27.1875,64.97916666666667,1.6208333333333333
2028,2013-07-21,0.0,11194.645,26.616666666666664,25.15416666666667,73.02083333333333,0.8041666666666666
2029,2013-07-22,0.0,13608.02407,27.320833333333336,25.787499999999998,70.39583333333333,1.0375
2030,2013-07-23,11.0,15642.692,27.291666666666668,25.6875,76.27083333333333,0.8000000000000002
2031,2013-07-24,2.0,13963.961620000002,26.849999999999998,25.041666666666668,78.91666666666667,0.6875
2032,2013-07-25,0.2,15169.744,26.791666666666668,25.55,75.875,0.6291666666666667
2033,2013-07-26,0.0,15737.744,27.77916666666667,26.17916666666667,71.72916666666667,0.75
2034,2013-07-27,2.0,18068.74439,27.44583333333333,25.841666666666665,73.4375,0.9916666666666666
2035,2013-07-28,6.4,17570.452,27.71666666666667,26.09166666666667,74.97916666666667,0.5916666666666668
2036,2013-07-29,0.0,14100.04682,28.274999999999995,26.92083333333333,67.91666666666667,0.9791666666666666
2037,2013-07-30,0.2,18444.47295,27.100000000000005,25.495833333333337,67.20833333333333,1.3416666666666668
2038,2013-07-31,0.0,17175.85463,27.770833333333332,26.120833333333334,63.770833333333336,1.0541666666666667
2039,2013-08-01,0.0,18981.20049,27.341666666666665,25.520833333333332,65.54166666666667,0.9874999999999999
2040,2013-08-02,0.0,20816.989439999998,27.729166666666668,25.920833333333334,60.0625,0.8875000000000001
2041,2013-08-03,0.0,16178.03109,26.6875,24.791666666666668,61.229166666666664,0.8291666666666666
2042,2013-08-04,0.0,18776.709179999998,27.400000000000002,25.620833333333337,60.416666666666664,0.7083333333333334
2043,2013-08-05,0.0,21426.423,27.916666666666668,25.933333333333334,61.979166666666664,0.8375
2044,2013-08-06,0.0,14411.4062,27.487499999999997,25.85833333333333,66.125,0.8541666666666666
2045,2013-08-07,0.0,19159.879,27.733333333333334,25.941666666666663,65.8125,1.0791666666666666
2046,2013-08-08,0.0,14849.0942,27.358333333333334,25.741666666666664,65.6875,0.6958333333333333
2047,2013-08-09,0.0,17775.411439999996,27.570833333333336,25.675,61.270833333333336,1.0708333333333335
2048,2013-08-10,0.0,16000.634,27.8625,26.0,61.229166666666664,0.5833333333333334
2049,2013-08-11,0.0,20846.005100000002,27.754166666666663,26.02916666666667,64.47916666666667,0.7875
2050,2013-08-12,0.0,11677.63412,27.683333333333337,26.1125,68.875,0.4708333333333334
2051,2013-08-13,0.0,12939.915,27.6375,26.079166666666666,70.5,0.4375
2052,2013-08-14,0.0,17734.38539,28.333333333333332,26.71666666666667,66.4375,0.9500000000000001
2053,2013-08-15,0.0,12812.38511,28.26666666666667,26.412499999999998,65.875,0.7791666666666668
2054,2013-08-16,0.0,10125.85967,28.65416666666667,27.108333333333334,67.91666666666667,0.8000000000000002
2055,2013-08-17,0.4,18614.75032,29.84166666666667,28.120833333333334,62.125,1.2874999999999999
2056,2013-08-18,0.0,16259.09391,28.583333333333332,26.94583333333333,61.791666666666664,1.0666666666666667
2057,2013-08-19,0.0,9520.798469999998,28.666666666666668,27.01666666666667,61.979166666666664,1.2625
2058,2013-08-20,0.0,12955.333879999998,27.704166666666666,25.854166666666668,63.729166666666664,0.6791666666666666
2059,2013-08-21,0.0,13045.54832,28.17083333333333,26.379166666666663,63.083333333333336,0.5333333333333333
2060,2013-08-22,0.0,13209.78407,29.925,28.224999999999998,56.458333333333336,1.2750000000000001
2061,2013-08-23,0.0,17929.75422,30.3,28.65833333333333,55.333333333333336,1.2416666666666667
2062,2013-08-24,0.0,16647.45813,29.57916666666667,27.525000000000002,55.208333333333336,0.9916666666666666
2063,2013-08-25,0.0,17326.53323,29.20416666666667,27.270833333333332,57.645833333333336,1.0166666666666666
2064,2013-08-26,0.0,17622.52986,29.383333333333336,27.599999999999998,58.604166666666664,0.9041666666666667
2065,2013-08-27,0.0,18116.85875,29.208333333333332,27.245833333333334,61.479166666666664,0.7583333333333334
2066,2013-08-28,0.0,13990.719050000002,28.5,26.875,65.6875,0.7125
2067,2013-08-29,0.0,16678.098,29.962500000000002,28.554166666666664,60.625,1.4958333333333333
2068,2013-08-30,0.0,11938.32932,29.78333333333333,28.004166666666663,56.854166666666664,1.1458333333333333
2069,2013-08-31,0.0,17548.97543,29.770833333333332,27.991666666666664,53.645833333333336,1.3333333333333333
2070,2013-09-01,0.0,15864.79693,29.96666666666667,27.912499999999998,53.375,1.1041666666666667
2071,2013-09-02,0.0,15800.11817,29.695833333333336,28.0125,57.645833333333336,1.7125000000000001
2072,2013-09-03,0.0,15256.74897,29.670833333333334,28.354166666666668,57.125,1.5041666666666667
2073,2013-09-04,0.0,10242.530040000001,30.025000000000002,28.354166666666668,58.916666666666664,1.325
2074,2013-09-05,0.0,13754.448,29.287500000000005,27.795833333333334,61.520833333333336,1.2166666666666666
2075,2013-09-06,9.600000000000001,13002.13876,27.816666666666666,26.129166666666666,72.66666666666667,1.25
2076,2013-09-07,3.2,19869.848,27.979166666666668,26.65833333333333,72.8125,1.4333333333333336
2077,2013-09-08,38.0,9401.72057,27.150000000000002,25.770833333333332,76.52083333333333,1.3916666666666666
2078,2013-09-09,0.0,10442.362439999999,28.649999999999995,27.4375,68.97916666666667,1.1083333333333334
2079,2013-09-10,0.0,24058.39167,29.879166666666663,28.316666666666663,60.4375,0.9583333333333334
2080,2013-09-11,0.0,21345.786,28.625,26.929166666666664,62.354166666666664,1.0041666666666667
2081,2013-09-12,0.0,17792.436850000002,28.429166666666664,26.837500000000002,62.354166666666664,0.9249999999999999
2082,2013-09-13,0.0,16496.5971,28.49166666666667,26.96666666666667,60.1875,1.45
2083,2013-09-14,0.0,15428.8738,29.15416666666667,27.320833333333336,57.645833333333336,1.4124999999999999
2084,2013-09-15,0.0,15679.44773,29.995833333333334,28.1875,58.0625,1.2666666666666666
2085,2013-09-16,0.0,14425.47951,29.5625,27.849999999999998,62.270833333333336,0.9166666666666666
2086,2013-09-17,0.0,22341.413,30.34166666666667,28.816666666666663,59.6875,1.741666666666667
2087,2013-09-18,0.0,20217.451,30.270833333333332,28.616666666666664,57.229166666666664,1.2333333333333334
2088,2013-09-19,0.0,17866.00167,30.495833333333334,28.941666666666666,57.083333333333336,1.3875
2089,2013-09-20,0.0,17522.75145,30.462500000000002,28.8,54.729166666666664,1.5291666666666668
2090,2013-09-21,0.0,17348.867080000004,30.21666666666667,28.475000000000005,57.270833333333336,1.3208333333333335
2091,2013-09-22,0.0,14675.60861,30.004166666666666,28.54583333333333,55.666666666666664,1.2874999999999999
2092,2013-09-23,0.0,16650.14635,30.23333333333333,28.587499999999995,58.5,1.1666666666666667
2093,2013-09-24,0.0,20059.922140000002,30.65833333333333,28.975000000000005,55.3125,1.5583333333333336
2094,2013-09-25,0.0,14690.892679999999,29.729166666666668,28.295833333333334,57.770833333333336,1.1458333333333333
2095,2013-09-26,0.0,16262.89832,29.349999999999998,27.708333333333332,63.520833333333336,0.9708333333333332
2096,2013-09-27,0.0,18461.466,29.770833333333332,28.041666666666668,62.208333333333336,1.2541666666666667
2097,2013-09-28,0.0,17780.897,29.462500000000002,27.854166666666668,63.583333333333336,0.975
2098,2013-09-29,0.0,16507.69434,30.212500000000002,28.520833333333332,59.0,1.1166666666666667
2099,2013-09-30,0.0,16937.33771,30.84583333333333,29.041666666666668,56.583333333333336,1.4333333333333333
2100,2013-10-01,0.0,11999.82547,30.26666666666667,28.741666666666664,56.666666666666664,1.6541666666666668
2101,2013-10-02,0.0,15445.33631,30.0125,28.170833333333334,57.270833333333336,1.1458333333333333
2102,2013-10-03,0.0,16524.38968,30.625,28.991666666666664,53.395833333333336,1.5791666666666668
2103,2013-10-04,0.0,16463.97201,30.912499999999998,29.091666666666665,51.208333333333336,1.5
2104,2013-10-05,0.0,21058.7327,30.958333333333332,29.2,52.854166666666664,1.5125000000000002
2105,2013-10-06,0.0,13801.336,30.183333333333334,28.558333333333334,55.604166666666664,1.4541666666666666
2106,2013-10-07,1.2,9823.09384,27.595833333333335,26.175,71.52083333333333,1.3166666666666664
2107,2013-10-08,0.2,17184.7,27.754166666666666,26.358333333333334,73.66666666666667,0.775
2108,2013-10-09,0.0,15611.914,28.270833333333332,26.795833333333334,65.79166666666667,1.0333333333333332
2109,2013-10-10,0.0,10782.487009999999,28.858333333333334,27.15416666666667,63.520833333333336,0.9333333333333332
2110,2013-10-11,0.0,19866.076,29.524999999999995,27.791666666666668,60.666666666666664,1.4166666666666667
2111,2013-10-12,0.0,18237.619730000002,30.233333333333334,28.325,56.270833333333336,1.4541666666666666
2112,2013-10-13,0.0,15861.36567,30.412499999999998,28.72083333333333,52.479166666666664,2.0541666666666667
2113,2013-10-14,0.0,22668.662,31.304166666666664,29.270833333333332,47.1875,2.1125000000000003
2114,2013-10-15,0.0,17728.37027,31.075,29.208333333333332,49.3125,1.4916666666666665
2115,2013-10-16,0.0,20533.82,30.6375,28.75,52.791666666666664,1.241666666666667
2116,2013-10-17,24.799999999999997,10308.72083,28.3625,26.73333333333333,69.52083333333333,1.2958333333333334
2117,2013-10-18,14.6,13589.734,26.908333333333335,25.8,76.35416666666667,0.7541666666666668
2118,2013-10-19,0.4,17521.84993,28.15833333333333,26.65833333333333,71.6875,0.8791666666666668
2119,2013-10-20,0.0,14563.995280000001,27.587499999999995,26.5125,71.41666666666667,0.7875
2120,2013-10-21,0.0,16912.18717,28.72083333333333,27.28333333333333,68.02083333333333,0.9416666666666668
2121,2013-10-22,0.0,15408.56,28.0,26.795833333333334,71.8125,0.8666666666666667
2122,2013-10-23,0.2,14378.458879999998,28.316666666666666,26.76666666666667,71.85416666666667,1.25
2123,2013-10-24,0.2,17422.6296,27.683333333333334,26.475000000000005,71.3125,0.8083333333333335
2124,2013-10-25,0.0,20353.029,28.925,27.3875,67.20833333333333,1.1166666666666665
2125,2013-10-26,0.0,14378.306940000002,28.637500000000003,27.23333333333333,69.41666666666667,1.2166666666666666
2126,2013-10-27,2.0,12328.07467,28.650000000000002,27.245833333333334,70.04166666666667,1.5458333333333334
2127,2013-10-28,4.2,15971.56934,27.712500000000002,26.054166666666664,73.39583333333333,1.05
2128,2013-10-29,0.0,20124.684490000003,28.854166666666668,27.608333333333338,68.9375,1.0666666666666667
2129,2013-10-30,3.6000000000000005,2685.28347,25.787500000000005,24.991666666666664,80.66666666666667,1.2333333333333332
2130,2013-10-31,0.0,17740.881,27.008333333333336,25.975000000000005,74.58333333333333,1.0708333333333335
2131,2013-11-01,0.0,15933.446460000001,28.25,27.0,69.14583333333333,1.0208333333333333
2132,2013-11-02,0.0,13536.8141,28.816666666666666,27.658333333333335,65.72916666666667,0.8541666666666665
2133,2013-11-03,0.0,11574.205300000001,28.400000000000002,27.3,69.54166666666667,0.8541666666666666
2134,2013-11-04,5.6000000000000005,10008.06051,27.3,26.125,75.83333333333333,0.9916666666666667
2135,2013-11-05,9.2,11414.54153,25.849999999999998,24.791666666666668,81.33333333333333,1.0625
2136,2013-11-06,14.200000000000001,17012.928,25.95416666666667,24.75,79.9375,1.1041666666666667
2137,2013-11-07,0.6,15067.31365,27.129166666666666,25.912499999999998,76.60416666666667,0.4791666666666667
2138,2013-11-08,0.0,20376.164,28.84583333333333,27.516666666666666,68.79166666666667,0.525
2139,2013-11-09,0.0,17657.174870000003,29.59166666666667,28.295833333333334,67.66666666666667,0.9125
2140,2013-11-10,0.0,15793.564339999999,28.962499999999995,27.474999999999998,67.41666666666667,1.3083333333333333
2141,2013-11-11,0.8,15885.992,27.64166666666667,26.358333333333334,71.27083333333333,1.7416666666666665
2142,2013-11-12,0.0,14066.82856,27.545833333333334,26.183333333333334,74.5,1.2083333333333333
2143,2013-11-13,0.0,16030.73826,28.2375,26.825,67.83333333333333,0.8291666666666666
2144,2013-11-14,6.4,13264.886410000001,27.895833333333332,26.341666666666665,75.39583333333333,1.1458333333333333
2145,2013-11-15,22.8,11021.94023,25.71666666666667,24.61666666666667,82.47916666666667,1.1791666666666667
2146,2013-11-16,1.0,13761.633,25.695833333333336,24.854166666666668,82.52083333333333,0.7666666666666666
2147,2013-11-17,0.0,20095.311,27.270833333333332,25.97083333333333,73.16666666666667,0.6833333333333332
2148,2013-11-18,0.0,20715.261240000003,28.8125,27.4875,68.41666666666667,0.9458333333333333
2149,2013-11-19,0.0,19143.378,29.02916666666667,27.825,65.4375,1.0583333333333333
2150,2013-11-20,0.0,11621.009320000001,28.370833333333337,27.22083333333333,69.0,0.7458333333333332
2151,2013-11-21,0.0,12557.106800000001,27.108333333333334,25.837500000000002,75.1875,0.65
2152,2013-11-22,0.0,13231.63081,27.541666666666668,26.087500000000002,77.79166666666667,1.325
2153,2013-11-23,0.0,8478.66739,24.849999999999998,24.145833333333332,87.85416666666667,0.625
2154,2013-11-24,0.0,9583.333980000001,25.84583333333333,24.895833333333332,84.125,0.5750000000000001
2155,2013-11-25,0.0,18018.95359,28.254166666666666,26.916666666666668,74.3125,0.7166666666666668
2156,2013-11-26,0.0,14417.45799,27.945833333333336,26.524999999999995,77.97916666666667,0.6749999999999999
2157,2013-11-27,0.0,11695.168,26.412500000000005,25.6375,83.1875,1.2375
2158,2013-11-28,0.0,17552.826800000003,26.791666666666668,25.679166666666664,77.54166666666667,0.6375000000000001
2159,2013-11-29,0.0,10071.907309999999,26.17916666666667,25.229166666666668,82.8125,0.8458333333333332
2160,2013-11-30,0.0,17097.596,27.837500000000002,26.729166666666668,78.77083333333333,0.8416666666666667
2161,2013-12-01,0.2,16115.99331,28.379166666666663,27.05,73.5625,0.7125
2162,2013-12-02,0.0,18686.506289999998,28.545833333333334,26.8875,72.14583333333333,1.0958333333333334
2163,2013-12-03,0.0,21129.293100000003,28.058333333333334,26.912500000000005,73.20833333333333,1.2208333333333334
2164,2013-12-04,0.0,18475.17252,28.51666666666667,27.15833333333333,71.33333333333333,0.5958333333333333
2165,2013-12-05,0.0,19712.834,28.316666666666666,26.9875,72.45833333333333,0.9375
2166,2013-12-06,0.0,7938.4147,26.912500000000005,25.912499999999998,78.04166666666667,1.4000000000000001
2167,2013-12-07,0.0,17978.824,26.0625,24.75,80.875,0.4750000000000001
2168,2013-12-08,0.0,19823.14,27.416666666666668,26.083333333333332,76.25,0.6124999999999999
2169,2013-12-09,0.0,17227.943509999997,27.991666666666664,26.537499999999998,74.16666666666667,0.5708333333333334
2170,2013-12-10,0.0,18349.3098,28.337500000000002,26.82083333333333,72.16666666666667,0.625
2171,2013-12-11,50.2,14720.619,27.04583333333333,25.695833333333336,78.70833333333333,0.7999999999999999
2172,2013-12-12,0.0,17331.735,27.208333333333332,26.1125,78.0,1.0125
2173,2013-12-13,0.0,19115.579879999998,27.899999999999995,26.725000000000005,73.54166666666667,0.7000000000000001
2174,2013-12-14,0.0,18262.138219999997,28.25,26.729166666666668,72.6875,0.4125000000000001
2175,2013-12-15,0.0,16533.118710000002,28.525000000000002,27.195833333333336,74.125,0.8250000000000001
2176,2013-12-16,0.0,19909.36121,28.1375,26.762500000000003,74.35416666666667,0.7708333333333334
2177,2013-12-17,0.0,13772.658150000001,28.037499999999998,26.9875,76.20833333333333,0.625
2178,2013-12-18,0.0,13716.582269999999,28.466666666666665,27.195833333333336,72.58333333333333,0.9541666666666666
2179,2013-12-19,0.0,2753.57658,25.575,24.879166666666666,85.45833333333333,0.8583333333333334
2180,2013-12-20,0.0,8962.18744,25.7625,25.0,87.79166666666667,0.6999999999999998
2181,2013-12-21,0.0,8329.43715,25.958333333333332,25.21666666666667,83.66666666666667,1.0333333333333334
2182,2013-12-22,0.0,4477.15985,24.083333333333332,23.5625,90.1875,0.8166666666666668
2183,2013-12-23,0.0,17905.551620000002,25.7625,24.474999999999998,84.58333333333333,0.6124999999999999
2184,2013-12-24,0.0,16879.96803,27.033333333333335,25.870833333333337,80.6875,0.41250000000000003
2185,2013-12-25,0.0,13489.0498,28.183333333333337,26.870833333333337,77.41666666666667,0.7625000000000001
2186,2013-12-26,0.0,15958.22922,28.370833333333337,27.241666666666664,78.41666666666667,0.5833333333333334
2187,2013-12-27,0.0,18888.374,28.4875,27.30416666666667,74.70833333333333,1.0250000000000001
2188,2013-12-28,0.0,18445.42847,28.4875,27.150000000000002,71.29166666666667,0.8208333333333333
2189,2013-12-29,0.0,17416.69827,28.9875,27.59583333333333,73.45833333333333,0.8375
2190,2013-12-30,0.0,13421.00944,28.15833333333333,26.920833333333334,76.25,0.7708333333333334
2191,2013-12-31,0.0,21117.008990000002,27.983333333333334,26.854166666666668,72.4375,0.9
2192,2014-01-01,0.0,18950.984060000003,28.59166666666667,26.974999999999998,69.70833333333333,0.8458333333333333
2193,2014-01-02,0.0,16766.06956,28.891666666666666,27.40833333333333,67.6875,0.8375
2194,2014-01-03,0.0,11967.96199,28.2,26.666666666666668,69.54166666666667,1.2125000000000001
2195,2014-01-04,0.0,16921.58556,27.720833333333335,26.0,73.3125,1.2
2196,2014-01-05,0.0,18768.16691,27.40833333333333,26.083333333333332,75.625,0.7000000000000001
2197,2014-01-06,0.0,19257.122740000003,28.01666666666667,26.587500000000002,72.29166666666667,0.6875
2198,2014-01-07,0.0,14842.307809999998,27.616666666666664,26.258333333333336,75.0,1.0708333333333333
2199,2014-01-08,0.0,13060.77323,26.662499999999998,25.1375,75.16666666666667,0.7166666666666667
2200,2014-01-09,0.0,17462.7631,26.59166666666667,25.166666666666668,76.77083333333333,0.7000000000000001
2201,2014-01-10,0.0,16945.93991,26.425,25.133333333333336,78.08333333333333,1.2583333333333333
2202,2014-01-11,0.0,19972.46677,27.429166666666664,25.96666666666667,76.5,0.6750000000000002
2203,2014-01-12,0.0,3425.69529,23.941666666666663,23.366666666666664,89.8125,0.37499999999999994
2204,2014-01-13,0.0,9947.90648,26.616666666666664,25.36666666666667,80.5625,1.0791666666666668
2205,2014-01-14,0.0,15001.5593,27.204166666666666,26.104166666666668,76.58333333333333,0.6791666666666667
2206,2014-01-15,0.0,7498.15776,24.333333333333332,23.474999999999998,88.125,0.5791666666666667
2207,2014-01-16,0.0,15644.48084,26.587499999999995,25.1875,79.66666666666667,0.4749999999999999
2208,2014-01-17,0.0,14188.65677,27.745833333333334,26.4875,77.875,0.8041666666666667
2209,2014-01-18,0.0,16459.00999,27.820833333333336,26.516666666666666,77.47916666666667,0.6791666666666666
2210,2014-01-19,0.0,15786.74434,28.34166666666667,26.958333333333332,76.8125,0.5875
2211,2014-01-20,0.0,11551.75392,27.004166666666666,25.666666666666668,83.66666666666667,0.775
2212,2014-01-21,0.0,5076.08239,24.991666666666664,24.275000000000002,89.83333333333333,0.40833333333333327
2213,2014-01-22,0.0,18798.20837,27.683333333333334,26.479166666666668,77.95833333333333,0.6333333333333333
2214,2014-01-23,0.0,17002.783339999998,27.566666666666663,26.254166666666666,75.95833333333333,0.4416666666666667
2215,2014-01-24,0.0,7880.1462,26.345833333333335,25.295833333333334,84.41666666666667,0.6291666666666667
2216,2014-01-25,0.0,16913.74839,25.745833333333334,24.804166666666664,81.95833333333333,0.6958333333333334
2217,2014-01-26,0.0,11982.608189999999,25.304166666666664,24.370833333333337,74.47916666666667,1.2125000000000001
2218,2014-01-27,0.0,11735.94749,25.27916666666667,24.070833333333336,81.6875,0.75
2219,2014-01-28,0.0,12673.545960000001,24.745833333333337,23.84166666666667,83.875,0.8125
2220,2014-01-29,0.0,17931.95128,27.15833333333333,25.8,77.52083333333333,0.5
2221,2014-01-30,0.0,10833.73328,25.891666666666666,25.058333333333334,82.5,0.7916666666666666
2222,2014-01-31,0.0,18782.502009999997,27.520833333333332,26.21666666666667,76.0625,0.8166666666666665
2223,2014-02-01,0.0,7962.76464,25.804166666666664,24.991666666666664,81.95833333333333,0.5458333333333334
2224,2014-02-02,0.0,14498.77167,26.65833333333333,25.245833333333337,81.29166666666667,0.39166666666666666
2225,2014-02-03,0.0,11123.497,26.09583333333333,25.179166666666664,85.14583333333333,0.5499999999999999
2226,2014-02-04,0.0,9484.19884,26.03333333333333,24.933333333333334,87.14583333333333,0.7083333333333334
2227,2014-02-05,0.0,18492.07936,26.633333333333336,25.34583333333333,80.22916666666667,0.4916666666666667
2228,2014-02-06,0.0,8048.50524,26.212500000000002,24.841666666666665,85.97916666666667,0.9750000000000001
2229,2014-02-07,0.0,20113.64964,25.8625,24.704166666666666,81.5,0.65
2230,2014-02-08,0.0,15580.53666,26.370833333333334,25.120833333333334,81.08333333333333,0.6666666666666666
2231,2014-02-09,0.0,16240.6317,27.470833333333335,26.162499999999998,78.27083333333333,0.8166666666666668
2232,2014-02-10,0.0,13660.03078,27.529166666666665,26.245833333333334,78.85416666666667,0.8125
2233,2014-02-11,3.4000000000000004,15381.134799999998,26.608333333333334,25.28333333333333,83.10416666666667,0.8083333333333335
2234,2014-02-12,2.8000000000000003,15392.397,26.225000000000005,25.024999999999995,83.0625,0.5499999999999999
2235,2014-02-13,18.8,10162.709949999999,25.620833333333337,24.712499999999995,83.75,0.4791666666666667
2236,2014-02-14,1.2000000000000002,13936.96931,26.6375,25.758333333333336,81.79166666666667,0.5875
2237,2014-02-15,34.6,16677.918,26.75,25.504166666666666,81.75,0.8708333333333335
2238,2014-02-16,102.6,9138.63098,25.45,24.5625,86.29166666666667,0.5416666666666666
2239,2014-02-17,27.6,10944.70756,25.566666666666663,24.558333333333334,84.41666666666667,0.6333333333333334
2240,2014-02-18,11.4,7671.45803,25.308333333333334,24.537500000000005,87.6875,0.32916666666666666
2241,2014-02-19,4.2,12640.50396,25.679166666666664,24.72083333333333,86.64583333333333,0.5499999999999999
2242,2014-02-20,4.4,8110.79049,25.5,24.720833333333335,85.58333333333333,0.75
2243,2014-02-21,0.0,21873.768,27.275000000000002,26.233333333333334,77.1875,0.9416666666666668
2244,2014-02-22,0.4,13402.82735,27.120833333333337,26.133333333333336,81.14583333333333,0.5458333333333334
2245,2014-02-23,0.0,22084.412,28.0125,26.770833333333332,76.35416666666667,0.9666666666666668
2246,2014-02-24,0.0,16153.85756,27.604166666666668,26.40416666666667,75.35416666666667,0.6541666666666667
2247,2014-02-25,0.0,14414.741810000001,27.120833333333334,25.766666666666666,79.33333333333333,0.6625
2248,2014-02-26,0.0,16593.847,26.966666666666665,25.879166666666666,81.6875,0.24583333333333335
2249,2014-02-27,0.0,16549.44624,27.620833333333334,26.233333333333334,76.75,0.8999999999999999
2250,2014-02-28,0.0,21396.193,26.641666666666666,25.48333333333333,78.0,0.8416666666666667
2251,2014-03-01,0.0,18409.604,26.674999999999997,25.191666666666666,81.95833333333333,0.6458333333333334
2252,2014-03-02,0.0,15067.90733,26.291666666666668,25.304166666666664,85.4375,0.6083333333333333
2253,2014-03-03,0.0,13550.04436,26.325,25.037500000000005,81.64583333333333,0.7041666666666666
2254,2014-03-04,0.0,14615.20261,26.133333333333336,25.162499999999998,83.3125,0.44166666666666665
2255,2014-03-05,0.0,16067.54645,27.116666666666664,26.041666666666668,80.97916666666667,0.8958333333333334
2256,2014-03-06,0.0,3136.1302400000004,24.95,24.1875,91.04166666666667,0.6958333333333333
2257,2014-03-07,0.0,11434.444210000001,25.804166666666664,24.975000000000005,85.14583333333333,0.46249999999999997
2258,2014-03-08,0.0,18790.57877,27.095833333333335,25.849999999999998,79.5,0.5541666666666666
2259,2014-03-09,0.0,15887.58211,27.229166666666668,26.170833333333334,78.6875,0.7875000000000001
2260,2014-03-10,0.0,15697.03741,27.191666666666663,26.133333333333336,76.27083333333333,1.0083333333333335
2261,2014-03-11,0.0,7787.462280000001,25.95,24.691666666666663,85.64583333333333,0.5499999999999999
2262,2014-03-12,0.0,17016.03861,26.733333333333334,25.633333333333336,82.14583333333333,0.8416666666666668
2263,2014-03-13,0.0,21028.338,27.575,26.45,78.58333333333333,0.6875
2264,2014-03-14,0.0,18542.814,26.895833333333332,25.82083333333333,78.97916666666667,0.9041666666666668
2265,2014-03-15,0.0,12366.958,26.416666666666668,25.2375,82.33333333333333,0.4333333333333333
2266,2014-03-16,0.0,14256.345850000002,26.175,24.833333333333332,81.60416666666667,0.7625000000000001
2267,2014-03-17,0.0,24693.773,27.429166666666664,26.420833333333334,75.52083333333333,1.2041666666666668
2268,2014-03-18,0.0,16750.54117,27.837500000000006,26.545833333333334,75.89583333333333,0.9958333333333332
2269,2014-03-19,0.0,16011.4977,27.254166666666663,25.991666666666664,81.22916666666667,0.7333333333333334
2270,2014-03-20,0.0,14161.33048,26.941666666666663,25.69583333333333,82.66666666666667,0.4875
2271,2014-03-21,0.0,19966.223,28.48333333333333,27.429166666666664,75.625,1.1458333333333333
2272,2014-03-22,0.0,16508.42983,27.9875,26.700000000000003,80.91666666666667,0.6375
2273,2014-03-23,0.0,16544.95305,27.875,26.445833333333336,81.75,0.7333333333333334
2274,2014-03-24,0.0,17702.7,26.991666666666664,25.82916666666667,82.125,0.4458333333333333
2275,2014-03-25,0.0,17828.80741,27.274999999999995,25.958333333333332,78.89583333333333,0.7208333333333332
2276,2014-03-26,0.0,17421.901,27.070833333333336,25.724999999999998,79.35416666666667,0.5541666666666667
2277,2014-03-27,0.0,15363.736489999998,27.508333333333336,26.370833333333337,78.83333333333333,0.4625000000000001
2278,2014-03-28,0.0,5833.741279999999,26.691666666666663,25.745833333333334,81.97916666666667,0.5708333333333333
2279,2014-03-29,0.0,7584.04551,25.166666666666668,24.22083333333333,85.47916666666667,0.5708333333333334
2280,2014-03-30,0.0,15722.56768,26.795833333333334,25.741666666666664,80.35416666666667,0.5916666666666667
2281,2014-03-31,0.0,18715.245,26.941666666666666,25.725000000000005,79.95833333333333,1.0458333333333334
2282,2014-04-01,0.0,17797.99,27.220833333333335,26.016666666666666,81.04166666666667,0.6083333333333334
2283,2014-04-02,0.0,14000.27281,26.52916666666667,25.575,82.22916666666667,0.5708333333333333
2284,2014-04-03,0.0,13843.766,26.416666666666668,25.520833333333332,81.70833333333333,0.5833333333333334
2285,2014-04-04,0.0,13480.74965,27.225000000000005,26.104166666666668,79.70833333333333,0.32916666666666666
2286,2014-04-05,0.0,15242.25435,27.604166666666668,26.166666666666668,79.83333333333333,0.7291666666666666
2287,2014-04-06,0.0,19565.371,26.754166666666663,25.59166666666667,80.45833333333333,0.7041666666666666
2288,2014-04-07,0.0,8255.50632,26.965217391304346,25.76521739130435,81.21739130434783,0.6391304347826087
2289,2014-04-08,0.0,11739.49587,26.962499999999995,25.795833333333334,82.5625,0.49583333333333335
2290,2014-04-09,0.0,14882.584630000001,26.466666666666665,25.045833333333334,84.5625,0.5708333333333333
2291,2014-04-10,0.0,19599.363,27.024999999999995,25.662499999999998,80.70833333333333,0.6458333333333334
2292,2014-04-11,0.0,11970.86184,26.39166666666667,25.3875,83.85416666666667,0.5625
2293,2014-04-12,0.0,12349.52089,26.304166666666664,25.35833333333333,83.72916666666667,0.6458333333333334
2294,2014-04-13,0.0,16565.39208,27.54583333333333,26.454166666666666,78.64583333333333,0.85
2295,2014-04-14,0.0,15999.82241,27.212499999999995,25.71666666666667,81.22916666666667,0.7666666666666666
2296,2014-04-15,0.0,14424.54317,26.291666666666668,24.870833333333337,83.625,0.5583333333333332
2297,2014-04-16,0.0,18724.3075,27.03333333333333,25.84583333333333,80.72916666666667,0.5541666666666666
2298,2014-04-17,0.0,12985.16215,27.133333333333336,25.72083333333333,82.52083333333333,0.5125000000000001
2299,2014-04-18,0.0,13466.405289999999,27.39166666666667,26.083333333333332,81.70833333333333,0.6166666666666667
2300,2014-04-19,0.0,15442.424379999999,27.150000000000002,25.883333333333336,79.58333333333333,1.0708333333333333
2301,2014-04-20,0.0,17014.20901,27.46666666666667,26.275000000000002,78.60416666666667,0.5083333333333334
2302,2014-04-21,0.0,13599.36417,26.974999999999998,25.775000000000002,81.20833333333333,0.8083333333333332
2303,2014-04-22,0.0,19567.948,26.775000000000002,25.383333333333336,84.25,0.6958333333333333
2304,2014-04-23,0.0,9965.794030000001,25.608333333333334,24.625,88.3125,0.5791666666666667
2305,2014-04-24,0.0,13633.754710000001,27.579166666666662,26.354166666666668,82.29166666666667,0.28750000000000003
2306,2014-04-25,0.0,12141.18283,27.7625,26.65416666666667,82.125,0.4791666666666667
2307,2014-04-26,0.0,10252.10859,26.195833333333336,25.1375,85.9375,0.5208333333333334
2308,2014-04-27,0.0,11911.98623,25.933333333333334,25.004166666666663,84.8125,0.5208333333333334
2309,2014-04-28,0.0,9328.07799,25.208333333333332,24.433333333333337,86.97916666666667,1.3
2310,2014-04-29,0.0,22426.254,27.741666666666664,26.75,75.52083333333333,1.5791666666666666
2311,2014-04-30,0.0,17983.99135,27.52916666666667,26.308333333333334,74.4375,1.1166666666666665
2312,2014-05-01,0.0,16746.35241,28.245833333333334,26.82916666666667,72.79166666666667,0.9041666666666667
2313,2014-05-02,0.0,16301.08,28.77916666666667,27.71666666666667,73.08333333333333,1.2666666666666666
2314,2014-05-03,0.0,14759.70981,27.850000000000005,26.545833333333334,78.97916666666667,0.65
2315,2014-05-04,0.0,13909.627620000001,27.92916666666667,26.59583333333333,77.77083333333333,1.1416666666666666
2316,2014-05-05,0.0,13413.43621,28.075000000000003,26.841666666666665,76.3125,0.8999999999999999
2317,2014-05-06,0.0,17968.662920000002,28.6375,27.412499999999998,71.3125,0.775
2318,2014-05-07,0.0,12519.409690000002,28.379166666666666,27.087499999999995,72.9375,0.8916666666666666
2319,2014-05-08,0.0,10737.49092,27.0125,25.833333333333332,77.77083333333333,0.6000000000000001
2320,2014-05-09,0.0,16109.353560000001,27.791666666666668,26.575,75.08333333333333,0.7291666666666666
2321,2014-05-10,0.0,14432.18433,27.820833333333336,26.620833333333334,75.79166666666667,0.3875
2322,2014-05-11,0.0,8414.284,26.29583333333333,25.337500000000002,80.16666666666667,0.5083333333333333
2323,2014-05-12,0.0,12715.91292,26.541666666666668,25.183333333333337,80.5625,0.8666666666666666
2324,2014-05-13,0.0,17447.66129,27.6375,26.275000000000002,73.0,0.8875000000000001
2325,2014-05-14,0.0,17973.101310000002,28.125,26.620833333333334,72.39583333333333,0.6750000000000002
2326,2014-05-15,0.0,17135.054259999997,28.1375,26.64166666666667,73.4375,0.8208333333333334
2327,2014-05-16,0.0,15311.4065,28.383333333333336,26.970833333333335,75.16666666666667,0.8624999999999999
2328,2014-05-17,0.0,11601.82367,27.0,25.695833333333336,80.1875,0.7624999999999998
2329,2014-05-18,0.0,12195.518810000001,25.754166666666666,24.616666666666664,86.45833333333333,0.4583333333333333
2330,2014-05-19,0.0,11740.289449999998,26.90416666666667,25.84583333333333,79.60416666666667,0.7166666666666667
2331,2014-05-20,0.0,12046.073629999999,27.304166666666664,26.058333333333337,79.33333333333333,0.6666666666666666
2332,2014-05-21,0.0,16648.27393,27.575,26.325,77.3125,1.0125
2333,2014-05-22,0.0,10035.022190000002,27.433333333333334,26.233333333333334,77.875,0.4083333333333334
2334,2014-05-23,0.0,15995.414799999999,28.570833333333336,27.46666666666667,74.75,0.725
2335,2014-05-24,0.0,8676.821,26.104166666666668,25.229166666666668,84.54166666666667,0.3833333333333333
2336,2014-05-25,0.0,11152.53251,26.424999999999997,25.1125,80.77083333333333,0.5499999999999999
2337,2014-05-26,0.0,14312.337870000001,26.766666666666666,25.554166666666664,78.25,0.5499999999999999
2338,2014-05-27,0.0,12212.26902,27.258333333333336,25.912500000000005,76.375,0.6333333333333333
2339,2014-05-28,0.0,9666.39,27.341666666666665,25.90416666666667,75.22916666666667,0.4458333333333333
2340,2014-05-29,0.0,12046.980539999999,27.691666666666666,26.2625,74.70833333333333,0.4708333333333334
2341,2014-05-30,0.0,14842.91566,27.816666666666666,26.404166666666665,74.125,1.075
2342,2014-05-31,0.0,17607.828410000002,27.929166666666664,26.6125,71.0625,1.1875
2343,2014-06-01,0.0,18463.927,27.483333333333334,26.025000000000002,70.20833333333333,1.1416666666666666
2344,2014-06-02,0.0,15800.7495,27.770833333333332,26.27916666666667,69.52083333333333,0.5833333333333334
2345,2014-06-03,0.0,16826.667699999998,28.045833333333334,26.675,70.25,0.7125
2346,2014-06-04,0.0,17202.84108,27.47083333333333,25.983333333333334,74.58333333333333,0.775
2347,2014-06-05,0.0,14420.110359999999,27.737499999999997,26.358333333333334,73.91666666666667,1.0708333333333335
2348,2014-06-06,0.0,19117.494,27.683333333333337,26.337499999999995,72.35416666666667,1.2083333333333333
2349,2014-06-07,0.0,17351.788,27.416666666666668,25.950000000000003,72.1875,0.8250000000000001
2350,2014-06-08,0.0,17867.599,27.683333333333334,26.241666666666664,72.625,0.7000000000000001
2351,2014-06-09,0.0,15223.26007,28.683333333333326,27.191666666666663,69.95833333333333,0.8958333333333334
2352,2014-06-10,0.0,18858.90264,27.691666666666663,26.291666666666668,69.04166666666667,1.5083333333333335
2353,2014-06-11,0.0,16131.644,27.745833333333334,26.287499999999998,67.33333333333333,1.4791666666666667
2354,2014-06-12,0.0,18240.444420000003,27.208333333333332,25.59166666666667,65.64583333333333,1.1833333333333333
2355,2014-06-13,0.0,20138.164,26.754166666666663,25.09583333333333,65.5,1.1125
2356,2014-06-14,0.0,18046.614,27.47083333333333,25.704166666666666,67.75,0.9333333333333332
2357,2014-06-15,0.0,14869.80383,27.666666666666668,26.241666666666664,67.45833333333333,1.0166666666666668
2358,2014-06-16,0.0,18217.195,27.308333333333334,25.762500000000003,68.75,0.8541666666666666
2359,2014-06-17,0.0,10825.67566,28.866666666666664,27.683333333333337,63.645833333333336,1.3124999999999998
2360,2014-06-18,0.0,12225.65933,27.645833333333332,26.07916666666667,68.60416666666667,0.8833333333333334
2361,2014-06-19,0.0,10901.29237,27.841666666666665,26.304166666666664,70.25,0.7708333333333334
2362,2014-06-20,0.0,9799.08193,27.545833333333334,25.987499999999997,75.20833333333333,0.6083333333333334
2363,2014-06-21,0.0,13116.247650000001,27.320833333333336,25.945833333333336,72.83333333333333,1.1125
2364,2014-06-22,0.0,18149.27858,27.4375,25.88333333333333,64.70833333333333,1.2874999999999999
2365,2014-06-23,0.0,18054.063710000002,27.15416666666667,25.587500000000006,65.02083333333333,1.3500000000000003
2366,2014-06-24,0.0,17562.267350000002,27.304166666666664,25.65833333333333,66.14583333333333,1.2874999999999999
2367,2014-06-25,0.0,17786.04683,28.916666666666668,27.13333333333333,61.604166666666664,0.9083333333333333
2368,2014-06-26,0.0,17621.16722,28.479166666666668,26.912499999999998,65.47916666666667,0.8000000000000002
2369,2014-06-27,0.0,14944.108,27.704166666666666,26.15833333333333,70.125,0.7999999999999999
2370,2014-06-28,0.0,13401.127,27.429166666666664,25.962500000000002,74.04166666666667,0.6333333333333334
2371,2014-06-29,0.0,13204.050379999999,28.10416666666667,26.708333333333332,70.79166666666667,0.875
2372,2014-06-30,0.0,11254.40407,26.90833333333333,25.47083333333333,74.70833333333333,0.5125000000000001
2373,2014-07-01,0.0,16569.45012,27.245833333333334,25.837500000000002,71.9375,0.9583333333333334
2374,2014-07-02,0.0,14154.47019,26.554166666666664,25.170833333333334,72.79166666666667,1.1583333333333334
2375,2014-07-03,0.0,16725.66968,26.850000000000005,25.379166666666663,70.04166666666667,1.2708333333333333
2376,2014-07-04,0.0,17985.26482,27.0,25.387500000000003,68.22916666666667,1.3875
2377,2014-07-05,0.0,20488.264,27.825000000000003,26.274999999999995,64.29166666666667,1.2916666666666667
2378,2014-07-06,0.0,16195.224960000001,27.28333333333333,25.620833333333337,63.541666666666664,1.1541666666666668
2379,2014-07-07,0.0,17264.98938,27.854166666666668,26.308333333333334,60.208333333333336,1.2666666666666666
2380,2014-07-08,0.0,19646.30354,27.15416666666667,25.520833333333332,59.916666666666664,1.4208333333333332
2381,2014-07-09,0.0,18311.013,28.037499999999998,26.387500000000003,58.4375,1.2125
2382,2014-07-10,0.0,17583.533,28.366666666666664,26.7,61.3125,1.0
2383,2014-07-11,0.0,16179.34436,27.900000000000002,26.316666666666663,65.70833333333333,1.1875
2384,2014-07-12,0.0,15226.465460000001,27.266666666666666,25.662499999999998,68.60416666666667,0.8666666666666667
2385,2014-07-13,0.0,10412.734940000002,27.974999999999998,26.53333333333333,67.47916666666667,1.2208333333333332
2386,2014-07-14,0.0,15024.231300000001,27.366666666666664,25.5625,62.833333333333336,1.1375
2387,2014-07-15,0.0,15464.72564,27.416666666666668,25.795833333333334,63.5625,1.2666666666666666
2388,2014-07-16,0.0,15846.139640000001,28.325,26.724999999999998,60.583333333333336,1.1500000000000001
2389,2014-07-17,0.0,11681.827589999999,28.149999999999995,26.679166666666664,61.041666666666664,1.3999999999999997
2390,2014-07-18,0.0,15281.9835,27.929166666666664,26.23333333333333,61.541666666666664,0.9916666666666666
2391,2014-07-19,0.0,14735.27173,28.40416666666667,26.570833333333336,61.645833333333336,0.9666666666666667
2392,2014-07-20,0.0,15591.19303,27.745833333333334,26.2,65.83333333333333,0.9833333333333333
2393,2014-07-21,0.0,15657.692,27.850000000000005,26.287499999999998,65.95833333333333,0.9041666666666668
2394,2014-07-22,0.0,12276.672760000001,27.829166666666666,26.120833333333326,64.10416666666667,1.4583333333333333
2395,2014-07-23,0.0,17205.846759999997,28.075,26.558333333333337,60.791666666666664,1.3250000000000002
2396,2014-07-24,0.0,13342.63236,27.816666666666666,26.150000000000002,62.458333333333336,1.2791666666666668
2397,2014-07-25,0.0,12202.98847,27.97083333333333,26.3125,61.333333333333336,1.4124999999999999
2398,2014-07-26,0.0,19292.789,27.583333333333332,25.9375,60.041666666666664,1.3208333333333335
2399,2014-07-27,0.0,18687.785,29.266666666666666,27.375,54.708333333333336,0.9583333333333334
2400,2014-07-28,0.0,19475.34461,28.541666666666668,26.65833333333333,56.083333333333336,1.0291666666666666
2401,2014-07-29,0.0,14765.67254,28.1875,26.325,58.25,1.0250000000000001
2402,2014-07-30,0.0,17735.025879999997,28.600000000000005,26.849999999999998,54.395833333333336,1.4625000000000001
2403,2014-07-31,0.0,18433.882,27.63333333333333,25.5625,51.520833333333336,1.0833333333333333
2404,2014-08-01,0.0,14568.384820000001,27.941666666666663,25.895833333333332,56.666666666666664,1.3541666666666667
2405,2014-08-02,0.0,19220.139,27.73333333333333,25.8875,58.270833333333336,1.1541666666666666
2406,2014-08-03,0.0,18639.26486,27.974999999999998,26.133333333333336,60.0625,1.2666666666666668
2407,2014-08-04,0.0,12281.929689999999,27.925,26.1875,63.0,1.070833333333333
2408,2014-08-05,0.0,17921.1724,28.254166666666663,26.65416666666667,64.72916666666667,0.8708333333333332
2409,2014-08-06,0.8,14172.631809999999,28.474999999999998,26.604166666666668,65.14583333333333,1.0833333333333333
2410,2014-08-07,0.0,18156.65667,28.28333333333333,26.629166666666666,64.6875,1.1875
2411,2014-08-08,0.0,20245.92458,28.162499999999998,26.337500000000002,56.916666666666664,1.1791666666666665
2412,2014-08-09,0.0,19778.99981,27.945833333333336,26.075,59.395833333333336,1.2458333333333333
2413,2014-08-10,0.0,20550.193,28.49166666666667,26.933333333333334,57.916666666666664,1.3958333333333333
2414,2014-08-11,0.0,22196.979,28.48333333333333,26.59583333333333,55.041666666666664,1.1583333333333334
2415,2014-08-12,0.0,17161.88657,28.274999999999995,26.320833333333336,54.854166666666664,0.9333333333333332
2416,2014-08-13,0.0,20096.847,28.570833333333336,26.787499999999998,54.083333333333336,1.1083333333333334
2417,2014-08-14,0.0,17673.30879,29.070833333333336,27.0625,50.583333333333336,1.3833333333333335
2418,2014-08-15,0.0,19307.92452,27.916666666666668,25.90833333333333,53.3125,1.0416666666666667
2419,2014-08-16,0.0,16023.07941,28.76666666666667,26.733333333333334,47.916666666666664,1.5708333333333335
2420,2014-08-17,0.0,15325.49948,27.829166666666666,25.629166666666666,44.729166666666664,0.7999999999999999
2421,2014-08-18,0.0,21830.313,27.791666666666668,25.712500000000002,49.3125,1.0416666666666667
2422,2014-08-19,0.0,20206.5256,29.07916666666667,27.237499999999997,48.270833333333336,0.9541666666666666
2423,2014-08-20,0.0,20851.989,30.058333333333337,28.270833333333332,44.666666666666664,1.3625
2424,2014-08-21,0.0,17010.798629999998,28.875,27.020833333333332,54.166666666666664,1.5708333333333335
2425,2014-08-22,0.0,16120.555,28.258333333333336,26.520833333333332,58.395833333333336,1.0458333333333334
2426,2014-08-23,0.0,20522.771,28.708333333333332,26.899999999999995,57.25,0.775
2427,2014-08-24,0.0,14235.882609999999,28.645833333333332,27.0,57.9375,1.0
2428,2014-08-25,0.0,15150.07201,29.879166666666663,28.191666666666663,55.041666666666664,1.1125
2429,2014-08-26,0.0,21239.387,30.837499999999995,29.1875,51.125,1.5875000000000001
2430,2014-08-27,0.0,18205.943,29.524999999999995,27.745833333333337,52.354166666666664,1.2333333333333334
2431,2014-08-28,0.0,16656.50958,29.850000000000005,28.041666666666668,50.958333333333336,0.8625000000000002
2432,2014-08-29,0.0,11606.495510000002,29.587500000000002,27.983333333333334,57.166666666666664,0.9875000000000002
2433,2014-08-30,17.2,17584.844,27.833333333333332,26.275000000000002,69.0625,1.4791666666666667
2434,2014-08-31,0.0,16244.882,29.133333333333336,27.858333333333334,63.166666666666664,1.3166666666666667
2435,2014-09-01,0.0,14410.010789999998,28.5,26.849999999999998,65.39583333333333,0.9750000000000001
2436,2014-09-02,0.0,16752.613,27.879166666666666,26.470833333333335,64.5,1.1500000000000001
2437,2014-09-03,0.0,20902.598570000002,29.837500000000002,28.145833333333332,55.958333333333336,1.4833333333333332
2438,2014-09-04,0.0,22607.527,29.308333333333337,27.608333333333334,56.041666666666664,1.5291666666666668
2439,2014-09-05,0.0,17159.72426,29.34166666666667,27.77916666666667,60.270833333333336,1.3791666666666667
2440,2014-09-06,0.0,10586.02346,28.724999999999998,27.341666666666665,63.125,1.6458333333333333
2441,2014-09-07,0.0,11258.62525,28.983333333333334,27.233333333333334,62.020833333333336,1.3
2442,2014-09-08,0.0,23480.61465,29.495833333333337,27.729166666666668,50.291666666666664,1.5541666666666665
2443,2014-09-09,0.0,21268.29732,29.412500000000005,27.59166666666667,52.895833333333336,1.3125
2444,2014-09-10,0.0,16306.74459,29.84583333333333,28.083333333333332,55.333333333333336,0.8125
2445,2014-09-11,0.0,18862.97777,30.858333333333334,29.116666666666664,51.229166666666664,1.1500000000000001
2446,2014-09-12,0.0,16416.72137,30.512500000000003,28.8875,50.25,1.4833333333333332
2447,2014-09-13,0.0,20805.248,29.491666666666664,27.650000000000002,53.270833333333336,1.6041666666666667
2448,2014-09-14,0.0,16016.231740000001,29.454166666666666,27.741666666666664,56.0625,0.6416666666666667
2449,2014-09-15,0.0,17093.216350000002,29.883333333333336,28.308333333333337,56.416666666666664,0.75
2450,2014-09-16,0.0,13073.11227,29.4875,27.97083333333333,57.666666666666664,0.75
2451,2014-09-17,0.0,17021.309,28.987499999999997,27.73333333333333,60.083333333333336,1.0875000000000001
2452,2014-09-18,0.0,11017.70982,28.32916666666667,27.195833333333336,64.1875,1.0125
2453,2014-09-19,0.8,7878.70735,27.083333333333332,25.533333333333335,72.04166666666667,0.8541666666666666
2454,2014-09-20,0.8,13409.20184,27.616666666666664,26.145833333333332,68.64583333333333,0.8874999999999998
2455,2014-09-21,0.2,17505.91579,28.291666666666668,26.766666666666666,64.5625,0.8916666666666667
2456,2014-09-22,0.0,11604.54085,27.72083333333333,26.400000000000002,66.1875,1.075
2457,2014-09-23,0.6000000000000001,12712.40507,27.054166666666664,25.48333333333333,73.75,1.2791666666666666
2458,2014-09-24,1.0,12802.75365,27.025000000000002,25.837500000000002,74.95833333333333,0.9208333333333334
2459,2014-09-25,0.4,18399.37113,28.708333333333332,27.2,64.66666666666667,1.1583333333333334
2460,2014-09-26,0.4,19698.11028,29.104166666666668,27.46666666666667,62.0,1.0125
2461,2014-09-27,0.2,21260.14576,29.8125,28.21666666666667,58.895833333333336,1.1875
2462,2014-09-28,0.0,21178.24352,30.037499999999998,28.34583333333333,55.645833333333336,1.3833333333333335
2463,2014-09-29,0.2,20774.579,30.483333333333334,28.441666666666663,53.0,1.0583333333333333
2464,2014-09-30,0.2,14632.50319,29.15833333333333,27.666666666666668,61.416666666666664,1.2666666666666668
2465,2014-10-01,0.0,17849.16019,29.78333333333333,28.2,58.645833333333336,0.6625
2466,2014-10-02,0.0,20068.438,30.191666666666666,28.733333333333334,60.0,1.1041666666666667
2467,2014-10-03,0.0,12242.798,27.566666666666666,26.004166666666666,73.79166666666667,0.8875000000000002
2468,2014-10-04,0.0,15051.42691,26.8625,25.458333333333332,79.125,1.1958333333333335
2469,2014-10-05,0.0,19457.679259999997,28.758333333333336,27.291666666666668,64.45833333333333,1.1416666666666666
2470,2014-10-06,0.0,16998.70729,29.866666666666664,28.258333333333336,55.395833333333336,1.4708333333333332
2471,2014-10-07,0.0,21276.17274,30.441666666666663,28.575,50.104166666666664,1.2750000000000001
2472,2014-10-08,0.0,22317.51132,30.05,28.229166666666668,55.020833333333336,0.9249999999999999
2473,2014-10-09,0.0,21070.894,30.458333333333332,28.733333333333334,53.75,1.1458333333333333
2474,2014-10-10,0.0,20988.744,31.399999999999995,29.608333333333334,50.5625,1.3416666666666668
2475,2014-10-11,0.0,17616.57346,30.099999999999998,28.650000000000002,55.604166666666664,0.6875
2476,2014-10-12,0.0,14671.97402,29.433333333333334,27.833333333333332,63.3125,1.3666666666666665
2477,2014-10-13,0.0,16144.845,29.891666666666666,28.441666666666666,63.083333333333336,0.6916666666666668
2478,2014-10-14,0.0,11745.59518,28.641666666666666,27.541666666666668,65.52083333333333,0.9916666666666667
2479,2014-10-15,0.0,17336.49498,29.28333333333333,27.80416666666667,64.79166666666667,0.6291666666666667
2480,2014-10-16,0.0,16902.54042,29.479166666666668,28.016666666666666,62.520833333333336,0.9874999999999999
2481,2014-10-17,0.0,15991.545039999999,28.8,27.016666666666666,68.77083333333333,1.3416666666666666
2482,2014-10-18,0.0,18538.981,27.61666666666667,26.03333333333333,74.77083333333333,0.9375
2483,2014-10-19,0.0,21260.47507,28.912499999999998,27.3625,66.9375,1.0875000000000001
2484,2014-10-20,0.0,17483.10687,28.733333333333334,27.495833333333334,69.1875,0.4458333333333333
2485,2014-10-21,0.0,9397.03183,27.28333333333333,26.204166666666666,75.89583333333333,0.9375
2486,2014-10-22,0.0,17501.936,26.979166666666668,25.899999999999995,74.9375,0.6916666666666668
2487,2014-10-23,0.0,13102.850359999999,26.125,24.691666666666663,80.0625,1.0708333333333335
2488,2014-10-24,0.0,13086.633240000001,26.383333333333336,25.42083333333333,77.97916666666667,0.75
2489,2014-10-25,0.0,16199.50154,28.008333333333336,26.3625,73.54166666666667,0.8249999999999998
2490,2014-10-26,0.0,20883.741,28.27916666666667,27.037500000000005,72.0625,0.7125
2491,2014-10-27,0.0,18412.53238,28.625,27.479166666666668,69.79166666666667,0.8916666666666666
2492,2014-10-28,0.0,10569.2711,28.604166666666668,27.3625,66.97916666666667,1.125
2493,2014-10-29,0.0,17279.711,28.0625,26.829166666666666,68.27083333333333,0.7833333333333333
2494,2014-10-30,0.0,16026.61242,29.308333333333334,27.891666666666666,66.125,0.8083333333333332
2495,2014-10-31,0.0,11498.21848,27.362499999999997,26.27916666666667,70.9375,1.3125
2496,2014-11-01,0.2,16050.84011,28.333333333333332,27.079166666666666,68.52083333333333,0.6541666666666667
2497,2014-11-02,0.2,17119.146740000004,29.425,28.09166666666667,64.89583333333333,0.4791666666666667
2498,2014-11-03,0.0,4146.716,26.2,25.400000000000002,78.95833333333333,1.0541666666666667
2499,2014-11-04,0.2,10018.27957,25.649999999999995,24.354166666666668,83.66666666666667,0.5916666666666667
2500,2014-11-05,0.2,19601.244,28.0125,26.7375,74.1875,0.7333333333333334
2501,2014-11-06,0.2,22505.19341,29.52916666666667,28.141666666666666,65.35416666666667,0.725
2502,2014-11-07,0.2,18971.894,29.620833333333337,28.274999999999995,67.39583333333333,0.6083333333333334
2503,2014-11-08,0.2,11591.307050000001,28.72083333333333,27.583333333333332,69.5,0.8874999999999998
2504,2014-11-09,0.0,13706.097179999999,28.149999999999995,26.96666666666667,69.97916666666667,0.7708333333333334
2505,2014-11-10,0.2,21134.889,28.525000000000002,27.25,66.39583333333333,0.625
2506,2014-11-11,0.2,13628.91636,30.075,28.579166666666666,62.729166666666664,0.4166666666666667
2507,2014-11-12,0.0,7014.628,27.004166666666663,25.55,79.0,1.2750000000000001
2508,2014-11-13,0.2,10938.87512,26.2,25.229166666666668,80.20833333333333,0.6208333333333332
2509,2014-11-14,0.0,0.0,26.65,26.15,81.75,0.1
2510,2014-11-15,0.0,0.0,,,,
2511,2014-11-16,0.0,5412.213,30.833333333333332,28.76666666666667,61.5,2.733333333333333
2512,2014-11-17,0.0,8252.581,27.299999999999997,25.55,76.75,1.7
2513,2014-11-18,0.0,10481.59313,28.883333333333336,27.03333333333333,71.0,1.1166666666666665
2514,2014-11-19,0.0,10448.09858,30.733333333333334,28.95,62.416666666666664,1.8142857142857143
2515,2014-11-20,0.0,4479.05942,31.475,29.45,59.875,1.25
2516,2014-11-21,3.6,12653.793230000001,32.07142857142857,30.342857142857145,58.5,1.9499999999999997
2517,2014-11-22,0.0,21608.331,32.59166666666667,30.825,56.541666666666664,0.9249999999999999
2518,2014-11-23,0.0,13136.52249,30.3125,28.88125,65.3125,1.23125
2519,2014-11-24,0.2,23229.50263,28.6375,27.379166666666663,67.125,0.9833333333333334
2520,2014-11-25,0.0,18871.38154,28.695833333333336,27.325,68.25,0.6083333333333333
2521,2014-11-26,15.0,13390.471730000001,28.920833333333334,27.445833333333336,69.91666666666667,1.0583333333333333
2522,2014-11-27,0.4,11196.867,31.4,28.985714285714288,67.07142857142857,1.2428571428571427
2523,2014-11-28,0.0,18367.803,31.79,30.080000000000002,57.0,0.7909090909090909
2524,2014-11-29,0.0,10325.39023,32.78333333333333,30.900000000000002,57.916666666666664,0.5833333333333334
2525,2014-11-30,0.0,8677.63772,33.3,31.359999999999996,52.5,0.7
2526,2014-12-01,0.0,7408.1431600000005,32.025000000000006,30.125,56.875,1.5
2527,2014-12-02,0.0,16406.877,34.233333333333334,32.333333333333336,46.833333333333336,1.1666666666666667
2528,2014-12-03,0.0,0.0,,,,
2529,2014-12-04,0.0,19294.72998,33.65555555555555,31.666666666666668,50.22222222222222,1.1333333333333333
2530,2014-12-05,0.0,4636.413,28.6,27.6,63.625,1.94
2531,2014-12-06,0.0,3845.993,31.0,29.05,61.5,1.75
2532,2014-12-07,0.0,2248.39444,27.3,25.866666666666664,80.16666666666667,1.0000000000000002
2533,2014-12-08,0.0,15797.677,31.62857142857143,29.357142857142858,62.92857142857143,0.8571428571428571
2534,2014-12-09,0.2,5853.085,29.03333333333333,26.633333333333336,75.16666666666667,1.4333333333333333
2535,2014-12-10,0.0,13189.768320000001,31.528571428571432,29.457142857142856,62.92857142857143,1.0714285714285714
2536,2014-12-11,0.0,18136.528,31.55714285714286,30.314285714285713,56.0,2.6375
2537,2014-12-12,0.0,5156.14749,32.35,30.45,55.75,0.6666666666666666
2538,2014-12-13,0.0,6979.74,29.05,27.05,71.625,0.35
2539,2014-12-14,0.0,9285.546,29.933333333333334,28.55,69.25,1.2
2540,2014-12-15,0.0,2333.274,29.8,28.4,65.0,1.25
2541,2014-12-16,0.0,10582.451519999999,32.1,30.362500000000004,56.6875,1.075
2542,2014-12-17,0.2,691.853,25.5,24.8,87.5,0.7
2543,2014-12-18,0.4,11469.81737,30.825,28.299999999999997,69.6875,1.125
2544,2014-12-19,0.0,5288.282,28.075,26.950000000000003,74.25,1.2428571428571427
2545,2014-12-20,0.0,19436.0116,27.666666666666668,26.51666666666667,75.22916666666667,0.8958333333333334
2546,2014-12-21,0.0,18510.209,28.483333333333334,27.287500000000005,73.91666666666667,0.7166666666666668
2547,2014-12-22,0.0,18244.952980000002,28.25833333333333,27.13333333333333,75.33333333333333,0.4416666666666667
2548,2014-12-23,0.4,4880.315,26.016666666666666,25.408333333333335,81.35416666666667,0.3083333333333333
2549,2014-12-24,2.6,15314.66041,26.59166666666667,25.5625,81.375,0.6291666666666668
2550,2014-12-25,4.6,13570.63863,26.55,25.329166666666666,80.85416666666667,0.4833333333333334
2551,2014-12-26,0.0,20193.573,27.158333333333335,25.791666666666668,73.97916666666667,0.4458333333333333
2552,2014-12-27,0.0,20421.299329999998,28.1375,26.704166666666666,69.47916666666667,0.7083333333333334
2553,2014-12-28,0.0,16355.132669999999,28.558333333333337,27.2,72.29166666666667,0.6958333333333333
2554,2014-12-29,1.4,17188.900899999997,28.10833333333333,26.46666666666667,72.60416666666667,0.7999999999999999
2555,2014-12-30,0.0,20374.021670000002,27.649999999999995,26.070833333333336,71.39583333333333,0.5625
2556,2014-12-31,0.0,20669.069,28.350000000000005,26.770833333333332,69.1875,0.7708333333333334
2557,2015-01-01,0.0,17728.06111,27.912500000000005,26.558333333333337,69.33333333333333,0.775
2558,2015-01-02,1.7999999999999998,14445.03521,27.170833333333334,25.445833333333336,74.22916666666667,0.875
2559,2015-01-03,12.6,18692.93953,27.008333333333336,25.25,76.4375,0.525
2560,2015-01-04,0.2,12623.591559999999,26.316666666666666,25.03333333333333,79.39583333333333,0.7041666666666666
2561,2015-01-05,0.0,16992.91574,27.570833333333336,26.379166666666666,71.5625,0.9416666666666668
2562,2015-01-06,5.4,21491.85647,28.04583333333333,26.325,69.29166666666667,0.6666666666666666
2563,2015-01-07,7.6,8462.06661,24.729166666666668,23.320833333333336,86.95833333333333,0.6166666666666667
2564,2015-01-08,0.0,14494.047980000001,26.170833333333334,24.879166666666666,79.10416666666667,0.6124999999999999
2565,2015-01-09,18.6,16395.58555,27.54583333333333,25.604166666666668,78.66666666666667,0.5875
2566,2015-01-10,0.2,15095.57214,27.616666666666664,26.30416666666667,80.41666666666667,0.23750000000000002
2567,2015-01-11,0.0,17346.145,27.7625,26.475000000000005,77.0625,0.47083333333333327
2568,2015-01-12,2.2,9398.00519,26.791666666666668,25.375,79.70833333333333,1.0166666666666666
2569,2015-01-13,5.6,20221.644439999996,26.662499999999998,25.333333333333332,79.625,0.7749999999999999
2570,2015-01-14,17.200000000000003,12871.234,25.245833333333334,24.1875,84.0,0.875
2571,2015-01-15,4.3999999999999995,15849.57618,26.24166666666667,25.058333333333334,84.10416666666667,0.5791666666666667
2572,2015-01-16,2.8,11049.01223,26.045833333333334,25.25,82.25,0.5666666666666668
2573,2015-01-17,0.8,10676.052,25.72083333333333,24.770833333333332,83.75,0.2833333333333334
2574,2015-01-18,0.0,13403.001,26.78333333333333,25.712499999999995,80.97916666666667,0.6833333333333332
2575,2015-01-19,21.799999999999997,8868.79832,25.195833333333336,24.025000000000002,84.77083333333333,0.4916666666666667
2576,2015-01-20,28.000000000000004,12505.43225,24.695833333333336,23.495833333333334,87.66666666666667,0.5291666666666667
2577,2015-01-21,0.6000000000000001,16507.9342,25.270833333333332,23.920833333333334,82.6875,0.5833333333333334
2578,2015-01-22,0.0,14196.783,26.712499999999995,25.462499999999995,78.27083333333333,0.5708333333333333
2579,2015-01-23,0.4,13317.54,26.04583333333333,25.208333333333332,79.08333333333333,0.4916666666666667
2580,2015-01-24,0.2,10763.57382,26.583333333333332,25.616666666666664,80.5,0.3625
2581,2015-01-25,2.0,10172.845640000001,25.920833333333334,24.974999999999998,84.39583333333333,0.7125
2582,2015-01-26,2.2,16772.99191,26.279166666666665,25.27916666666667,81.75,0.6541666666666667
2583,2015-01-27,0.0,22765.87,27.629166666666663,26.329166666666666,74.125,0.4875
2584,2015-01-28,0.0,22545.184759999996,27.65833333333333,26.066666666666663,74.58333333333333,0.6375000000000001
2585,2015-01-29,0.0,21272.71946,28.037499999999998,26.799999999999997,74.1875,0.4375
2586,2015-01-30,0.0,21596.098120000002,28.71666666666667,27.48333333333333,71.4375,0.6958333333333333
2587,2015-01-31,0.0,16842.90607,28.4375,27.241666666666664,71.22916666666667,0.5208333333333334
2588,2015-02-01,0.6,7790.181,25.958333333333332,25.266666666666666,83.60416666666667,0.9333333333333332
2589,2015-02-02,1.0,10004.91326,25.191666666666663,24.320833333333336,83.14583333333333,0.5874999999999999
2590,2015-02-03,0.0,21237.814329999997,27.725000000000005,26.549999999999997,71.27083333333333,1.0708333333333333
2591,2015-02-04,3.8,11331.54149,26.304166666666664,24.995833333333337,81.5,0.6083333333333333
2592,2015-02-05,4.6000000000000005,13750.37828,25.908333333333335,25.045833333333338,82.10416666666667,0.9499999999999998
2593,2015-02-06,0.0,14456.464370000002,27.120833333333334,25.762500000000003,76.54166666666667,0.6541666666666667
2594,2015-02-07,1.5999999999999999,5211.72179,26.333333333333332,25.608333333333334,83.375,0.6458333333333334
2595,2015-02-08,0.8,10949.9291,26.5125,25.537499999999998,82.4375,0.6875
2596,2015-02-09,0.0,20541.59687,28.462500000000002,27.1875,76.14583333333333,0.7291666666666666
2597,2015-02-10,2.8,4397.8539,25.275000000000002,24.524999999999995,82.66666666666667,0.5875
2598,2015-02-11,0.0,10533.843379999998,26.10833333333333,24.958333333333332,82.89583333333333,0.3541666666666667
2599,2015-02-12,0.0,18755.395,27.816666666666666,26.804166666666664,76.35416666666667,1.0458333333333334
2600,2015-02-13,0.2,22339.21472,28.008333333333336,26.662499999999998,74.54166666666667,0.7916666666666666
2601,2015-02-14,0.0,15231.819619999998,27.7375,26.379166666666666,75.1875,0.8833333333333333
2602,2015-02-15,0.0,12123.65618,27.17916666666667,26.15833333333333,77.83333333333333,0.7791666666666667
2603,2015-02-16,0.0,15899.595,27.4375,26.3875,78.04166666666667,0.9541666666666666
2604,2015-02-17,0.0,18466.675,27.916666666666668,26.47083333333333,76.27083333333333,1.0458333333333334
2605,2015-02-18,0.0,13289.28443,26.7375,25.47083333333333,79.45833333333333,0.7875
2606,2015-02-19,0.0,15167.375,25.183333333333334,24.170833333333334,84.1875,1.0
2607,2015-02-20,0.0,15176.349289999998,24.695833333333336,23.7625,86.35416666666667,0.7875
2608,2015-02-21,0.4,16166.904,25.7,24.520833333333332,82.14583333333333,0.4958333333333333
2609,2015-02-22,0.0,11131.41173,24.275000000000002,23.512500000000003,83.54166666666667,0.5083333333333333
2610,2015-02-23,0.2,18395.04525,26.474999999999998,25.308333333333337,78.08333333333333,0.32083333333333336
2611,2015-02-24,0.0,9363.7455,26.625,25.287500000000005,81.70833333333333,0.5958333333333333
2612,2015-02-25,0.0,19875.5491,27.079166666666666,25.633333333333336,80.08333333333333,0.975
2613,2015-02-26,0.2,14496.98048,27.4375,26.270833333333332,79.625,0.7125
2614,2015-02-27,0.0,15115.7475,27.891666666666666,26.820833333333336,79.39583333333333,0.4666666666666666
2615,2015-02-28,0.0,18371.466009999996,27.40833333333333,26.17083333333333,77.33333333333333,0.3791666666666667
2616,2015-03-01,0.0,17122.98242,27.349999999999998,25.837500000000002,78.02083333333333,0.6291666666666668
2617,2015-03-02,0.0,16698.36764,27.041666666666668,25.616666666666664,77.95833333333333,0.75
2618,2015-03-03,3.0,13755.09211,26.40833333333333,25.175,78.85416666666667,0.8666666666666667
2619,2015-03-04,0.4,8207.633199999998,25.608333333333334,24.799999999999997,82.27083333333333,0.55
2620,2015-03-05,1.7999999999999998,11334.216359999999,25.620833333333337,24.433333333333334,84.20833333333333,0.3333333333333333
2621,2015-03-06,7.0,16037.904,25.75,24.537499999999994,84.54166666666667,0.5
2622,2015-03-07,0.0,15769.234,25.537500000000005,24.399999999999995,82.3125,0.5833333333333334
2623,2015-03-08,0.2,11363.005469999998,27.058333333333334,25.600000000000005,79.20833333333333,0.4833333333333334
2624,2015-03-09,0.2,14992.86994,27.375,25.908333333333335,78.04166666666667,0.9249999999999998
2625,2015-03-10,0.2,13679.13974,26.579166666666666,25.3625,82.3125,0.6625000000000001
2626,2015-03-11,0.4,20023.659,27.004166666666666,25.724999999999998,82.20833333333333,0.625
2627,2015-03-12,0.0,13500.527,26.537500000000005,25.341666666666665,85.5,0.37083333333333335
2628,2015-03-13,1.2,22363.775,27.649999999999995,26.270833333333332,81.22916666666667,0.46249999999999997
2629,2015-03-14,2.2,11251.070099999999,27.025000000000002,26.1375,84.91666666666667,0.6458333333333334
2630,2015-03-15,0.0,21665.441850000003,28.162499999999998,26.96666666666667,76.41666666666667,0.41250000000000003
2631,2015-03-16,10.200000000000001,11708.76416,26.9875,25.46666666666667,81.375,0.8333333333333334
2632,2015-03-17,0.6000000000000001,9454.557,25.816666666666666,25.079166666666666,85.29166666666667,0.3875
2633,2015-03-18,3.0,13270.385,26.20416666666667,25.34166666666667,84.0,0.48333333333333334
2634,2015-03-19,0.0,15350.778,26.59583333333333,25.575,81.25,0.3083333333333333
2635,2015-03-20,55.2,2897.577,23.254166666666666,22.65833333333333,92.04166666666667,0.425
2636,2015-03-21,0.4,13688.6751,24.54583333333333,23.712499999999995,85.04166666666667,0.4166666666666667
2637,2015-03-22,0.0,16581.95463,25.929166666666664,24.745833333333334,82.4375,0.75
2638,2015-03-23,3.4,19496.838020000003,26.88333333333333,25.737499999999997,80.52083333333333,0.4958333333333333
2639,2015-03-24,2.2,8844.751,25.59166666666667,24.791666666666668,86.75,0.5499999999999999
2640,2015-03-25,1.9999999999999998,8624.36544,25.47083333333333,24.412499999999998,87.41666666666667,0.4583333333333333
2641,2015-03-26,17.4,17202.34208,26.65833333333333,25.45,81.125,0.5166666666666666
2642,2015-03-27,12.0,18429.65423,27.4375,26.075,80.0625,0.6083333333333333
2643,2015-03-28,0.8,18738.771370000002,27.629166666666666,26.2375,80.0625,0.5041666666666668
2644,2015-03-29,0.2,13700.29141,28.158333333333335,26.6875,76.08333333333333,0.6708333333333334
2645,2015-03-30,2.0,15870.95658,27.6875,26.625,78.97916666666667,0.6458333333333334
2646,2015-03-31,6.2,12913.491,26.8875,25.4375,82.08333333333333,0.6916666666666668
2647,2015-04-01,27.4,16876.80028,26.950000000000003,25.3,82.08333333333333,0.7125
2648,2015-04-02,21.799999999999997,15789.0581,26.59166666666667,25.295833333333334,84.47916666666667,0.8208333333333333
2649,2015-04-03,0.0,12506.339039999999,27.2,25.708333333333332,81.10416666666667,0.46249999999999997
2650,2015-04-04,4.6,16505.59471,27.474999999999998,26.075,78.9375,0.4791666666666667
2651,2015-04-05,11.4,15289.573,27.46666666666667,25.974999999999998,78.25,0.8083333333333332
2652,2015-04-06,1.8,16353.226929999999,27.2375,25.791666666666668,80.52083333333333,0.8250000000000001
2653,2015-04-07,10.0,14862.593,27.2625,25.7,81.77083333333333,0.5541666666666667
2654,2015-04-08,0.2,18068.675,27.366666666666664,26.075,79.91666666666667,0.4166666666666667
2655,2015-04-09,14.0,12334.2555,27.087500000000002,25.866666666666664,79.91666666666667,0.8958333333333334
2656,2015-04-10,3.8000000000000003,16744.156,26.774999999999995,25.6875,83.39583333333333,0.525
2657,2015-04-11,2.8000000000000003,14109.704,26.604166666666668,25.520833333333332,83.97916666666667,0.6458333333333333
2658,2015-04-12,0.6000000000000001,14687.577,26.241666666666664,25.104166666666668,85.1875,0.5458333333333333
2659,2015-04-13,2.8000000000000003,10399.462059999998,26.133333333333336,24.75833333333333,83.0,0.31666666666666665
2660,2015-04-14,1.2000000000000002,11800.71163,26.02916666666667,25.083333333333332,84.08333333333333,0.4166666666666667
2661,2015-04-15,10.6,16011.981559999998,27.070833333333336,25.6875,83.54166666666667,0.1875
2662,2015-04-16,0.0,15318.11862,27.741666666666664,26.625,79.29166666666667,0.5416666666666666
2663,2015-04-17,0.0,18120.75656,28.325,27.09166666666667,76.3125,0.5041666666666668
2664,2015-04-18,0.0,16478.17175,28.125,26.73333333333333,78.77083333333333,0.44166666666666665
2665,2015-04-19,0.0,11940.64244,27.691666666666663,26.350000000000005,77.91666666666667,0.6875
2666,2015-04-20,0.2,17511.7,27.01666666666667,25.7375,77.3125,0.4166666666666667
2667,2015-04-21,13.2,18019.373,27.379166666666663,25.6875,80.54166666666667,0.4916666666666667
2668,2015-04-22,0.0,15883.88394,27.358333333333334,26.141666666666666,79.02083333333333,0.5208333333333334
2669,2015-04-23,0.0,19433.938,27.679166666666664,26.370833333333334,77.29166666666667,0.5833333333333334
2670,2015-04-24,10.799999999999999,15172.88509,27.366666666666664,25.704166666666666,79.875,0.7833333333333333
2671,2015-04-25,2.0,19363.132,26.941666666666666,25.870833333333337,80.125,0.7374999999999999
2672,2015-04-26,1.4,12386.245,26.799999999999997,25.29583333333333,83.08333333333333,0.37916666666666665
2673,2015-04-27,0.2,15919.776820000001,27.233333333333334,25.983333333333334,79.08333333333333,0.5791666666666667
2674,2015-04-28,0.0,18225.664,27.645833333333332,26.383333333333336,76.72916666666667,0.6333333333333333
2675,2015-04-29,0.0,18553.511,28.099999999999998,26.695833333333336,75.375,0.8250000000000001
2676,2015-04-30,0.0,18579.117,28.03333333333333,26.629166666666663,77.3125,0.3625
2677,2015-05-01,0.0,13379.69135,27.004166666666663,25.891666666666666,79.70833333333333,0.6375000000000001
2678,2015-05-02,30.4,14702.82719,26.587500000000002,25.05416666666667,83.54166666666667,0.5875
2679,2015-05-03,15.2,5439.46849,24.166666666666668,23.59166666666667,91.16666666666667,0.4666666666666666
2680,2015-05-04,0.2,13682.574,25.912499999999998,24.741666666666664,84.72916666666667,0.75
2681,2015-05-05,0.2,11398.32542,26.541666666666668,25.258333333333336,82.54166666666667,0.5
2682,2015-05-06,1.0,15944.328,27.133333333333336,25.77916666666667,81.125,0.4208333333333334
2683,2015-05-07,10.600000000000001,14091.626,26.566666666666663,25.104166666666668,83.5625,0.5833333333333334
2684,2015-05-08,0.4,17552.965,27.675,26.366666666666664,79.02083333333333,0.5125000000000001
2685,2015-05-09,7.6,14487.40879,28.05,26.420833333333338,77.5625,0.5625
2686,2015-05-10,3.4,18535.566,28.04583333333333,26.6375,76.625,0.6958333333333334
2687,2015-05-11,0.2,15054.20054,27.366666666666664,25.833333333333332,79.41666666666667,0.25
2688,2015-05-12,0.0,14606.5774,27.954166666666666,26.45,76.4375,0.4375
2689,2015-05-13,0.0,17286.244990000003,27.925,26.462500000000002,77.47916666666667,0.3541666666666667
2690,2015-05-14,0.0,16512.253670000002,28.099999999999998,26.60833333333333,73.02083333333333,0.9958333333333332
2691,2015-05-15,0.0,17684.305,27.916666666666668,26.52916666666667,72.22916666666667,0.8541666666666666
2692,2015-05-16,0.2,15167.57421,28.4875,26.95,70.16666666666667,0.7416666666666667
2693,2015-05-17,0.0,15307.481890000001,28.245833333333337,26.60833333333333,70.77083333333333,0.5875
2694,2015-05-18,0.0,18040.730509999998,27.8875,26.375,71.25,0.7458333333333335
2695,2015-05-19,0.2,17644.739,28.375,26.829166666666666,71.85416666666667,0.4375
2696,2015-05-20,0.0,20702.418,28.558333333333326,27.1875,71.4375,0.7000000000000001
2697,2015-05-21,2.4,12250.82877,27.604166666666668,25.85833333333333,78.85416666666667,0.6291666666666668
2698,2015-05-22,0.2,17859.1642,27.708333333333332,26.458333333333332,75.1875,1.1291666666666667
2699,2015-05-23,0.0,12287.909870000001,27.770833333333332,26.241666666666664,72.47916666666667,0.8083333333333332
2700,2015-05-24,0.0,14896.32123,28.212500000000002,26.59166666666667,72.10416666666667,0.65
2701,2015-05-25,0.0,17034.349,28.570833333333336,26.85833333333333,72.625,0.55
2702,2015-05-26,0.0,14373.1065,27.662500000000005,26.295833333333334,76.41666666666667,0.4291666666666667
2703,2015-05-27,0.4,10845.81461,27.48333333333333,25.837500000000002,76.64583333333333,0.5625
2704,2015-05-28,0.2,11956.98509,26.775000000000002,25.254166666666666,78.20833333333333,0.5666666666666665
2705,2015-05-29,0.0,11233.11269,27.429166666666664,26.054166666666664,75.64583333333333,0.5791666666666667
2706,2015-05-30,0.0,18958.665,27.879166666666663,26.412499999999998,74.14583333333333,0.6750000000000002
2707,2015-05-31,0.0,14830.066359999999,28.791666666666668,27.162500000000005,71.0,0.6625
2708,2015-06-01,0.0,13806.41487,28.379166666666663,26.9375,72.4375,0.8375
2709,2015-06-02,1.4,16776.814,27.854166666666668,25.912499999999998,75.72916666666667,0.4041666666666666
2710,2015-06-03,0.0,13336.441,26.962500000000002,25.52916666666667,75.4375,0.5666666666666667
2711,2015-06-04,0.2,16661.64451,27.258333333333336,25.758333333333336,73.35416666666667,0.9291666666666666
2712,2015-06-05,0.0,10883.95163,27.212500000000002,26.0125,73.20833333333333,1.0416666666666667
2713,2015-06-06,0.0,14673.71335,27.875,26.604166666666668,70.04166666666667,0.6833333333333332
2714,2015-06-07,2.0,15224.79647,28.395833333333332,26.820833333333336,72.39583333333333,0.6083333333333334
2715,2015-06-08,0.2,8729.1081,27.354166666666668,26.141666666666666,78.52083333333333,0.45416666666666666
2716,2015-06-09,0.0,7846.96689,26.52916666666667,25.27916666666667,78.6875,0.3458333333333334
2717,2015-06-10,0.2,15082.08924,26.741666666666664,25.1875,74.66666666666667,0.4375
2718,2015-06-11,0.0,13108.91895,28.241666666666664,26.425,67.8125,0.5125000000000001
2719,2015-06-12,0.0,18738.25,28.13333333333333,26.60833333333333,66.5,0.8166666666666668
2720,2015-06-13,0.0,17606.84399,27.96666666666667,26.441666666666666,69.39583333333333,0.75
2721,2015-06-14,0.0,14283.42585,27.95416666666667,26.454166666666666,69.625,0.7708333333333334
2722,2015-06-15,0.0,16908.463,27.462499999999995,25.854166666666668,69.5,0.775
2723,2015-06-16,0.0,18910.556,28.4375,26.9375,66.22916666666667,0.7291666666666666
2724,2015-06-17,0.0,12968.86127,28.600000000000005,27.083333333333332,67.22916666666667,0.7583333333333333
2725,2015-06-18,0.0,14719.7718,28.0125,26.429166666666664,67.33333333333333,0.7791666666666667
2726,2015-06-19,0.0,14676.538059999999,27.5625,25.89166666666667,66.66666666666667,0.8625000000000002
2727,2015-06-20,0.0,16019.51618,28.17916666666667,26.5625,63.791666666666664,1.0666666666666667
2728,2015-06-21,0.0,15144.752349999999,27.554166666666664,26.037499999999998,63.979166666666664,0.9958333333333332
2729,2015-06-22,0.0,18039.150009999998,28.075,26.45416666666667,61.416666666666664,1.2333333333333332
2730,2015-06-23,0.0,17222.215,26.770833333333332,25.129166666666663,65.58333333333333,0.5875
2731,2015-06-24,0.0,17722.971,27.633333333333336,25.912499999999998,63.770833333333336,0.5416666666666666
2732,2015-06-25,0.0,13326.133,27.3875,25.912500000000005,69.45833333333333,0.8416666666666667
2733,2015-06-26,0.0,15960.00893,28.454166666666666,26.97083333333333,62.0625,1.45
2734,2015-06-27,0.0,12908.20566,27.98333333333333,26.129166666666666,56.458333333333336,1.1458333333333333
2735,2015-06-28,0.0,13607.22196,27.95,26.274999999999995,59.145833333333336,1.0
2736,2015-06-29,0.0,14809.98451,27.820833333333336,26.100000000000005,61.541666666666664,1.1083333333333334
2737,2015-06-30,0.0,13144.269,26.995833333333337,25.425,67.3125,0.7875
2738,2015-07-01,0.0,11750.32852,27.325,25.741666666666664,66.29166666666667,0.4916666666666667
2739,2015-07-02,0.0,15903.85187,28.625,27.087499999999995,61.729166666666664,1.1875
2740,2015-07-03,0.4,8440.499099999999,27.866666666666664,26.270833333333332,68.77083333333333,0.55
2741,2015-07-04,0.6000000000000001,13326.65554,28.287500000000005,26.933333333333337,70.3125,0.7958333333333334
2742,2015-07-05,0.2,10906.66537,27.254166666666666,25.916666666666668,73.5625,0.6458333333333334
2743,2015-07-06,7.8,10902.932,26.46666666666667,25.2375,81.02083333333333,0.47500000000000003
2744,2015-07-07,0.2,9982.36532,27.60416666666666,26.24166666666667,74.85416666666667,0.4208333333333334
2745,2015-07-08,0.0,15242.732,28.320833333333336,26.78333333333333,69.0625,0.4000000000000001
2746,2015-07-09,0.0,18442.396,28.2,26.720833333333335,67.0625,0.8583333333333334
2747,2015-07-10,0.0,12989.703,27.84583333333333,26.28333333333333,68.02083333333333,0.4833333333333334
2748,2015-07-11,0.0,13790.857,27.60833333333333,26.145833333333332,67.5,0.7916666666666666
2749,2015-07-12,0.0,16846.595,27.845833333333335,26.15833333333333,64.91666666666667,0.7041666666666666
2750,2015-07-13,0.0,16997.218,27.900000000000002,26.34583333333333,63.9375,0.9208333333333334
2751,2015-07-14,0.0,11827.26629,28.6875,27.2375,62.875,0.7958333333333334
2752,2015-07-15,0.0,13432.27141,28.287500000000005,26.545833333333334,55.625,1.4875
2753,2015-07-16,0.0,15615.952,27.645833333333332,25.845833333333335,53.25,1.1875
2754,2015-07-17,0.0,15956.45319,28.595833333333335,26.679166666666664,52.9375,1.2499999999999998
2755,2015-07-18,0.0,17533.566689999996,28.479166666666668,26.904166666666665,54.104166666666664,1.3291666666666666
2756,2015-07-19,0.0,16206.65926,29.245833333333326,27.558333333333334,50.770833333333336,1.1458333333333333
2757,2015-07-20,0.0,18219.797300000002,28.75,27.087499999999995,52.75,1.2791666666666666
2758,2015-07-21,0.0,10433.15121,28.283333333333335,26.637500000000003,57.458333333333336,0.8458333333333332
2759,2015-07-22,0.0,13165.24075,28.991666666666664,27.462499999999995,60.979166666666664,0.7833333333333333
2760,2015-07-23,0.0,11816.30454,29.35833333333333,27.762500000000003,61.458333333333336,0.725
2761,2015-07-24,0.0,15799.045,29.354166666666668,27.60833333333333,60.416666666666664,0.7583333333333334
2762,2015-07-25,0.0,11518.19805,28.229166666666668,26.520833333333332,63.6875,0.6625
2763,2015-07-26,0.0,14890.945,28.666666666666668,27.020833333333332,62.416666666666664,0.7833333333333332
2764,2015-07-27,0.0,16799.582,28.245833333333337,26.591666666666665,62.291666666666664,0.7875
2765,2015-07-28,0.0,13757.239,28.0125,26.245833333333334,62.229166666666664,0.7333333333333334
2766,2015-07-29,0.0,13186.161870000002,28.816666666666663,26.916666666666668,60.479166666666664,0.9874999999999999
2767,2015-07-30,0.0,15383.04736,28.60833333333333,26.808333333333326,56.145833333333336,1.3375000000000001
2768,2015-07-31,0.0,19087.549,29.366666666666664,27.52916666666667,50.395833333333336,1.2874999999999999
2769,2015-08-01,0.0,15881.444019999999,28.90833333333333,26.933333333333337,48.8125,1.2875
2770,2015-08-02,0.0,16731.66947,28.854166666666668,26.925,51.25,1.4124999999999999
2771,2015-08-03,0.0,17040.70522,28.354166666666668,26.59583333333333,53.25,1.0833333333333333
2772,2015-08-04,0.0,17991.485,28.44583333333333,26.645833333333332,54.0625,0.9500000000000001
2773,2015-08-05,0.0,17959.729,28.34166666666667,26.425,56.916666666666664,1.0208333333333333
2774,2015-08-06,0.0,15888.455769999999,27.920833333333334,26.2625,56.9375,0.8416666666666668
2775,2015-08-07,0.0,15813.14,27.683333333333334,25.8625,60.041666666666664,0.6583333333333333
2776,2015-08-08,0.0,13244.090779999999,28.90416666666667,27.216666666666665,53.708333333333336,1.2541666666666667
2777,2015-08-09,0.0,11306.735030000002,28.233333333333334,26.349999999999998,53.9375,1.0083333333333333
2778,2015-08-10,0.0,18553.72,28.1875,26.27916666666667,51.020833333333336,1.125
2779,2015-08-11,0.0,18294.017,28.34583333333333,26.40416666666667,47.625,1.0916666666666668
2780,2015-08-12,0.0,18727.136,28.808333333333337,27.125,48.4375,1.2291666666666667
2781,2015-08-13,0.0,19508.728,27.933333333333334,26.070833333333336,46.9375,1.225
2782,2015-08-14,0.0,19455.4047,28.141666666666666,26.141666666666666,45.041666666666664,1.1624999999999999
2783,2015-08-15,0.0,15556.058280000001,29.15833333333333,27.25,45.645833333333336,1.0958333333333334
2784,2015-08-16,0.0,19587.544,29.90833333333333,28.045833333333338,48.5,1.2666666666666666
2785,2015-08-17,0.0,16176.87925,29.44583333333333,27.4875,45.375,1.0958333333333332
2786,2015-08-18,0.0,17353.0973,29.03333333333333,27.087500000000002,45.958333333333336,1.0250000000000001
2787,2015-08-19,0.0,17184.7171,30.149999999999995,28.09166666666667,40.604166666666664,0.8708333333333332
2788,2015-08-20,0.0,12794.77734,28.766666666666666,26.72083333333333,48.4375,0.8375
2789,2015-08-21,0.0,19119.846,28.89166666666667,26.95416666666667,53.479166666666664,0.875
2790,2015-08-22,0.0,17865.3022,28.52916666666667,27.0,56.729166666666664,1.2458333333333333
2791,2015-08-23,0.0,15893.54941,28.820833333333336,27.17083333333333,58.291666666666664,0.7875000000000001
2792,2015-08-24,0.0,13477.576780000001,28.84583333333333,27.183333333333334,59.375,0.5958333333333333
2793,2015-08-25,0.0,13252.839,29.391666666666666,27.870833333333334,56.854166666666664,1.2333333333333332
2794,2015-08-26,0.0,19109.124,30.566666666666663,29.004166666666663,51.854166666666664,1.5083333333333335
2795,2015-08-27,0.0,15380.176230000001,30.75,29.03333333333333,50.1875,0.6791666666666667
2796,2015-08-28,0.0,11087.5211,29.80416666666667,28.266666666666666,57.708333333333336,0.8958333333333334
2797,2015-08-29,0.0,13131.561800000001,29.45,27.90833333333333,58.916666666666664,1.1875
2798,2015-08-30,0.0,16462.241,29.379166666666666,27.8125,54.833333333333336,1.1500000000000001
2799,2015-08-31,0.0,14236.52374,28.587500000000002,26.741666666666664,55.708333333333336,0.8125
2800,2015-09-01,0.0,13430.38131,29.087499999999995,27.34583333333333,56.020833333333336,0.7416666666666666
2801,2015-09-02,0.0,16666.68827,29.75,28.01666666666667,55.333333333333336,0.8291666666666667
2802,2015-09-03,0.0,9605.22909,29.212499999999995,27.729166666666668,56.541666666666664,0.7624999999999998
2803,2015-09-04,0.0,13173.8221,28.829166666666666,27.383333333333336,59.416666666666664,0.7916666666666666
2804,2015-09-05,0.0,16986.139,29.575,28.016666666666666,58.645833333333336,1.0250000000000001
2805,2015-09-06,0.0,10265.90673,29.8,28.479166666666668,58.1875,1.2833333333333334
2806,2015-09-07,0.0,14041.725,29.245833333333334,27.758333333333336,58.229166666666664,1.1166666666666667
2807,2015-09-08,0.0,12160.77538,28.9375,27.45,56.708333333333336,0.8208333333333333
2808,2015-09-09,0.0,18549.99272,30.3625,28.90416666666667,50.833333333333336,1.3875
2809,2015-09-10,0.0,19601.904,30.724999999999998,29.10833333333333,48.5,1.4958333333333333
2810,2015-09-11,0.0,14397.94761,29.516666666666666,27.712500000000002,51.791666666666664,0.7041666666666666
2811,2015-09-12,0.0,19078.283,30.962499999999995,29.27916666666667,51.708333333333336,0.8791666666666665
2812,2015-09-13,0.0,10654.59942,28.97083333333333,27.541666666666668,60.041666666666664,1.0375
2813,2015-09-14,0.0,15801.71619,30.55,29.04583333333333,54.9375,1.2833333333333334
2814,2015-09-15,0.0,18584.456,30.849999999999998,29.079166666666666,50.625,1.1041666666666667
2815,2015-09-16,0.0,16435.89097,31.17083333333333,29.412499999999998,44.958333333333336,1.0666666666666667
2816,2015-09-17,0.0,17856.135,30.566666666666663,28.820833333333336,46.6875,1.0875000000000001
2817,2015-09-18,0.0,13250.57865,30.641666666666666,28.6375,46.333333333333336,1.1083333333333334
2818,2015-09-19,0.0,13892.181349999999,30.47083333333333,28.75833333333333,45.770833333333336,1.0583333333333333
2819,2015-09-20,0.0,13098.03609,30.087499999999995,28.458333333333332,51.020833333333336,0.7791666666666667
2820,2015-09-21,0.0,13596.556919999999,30.15416666666667,28.7,53.3125,1.5791666666666666
2821,2015-09-22,0.0,12004.77598,30.787499999999998,29.40416666666667,53.541666666666664,1.45
2822,2015-09-23,0.0,15862.19795,30.5125,28.929166666666664,50.958333333333336,1.1833333333333333
2823,2015-09-24,0.0,14965.332,30.387500000000003,28.716666666666665,52.916666666666664,0.9249999999999999
2824,2015-09-25,0.0,19414.321,31.258333333333336,29.729166666666668,47.708333333333336,1.175
2825,2015-09-26,0.0,20497.536,31.666666666666668,30.016666666666666,47.0625,1.0291666666666668
2826,2015-09-27,5.2,19395.317,30.537499999999998,28.616666666666664,56.479166666666664,1.2083333333333333
2827,2015-09-28,0.4,17167.38565,30.32083333333333,28.745833333333334,56.479166666666664,0.9249999999999999
2828,2015-09-29,0.0,19707.421,30.979166666666668,29.225000000000005,51.270833333333336,1.0250000000000001
2829,2015-09-30,0.0,16757.66985,29.287499999999998,27.816666666666663,57.0,0.75
2830,2015-10-01,0.0,16599.514,30.316666666666674,28.787499999999998,54.458333333333336,0.8624999999999999
2831,2015-10-02,0.0,19168.840640000002,31.495833333333334,29.837500000000006,45.979166666666664,1.6166666666666665
2832,2015-10-03,0.0,9583.81348,31.295833333333334,29.537499999999998,47.0625,0.7666666666666666
2833,2015-10-04,0.0,20220.16348,32.24166666666667,30.662500000000005,48.3125,1.1958333333333333
2834,2015-10-05,0.0,19056.039780000003,32.81666666666666,31.45416666666667,45.958333333333336,1.6833333333333333
2835,2015-10-06,0.0,11651.76529,31.504166666666666,30.258333333333336,46.291666666666664,2.245833333333333
2836,2015-10-07,0.0,17165.997,31.28333333333333,29.59166666666667,48.895833333333336,0.6375000000000001
2837,2015-10-08,0.0,16897.78834,31.554166666666664,29.879166666666666,49.729166666666664,0.9666666666666668
2838,2015-10-09,0.0,17171.748,31.008333333333336,29.575,56.395833333333336,1.4041666666666666
2839,2015-10-10,0.0,17578.97692,31.583333333333332,30.075,48.041666666666664,1.5874999999999997
2840,2015-10-11,0.0,21538.766,32.137499999999996,30.450000000000003,43.604166666666664,1.0291666666666668
2841,2015-10-12,0.0,16181.94721,31.275000000000002,29.71666666666667,46.791666666666664,0.8541666666666666
2842,2015-10-13,0.0,20905.528420000002,32.27916666666667,30.645833333333332,44.583333333333336,1.4708333333333334
2843,2015-10-14,0.0,17580.73951,31.71666666666667,30.166666666666668,41.479166666666664,0.9416666666666668
2844,2015-10-15,0.0,16347.240090000001,32.141666666666666,30.46666666666667,44.833333333333336,1.1
2845,2015-10-16,0.0,19390.89948,33.137499999999996,31.64166666666667,41.541666666666664,1.4541666666666666
2846,2015-10-17,0.0,20200.758,32.5,30.987499999999997,41.020833333333336,0.9625
2847,2015-10-18,0.0,12588.18669,32.43333333333333,30.96666666666667,42.833333333333336,1.1125
2848,2015-10-19,2.0,17655.684,30.608333333333334,29.254166666666666,58.729166666666664,1.175
2849,2015-10-20,0.0,17143.82187,30.575,29.15833333333333,53.104166666666664,1.1541666666666666
2850,2015-10-21,0.0,19717.77583,31.71666666666667,30.0625,48.1875,0.7958333333333334
2851,2015-10-22,0.0,9948.955189999999,30.004166666666666,28.77916666666667,55.375,1.225
2852,2015-10-23,0.0,18993.107,30.679166666666664,29.254166666666666,54.645833333333336,1.0291666666666668
2853,2015-10-24,3.6,17860.66835,29.854166666666668,28.162500000000005,59.75,1.6708333333333334
2854,2015-10-25,0.0,17531.05167,31.02916666666667,29.379166666666666,50.291666666666664,1.0541666666666667
2855,2015-10-26,0.4,14273.887349999999,29.895833333333332,28.441666666666666,54.645833333333336,1.0041666666666667
2856,2015-10-27,0.0,14408.1197,30.4875,28.979166666666668,55.291666666666664,0.7833333333333333
2857,2015-10-28,1.4,15950.616030000001,30.354166666666668,28.566666666666666,56.8125,1.5041666666666667
2858,2015-10-29,0.0,12263.71985,28.833333333333332,27.629166666666666,64.52083333333333,0.7541666666666668
2859,2015-10-30,45.6,17444.00522,30.558333333333337,28.65416666666667,59.041666666666664,0.875
2860,2015-10-31,4.8,13704.2909,27.912499999999998,26.670833333333334,70.66666666666667,1.2583333333333335
2861,2015-11-01,0.0,15186.07716,29.77916666666667,28.5,60.604166666666664,1.0416666666666667
2862,2015-11-02,0.0,18921.66307,30.424999999999997,28.958333333333332,58.166666666666664,0.8291666666666666
2863,2015-11-03,3.8,20012.570060000002,30.083333333333332,28.73333333333333,61.291666666666664,1.0458333333333334
2864,2015-11-04,18.799999999999997,19392.121939999997,27.912499999999998,26.129166666666663,70.0625,1.2
2865,2015-11-05,0.0,18050.90377,28.662499999999994,27.354166666666668,62.4375,0.9041666666666667
2866,2015-11-06,0.0,11482.6701,28.46666666666667,27.27916666666667,64.97916666666667,0.3833333333333333
2867,2015-11-07,0.0,15394.568,29.208333333333332,27.9375,66.66666666666667,0.6041666666666666
2868,2015-11-08,0.0,15669.25,29.120833333333334,28.133333333333336,66.04166666666667,0.9874999999999999
2869,2015-11-09,0.0,14475.48945,29.741666666666664,28.395833333333332,60.375,0.9
2870,2015-11-10,0.0,13159.85498,29.570833333333336,28.316666666666663,61.916666666666664,0.9041666666666668
2871,2015-11-11,0.0,22976.39332,29.97083333333333,28.45,59.583333333333336,0.8375
2872,2015-11-12,0.0,14557.09913,29.991666666666664,28.458333333333332,59.625,0.7625000000000001
2873,2015-11-13,0.0,17087.67076,30.349999999999998,28.887500000000003,57.854166666666664,0.8625000000000002
2874,2015-11-14,0.0,14466.793,30.541666666666668,29.3875,53.770833333333336,1.4166666666666667
2875,2015-11-15,0.0,18969.365530000003,29.704166666666666,28.129166666666666,58.770833333333336,0.725
2876,2015-11-16,0.0,18316.28102,30.491666666666664,29.037500000000005,52.729166666666664,0.55
2877,2015-11-17,0.0,12648.831,29.825,28.766666666666666,59.1875,0.9958333333333335
2878,2015-11-18,0.0,15231.65945,30.42083333333333,28.962500000000002,61.041666666666664,0.4625000000000001
2879,2015-11-19,0.0,17248.03041,31.225000000000005,29.854166666666668,51.854166666666664,0.9583333333333334
2880,2015-11-20,0.0,9209.542739999999,29.570833333333336,28.720833333333335,61.833333333333336,1.1833333333333333
2881,2015-11-21,0.0,17891.18569,29.9875,28.662499999999998,58.875,0.9625
2882,2015-11-22,0.0,17923.42289,31.0625,29.333333333333332,53.604166666666664,0.7666666666666666
2883,2015-11-23,0.0,14515.06208,31.095833333333335,29.6875,51.625,0.8291666666666666
2884,2015-11-24,0.0,5016.091640000001,26.983333333333334,26.0125,76.08333333333333,0.9166666666666666
2885,2015-11-25,0.0,17847.222,28.612499999999997,27.462499999999995,69.1875,0.5166666666666667
2886,2015-11-26,0.0,14567.35298,28.850000000000005,27.483333333333334,70.16666666666667,0.9791666666666666
2887,2015-11-27,0.2,15521.351530000002,29.224999999999998,28.10833333333333,66.1875,0.5541666666666667
2888,2015-11-28,0.0,13925.4033,29.883333333333336,28.599999999999994,59.75,0.7458333333333332
2889,2015-11-29,0.0,19398.339,29.795833333333334,28.266666666666666,64.54166666666667,0.5791666666666666
2890,2015-11-30,0.0,19189.5772,30.758333333333336,29.28333333333333,58.083333333333336,0.9333333333333332
2891,2015-12-01,0.0,19353.67269,31.90416666666667,30.19583333333333,50.020833333333336,1.2750000000000001
2892,2015-12-02,0.0,11541.05028,31.195833333333336,29.7375,52.125,0.8458333333333333
2893,2015-12-03,0.0,10365.737640000001,30.28333333333333,29.366666666666664,58.520833333333336,1.3458333333333332
2894,2015-12-04,0.0,16221.77502,30.275000000000002,28.9875,56.583333333333336,0.9375
2895,2015-12-05,0.0,13916.023,30.15416666666667,29.016666666666666,57.0,1.0291666666666666
2896,2015-12-06,0.0,12738.653,29.6125,28.45416666666667,62.3125,0.4083333333333334
2897,2015-12-07,0.0,12264.651969999999,29.97083333333333,28.59166666666667,56.520833333333336,1.2
2898,2015-12-08,0.0,17592.42886,30.77916666666667,29.0625,53.25,0.7458333333333332
2899,2015-12-09,0.0,14275.32521,29.212499999999995,27.883333333333336,62.791666666666664,0.5708333333333333
2900,2015-12-10,0.0,11574.951,29.808333333333337,28.591666666666665,61.916666666666664,0.6749999999999999
2901,2015-12-11,0.0,10909.71249,29.645833333333332,28.299999999999997,63.9375,0.5625
2902,2015-12-12,0.0,17441.962170000003,29.558333333333334,27.716666666666665,64.54166666666667,0.9375
2903,2015-12-13,0.0,15848.25214,28.925,27.629166666666666,65.52083333333333,0.7291666666666666
2904,2015-12-14,0.0,20656.812,30.23333333333333,28.59583333333333,58.291666666666664,0.8250000000000001
2905,2015-12-15,0.0,12458.754,29.066666666666663,27.537499999999998,61.541666666666664,0.8249999999999998
2906,2015-12-16,0.0,16071.459050000001,26.416666666666668,24.925,75.8125,0.6958333333333334
2907,2015-12-17,0.0,15932.195,27.254166666666666,25.89166666666667,73.60416666666667,0.8083333333333335
2908,2015-12-18,0.0,14955.803109999999,27.537499999999998,26.208333333333332,74.85416666666667,0.6166666666666667
2909,2015-12-19,0.0,13159.08,26.958333333333332,25.791666666666668,79.0,0.5125000000000001
2910,2015-12-20,0.0,15044.06321,27.3,25.849999999999998,77.4375,0.5875
2911,2015-12-21,0.0,11201.555900000001,27.383333333333336,26.399999999999995,76.625,0.42500000000000004
2912,2015-12-22,0.0,16708.14472,29.170833333333334,27.858333333333334,69.64583333333333,0.6041666666666666
2913,2015-12-23,0.0,13211.311450000001,28.395833333333332,27.35833333333333,69.64583333333333,0.725
2914,2015-12-24,0.0,12101.245670000002,29.25,28.104166666666668,64.10416666666667,0.7708333333333334
2915,2015-12-25,0.0,14210.185300000001,27.412500000000005,25.72083333333333,73.45833333333333,0.8041666666666667
2916,2015-12-26,0.0,14548.810449999999,26.650000000000002,25.508333333333336,73.47916666666667,0.43750000000000006
2917,2015-12-27,0.0,18805.314,28.416666666666668,27.208333333333332,71.70833333333333,0.49583333333333335
2918,2015-12-28,0.0,11596.13017,28.916666666666668,27.766666666666666,65.85416666666667,0.9958333333333332
2919,2015-12-29,0.0,22588.302,30.629166666666666,29.179166666666664,54.833333333333336,1.0125
2920,2015-12-30,0.0,17409.741939999996,30.425,29.145833333333332,55.875,0.6916666666666665
2921,2015-12-31,0.0,8347.928,26.84166666666667,26.02916666666667,76.41666666666667,0.8874999999999998
2922,2016-01-01,0.0,3377.79332,24.495833333333326,23.95,86.22916666666667,0.5166666666666666
2923,2016-01-02,0.0,17910.20387,27.037500000000005,25.79583333333333,75.72916666666667,0.5708333333333333
2924,2016-01-03,0.0,14724.91578,27.3875,25.75,76.91666666666667,0.5791666666666667
2925,2016-01-04,0.0,17638.29995,28.45,27.375,74.77083333333333,0.5708333333333334
2926,2016-01-05,0.0,12923.4294,28.704166666666662,27.650000000000002,72.04166666666667,0.5083333333333334
2927,2016-01-06,0.0,11064.84714,28.150000000000002,27.333333333333332,76.79166666666667,0.7291666666666666
2928,2016-01-07,0.0,7414.78251,27.441666666666666,26.758333333333336,79.04166666666667,0.4916666666666667
2929,2016-01-08,0.0,7528.79064,25.929166666666664,25.116666666666664,85.35416666666667,0.37916666666666665
2930,2016-01-09,0.0,11771.34254,26.55,25.554166666666664,82.79166666666667,0.7583333333333333
2931,2016-01-10,0.0,7224.15692,26.099999999999994,25.520833333333332,85.6875,0.5958333333333333
2932,2016-01-11,0.0,16904.833,28.65833333333333,27.729166666666668,74.47916666666667,0.4291666666666667
2933,2016-01-12,0.0,12552.00499,29.691666666666666,28.504166666666666,68.97916666666667,0.5333333333333333
2934,2016-01-13,0.0,1906.77,25.604166666666668,24.895833333333332,87.33333333333333,0.5833333333333334
2935,2016-01-14,0.0,13881.63783,25.941666666666663,25.054166666666664,83.5,0.5583333333333333
2936,2016-01-15,0.0,17657.32042,27.95416666666667,26.96666666666667,75.75,0.5750000000000001
2937,2016-01-16,0.0,16718.53009,27.900000000000002,26.59583333333333,78.3125,0.7916666666666666
2938,2016-01-17,0.0,3404.931,25.933333333333337,25.3875,88.6875,0.3333333333333333
2939,2016-01-18,0.0,12577.108,26.98333333333333,26.05,82.64583333333333,0.9166666666666666
2940,2016-01-19,0.0,11435.889439999999,27.09583333333333,26.337499999999995,80.77083333333333,1.1041666666666667
2941,2016-01-20,0.0,9364.68469,27.0125,26.03333333333333,77.66666666666667,0.7624999999999998
2942,2016-01-21,2.0,5969.42745,25.866666666666664,25.04583333333333,83.33333333333333,0.5625000000000001
2943,2016-01-22,3.6,13691.547,26.77916666666667,25.695833333333336,80.54166666666667,0.4583333333333333
2944,2016-01-23,27.2,14904.386,26.97083333333333,25.816666666666666,81.375,0.5166666666666667
2945,2016-01-24,7.4,11538.99532,27.21666666666667,25.99166666666667,81.89583333333333,0.7000000000000001
2946,2016-01-25,0.0,17827.91,27.970833333333335,26.875,78.6875,0.6583333333333333
2947,2016-01-26,10.000000000000002,4681.151609999999,26.212499999999995,25.59583333333333,84.89583333333333,0.4041666666666666
2948,2016-01-27,19.599999999999998,11867.547,25.895833333333332,25.004166666666666,84.20833333333333,1.1833333333333333
2949,2016-01-28,39.0,8449.02718,24.008333333333336,23.395833333333332,87.10416666666667,0.2916666666666667
2950,2016-01-29,0.0,18900.686,27.195833333333336,26.349999999999998,77.35416666666667,0.6625
2951,2016-01-30,6.4,18116.10443,27.650000000000002,26.40833333333333,74.16666666666667,0.8624999999999999
2952,2016-01-31,4.8,22749.505,27.8625,26.441666666666666,73.625,0.7291666666666666
2953,2016-02-01,0.0,19246.22646,27.94583333333333,26.72083333333333,73.04166666666667,1.0208333333333333
2954,2016-02-02,0.0,13907.70002,26.325,25.183333333333334,77.58333333333333,0.8666666666666667
2955,2016-02-03,11.2,19065.424280000003,27.70416666666667,26.216666666666665,75.5,0.6
2956,2016-02-04,0.0,11562.0478,27.0625,25.895833333333332,76.41666666666667,0.85
2957,2016-02-05,0.4,9084.785390000001,26.537500000000005,25.504166666666666,81.95833333333333,0.4166666666666667
2958,2016-02-06,0.2,22013.20159,28.25,26.77916666666667,76.20833333333333,0.3833333333333333
2959,2016-02-07,0.0,24080.632619999997,29.054166666666664,27.745833333333334,69.77083333333333,0.725
2960,2016-02-08,0.0,24396.09,29.3,27.850000000000005,66.5,0.9375
2961,2016-02-09,0.0,23972.57232,29.450000000000003,27.895833333333332,63.541666666666664,1.2375
2962,2016-02-10,0.0,20828.89593,29.633333333333336,28.120833333333337,66.29166666666667,0.8625000000000002
2963,2016-02-11,29.8,14553.75817,27.599999999999998,25.849999999999998,74.45833333333333,0.6916666666666668
2964,2016-02-12,33.6,17509.28934,27.1875,25.875,78.3125,0.5875
2965,2016-02-13,14.4,12923.929039999999,26.583333333333332,25.3125,83.6875,0.3541666666666667
2966,2016-02-14,4.2,13319.45673,26.46666666666667,25.416666666666668,83.10416666666667,0.32499999999999996
2967,2016-02-15,0.0,17507.408,27.854166666666668,26.849999999999998,75.625,0.47500000000000003
2968,2016-02-16,0.0,20042.16961,28.7625,27.545833333333334,70.1875,0.8624999999999999
2969,2016-02-17,0.0,24761.512,29.53333333333333,28.366666666666664,70.5625,0.7083333333333334
2970,2016-02-18,0.0,21606.09802,29.479166666666668,27.991666666666664,69.66666666666667,0.4416666666666667
2971,2016-02-19,0.0,18096.901739999998,29.345833333333335,28.03333333333333,71.1875,0.5333333333333333
2972,2016-02-20,3.0,16178.68574,28.4875,27.070833333333336,73.41666666666667,1.0833333333333333
2973,2016-02-21,0.0,19123.94195,28.416666666666668,27.22916666666667,73.5625,0.8874999999999998
2974,2016-02-22,0.0,23983.95607,29.145833333333332,27.75833333333333,70.1875,0.7999999999999999
2975,2016-02-23,0.0,21356.707560000003,29.945833333333336,28.34583333333333,66.75,0.975
2976,2016-02-24,0.6,26160.345,30.625,29.07916666666667,62.354166666666664,0.9958333333333332
2977,2016-02-25,0.0,20222.69057,30.445833333333336,28.7,63.916666666666664,1.05
2978,2016-02-26,2.4000000000000004,10889.54515,27.900000000000002,26.795833333333334,75.6875,0.6708333333333334
2979,2016-02-27,33.0,5392.00982,26.61666666666667,25.53333333333333,85.66666666666667,0.325
2980,2016-02-28,0.0,19884.059,28.629166666666663,27.241666666666664,75.70833333333333,0.5375
2981,2016-02-29,0.0,21515.348100000003,29.641666666666666,28.2375,70.95833333333333,0.6791666666666666
2982,2016-03-01,0.0,20717.71082,29.791666666666668,28.195833333333336,70.75,0.7208333333333332
2983,2016-03-02,1.6,11252.883,27.858333333333334,26.670833333333334,79.27083333333333,0.7291666666666666
2984,2016-03-03,0.0,7075.14193,27.016666666666666,26.345833333333335,80.4375,0.2833333333333333
2985,2016-03-04,0.4,13970.752980000001,28.708333333333332,27.599999999999998,77.20833333333333,0.3333333333333333
2986,2016-03-05,26.0,11255.127789999999,26.891666666666666,25.42916666666667,84.27083333333333,0.7166666666666668
2987,2016-03-06,20.0,8002.703030000001,26.083333333333332,25.241666666666664,85.83333333333333,0.30833333333333335
2988,2016-03-07,1.2000000000000002,6677.103,26.21666666666667,25.5625,86.91666666666667,0.3041666666666667
2989,2016-03-08,1.5999999999999999,11864.66966,27.30416666666667,26.474999999999998,82.27083333333333,0.4416666666666667
2990,2016-03-09,0.6000000000000001,10582.628,26.504166666666666,25.570833333333336,81.52083333333333,0.23750000000000002
2991,2016-03-10,1.6,21388.712,27.866666666666664,26.59583333333333,77.75,0.6
2992,2016-03-11,81.6,13684.14,26.508333333333336,25.575,82.79166666666667,0.7625000000000001
2993,2016-03-12,0.0,17594.17778,28.474999999999998,27.087500000000002,74.95833333333333,0.42083333333333334
2994,2016-03-13,0.0,12694.614629999998,28.05,27.087499999999995,77.14583333333333,0.24583333333333335
2995,2016-03-14,2.4,13546.436940000001,27.97083333333333,26.64166666666667,77.66666666666667,0.41250000000000003
2996,2016-03-15,0.0,16907.70538,29.208333333333332,27.86666666666667,72.58333333333333,0.6208333333333332
2997,2016-03-16,1.2,18261.588,28.441666666666663,26.76666666666667,77.875,0.32499999999999996
2998,2016-03-17,1.0,16633.03586,29.041666666666668,27.524999999999995,73.27083333333333,0.9291666666666666
2999,2016-03-18,0.0,18637.58915,28.958333333333332,27.6125,73.89583333333333,0.7708333333333334
3000,2016-03-19,3.6,16158.671930000002,29.0625,27.325,75.875,0.48750000000000004
3001,2016-03-20,3.2,11044.01309,27.79583333333333,26.52916666666667,79.47916666666667,0.4458333333333333
3002,2016-03-21,1.6,11104.011,27.325,26.274999999999995,82.5625,0.4375
3003,2016-03-22,0.6000000000000001,15941.68208,28.70434782608696,27.317391304347826,77.06521739130434,0.42173913043478256
3004,2016-03-23,0.2,16825.09647,28.383333333333336,26.816666666666666,74.89583333333333,0.6083333333333334
3005,2016-03-24,2.4,16454.19755,27.858333333333334,26.229166666666668,77.22916666666667,0.4708333333333334
3006,2016-03-25,2.2,16026.8451,27.741666666666664,26.3875,80.66666666666667,0.4791666666666667
3007,2016-03-26,0.2,16393.471,28.504166666666666,27.1125,78.33333333333333,0.3041666666666667
3008,2016-03-27,3.6,17928.768,28.679166666666664,26.712499999999995,79.89583333333333,0.2625
3009,2016-03-28,0.0,12580.590189999999,28.59583333333333,27.3125,77.875,0.3958333333333333
3010,2016-03-29,0.2,16165.292,28.404166666666665,27.15416666666667,76.66666666666667,0.42083333333333334
3011,2016-03-30,1.7999999999999998,18932.984,27.725000000000005,26.03333333333333,78.16666666666667,0.5541666666666667
3012,2016-03-31,0.0,16980.294670000003,28.90833333333333,27.695833333333336,74.47916666666667,0.6541666666666667
3013,2016-04-01,11.8,15411.797,27.620833333333337,26.3125,80.60416666666667,0.4458333333333333
3014,2016-04-02,0.0,14573.32425,28.108333333333334,26.925,75.79166666666667,0.5583333333333333
3015,2016-04-03,27.2,14808.1245,27.070833333333336,25.791666666666668,80.1875,0.45416666666666666
3016,2016-04-04,0.0,18303.198800000002,29.34583333333333,28.212500000000002,74.52083333333333,0.45416666666666666
3017,2016-04-05,0.0,20067.02364,29.083333333333332,27.425,75.1875,0.4375
3018,2016-04-06,18.4,13489.25606,28.495833333333337,26.875,78.25,0.4375
3019,2016-04-07,7.6,14406.535300000001,27.90416666666667,26.4875,81.66666666666667,0.3125
3020,2016-04-08,0.2,17331.523149999997,28.40416666666667,27.3,77.41666666666667,0.35000000000000003
3021,2016-04-09,0.2,13998.05034,29.175,27.816666666666666,75.22916666666667,0.3625
3022,2016-04-10,0.0,19400.18714,29.416666666666668,27.883333333333336,73.58333333333333,0.7291666666666666
3023,2016-04-11,3.0,13243.3591,27.9375,26.725000000000005,79.02083333333333,0.4041666666666666
3024,2016-04-12,7.6000000000000005,13265.50971,26.9875,25.566666666666663,82.60416666666667,0.5541666666666667
3025,2016-04-13,0.2,15355.278,26.85833333333333,25.787499999999998,82.58333333333333,0.3833333333333333
3026,2016-04-14,0.0,16697.33,27.887500000000003,26.649999999999995,79.125,0.4166666666666667
3027,2016-04-15,4.0,5922.18442,26.120833333333334,25.337500000000002,85.10416666666667,0.39999999999999997
3028,2016-04-16,6.4,14214.933140000001,27.099999999999998,25.883333333333336,80.875,0.3583333333333334
3029,2016-04-17,0.0,17921.537,28.491666666666664,27.016666666666666,77.85416666666667,0.7583333333333334
3030,2016-04-18,0.0,15435.945800000001,28.833333333333332,27.479166666666668,74.75,0.7791666666666668
3031,2016-04-19,1.2,19189.394,29.491666666666664,28.03333333333333,71.29166666666667,1.1333333333333335
3032,2016-04-20,0.2,22703.32125,29.5,28.05,68.79166666666667,0.9
3033,2016-04-21,0.0,17628.801869999996,29.72083333333333,27.995833333333334,66.77083333333333,0.7583333333333334
3034,2016-04-22,7.2,13350.57672,28.40833333333333,26.95,76.875,0.4208333333333334
3035,2016-04-23,0.2,19658.78787,28.425,27.037499999999998,76.875,0.5541666666666667
3036,2016-04-24,0.0,20865.418,29.7,28.34166666666667,71.72916666666667,0.5458333333333334
3037,2016-04-25,0.0,13349.696179999999,29.320833333333336,28.170833333333334,72.83333333333333,0.6
3038,2016-04-26,0.0,15996.832349999999,29.066666666666666,27.57916666666667,72.58333333333333,0.6833333333333332
3039,2016-04-27,0.2,18392.039,29.125,27.45,73.5,0.4583333333333333
3040,2016-04-28,3.2,11477.04612,28.354166666666668,26.837500000000002,78.625,0.2791666666666666
3041,2016-04-29,1.0,11382.109,26.291304347826088,25.09565217391304,83.8695652173913,0.8739130434782609
3042,2016-04-30,0.0,12831.37,26.40869565217392,25.247826086956525,81.67391304347827,0.4652173913043478
3043,2016-05-01,0.8,8726.21506,26.877272727272725,25.818181818181817,81.79545454545455,0.2772727272727273
3044,2016-05-02,0.0,15011.04744,29.526315789473685,27.842105263157894,70.84210526315789,0.5526315789473685
3045,2016-05-03,25.8,12453.592480000001,27.671428571428567,26.014285714285712,78.07142857142857,0.5523809523809524
3046,2016-05-04,0.6000000000000001,10238.705,27.678947368421056,26.16315789473684,78.3157894736842,0.6631578947368422
3047,2016-05-05,0.0,11906.81927,28.372727272727275,27.099999999999998,75.0,0.5590909090909091
3048,2016-05-06,0.0,16359.12714,28.95714285714286,27.523809523809526,70.76190476190476,0.5761904761904761
3049,2016-05-07,0.0,19200.35534,29.109523809523814,27.328571428571433,68.64285714285714,0.9333333333333333
3050,2016-05-08,0.0,20276.076,28.363636363636363,26.686363636363634,71.68181818181819,0.5454545454545454
3051,2016-05-09,0.0,19190.028,29.14090909090909,27.472727272727273,67.81818181818181,0.6181818181818183
3052,2016-05-10,9.0,16599.303050000002,29.136363636363637,27.45,69.04545454545455,0.6318181818181817
3053,2016-05-11,0.0,16512.096,29.345454545454547,27.977272727272727,71.25,0.8409090909090909
3054,2016-05-12,3.6,11795.237,28.971428571428575,27.338095238095235,76.30952380952381,0.4619047619047619
3055,2016-05-13,0.2,19284.129,29.313636363636363,28.068181818181817,72.02272727272727,0.9181818181818181
3056,2016-05-14,0.0,10955.443489999998,27.84090909090909,26.45909090909091,75.86363636363636,0.34545454545454546
3057,2016-05-15,0.0,18698.14504,29.095,27.5,68.475,1.085
3058,2016-05-16,0.0,17096.733,29.177272727272726,27.563636363636366,66.52272727272727,0.6409090909090909
3059,2016-05-17,0.0,9672.87915,28.745454545454546,27.231818181818184,69.81818181818181,0.6318181818181817
3060,2016-05-18,0.0,16917.24484,30.004761904761907,28.41428571428571,68.45238095238095,0.5714285714285714
3061,2016-05-19,0.0,15636.44954,29.34545454545454,27.704545454545453,69.86363636363636,0.5136363636363637
3062,2016-05-20,0.0,14657.623109999999,30.51,28.729999999999997,63.9,0.72
3063,2016-05-21,0.0,14451.220559999998,29.19047619047619,27.428571428571427,63.833333333333336,0.8285714285714286
3064,2016-05-22,0.0,21012.041,29.985000000000003,28.035000000000004,60.8,0.7649999999999999
3065,2016-05-23,0.0,17297.37745,29.26666666666667,27.604761904761908,66.19047619047619,0.5238095238095238
3066,2016-05-24,0.0,17222.34259,29.222727272727273,27.622727272727275,65.9090909090909,0.5272727272727272
3067,2016-05-25,13.999999999999998,9423.416650000001,27.2904761904762,25.523809523809526,80.52380952380952,0.48571428571428565
3068,2016-05-26,5.800000000000001,9942.16395,27.926315789473687,26.531578947368423,75.73684210526316,0.7315789473684211
3069,2016-05-27,0.0,9142.927989999998,27.85238095238095,26.671428571428567,77.73809523809524,0.39047619047619053
3070,2016-05-28,0.0,13907.6945,28.836363636363636,27.277272727272727,70.20454545454545,0.8500000000000001
3071,2016-05-29,0.0,12899.298480000001,28.238095238095237,26.704761904761902,72.85714285714286,0.6238095238095238
3072,2016-05-30,0.0,14964.64357,27.747826086956525,26.52173913043478,73.78260869565217,0.7217391304347827
3073,2016-05-31,19.799999999999997,7393.52294,26.504347826086956,25.01304347826087,81.71739130434783,0.5608695652173913
3074,2016-06-01,1.6,11766.28917,27.58888888888889,26.033333333333335,79.86111111111111,0.43333333333333335
3075,2016-06-02,0.0,14188.002960000002,29.133333333333333,27.761904761904763,73.07142857142857,0.30000000000000004
3076,2016-06-03,0.0,12025.52752,28.831578947368417,27.542105263157893,72.52631578947368,0.6105263157894738
3077,2016-06-04,0.0,18452.52677,28.669565217391302,27.265217391304343,72.30434782608695,0.7086956521739131
3078,2016-06-05,13.6,11615.9104,27.433333333333337,25.833333333333332,78.97916666666667,0.3791666666666667
3079,2016-06-06,7.0,12432.12014,27.277272727272724,25.568181818181817,79.9090909090909,0.540909090909091
3080,2016-06-07,0.2,14986.98093,26.866666666666664,25.666666666666668,78.64583333333333,0.25416666666666665
3081,2016-06-08,0.0,14716.59968,28.004166666666666,26.65833333333333,74.5,0.2333333333333333
3082,2016-06-09,0.0,16422.631,27.91904761904762,26.54285714285714,73.33333333333333,0.33809523809523806
3083,2016-06-10,0.0,15239.682,27.445833333333336,26.1875,75.52083333333333,0.2708333333333333
3084,2016-06-11,0.0,16848.09157,27.3,25.850000000000005,73.10416666666667,0.4458333333333333
3085,2016-06-12,0.0,14154.889100000002,28.236363636363638,26.772727272727273,70.1590909090909,0.3409090909090909
3086,2016-06-13,0.0,10229.956269999999,27.341666666666665,25.875,74.20833333333333,0.37083333333333335
3087,2016-06-14,0.0,9863.72061,28.104545454545452,26.513636363636362,68.47727272727273,0.9636363636363636
3088,2016-06-15,0.0,18136.334600000002,27.30909090909091,25.395454545454548,61.95454545454545,1.018181818181818
3089,2016-06-16,0.0,17995.06605,28.494999999999997,26.555,58.4,0.809090909090909
3090,2016-06-17,0.0,18101.86569,29.894444444444446,27.727777777777778,55.94444444444444,0.8666666666666667
3091,2016-06-18,0.6,14898.828,29.775000000000002,27.59375,61.8125,0.80625
3092,2016-06-19,0.0,18789.024,30.2,28.0,59.93333333333333,0.94375
3093,2016-06-20,0.0,9365.81046,28.973684210526315,26.99473684210527,63.21052631578947,0.7105263157894737
3094,2016-06-21,0.0,19394.212,31.333333333333332,29.113333333333333,44.36666666666667,1.5625
3095,2016-06-22,0.0,17189.41808,31.166666666666668,28.526666666666664,43.96666666666667,1.3733333333333335
3096,2016-06-23,0.0,14023.06948,31.286666666666665,29.279999999999994,49.8,1.0866666666666667
3097,2016-06-24,0.0,17530.238,30.65555555555555,28.466666666666665,55.22222222222222,1.0315789473684212
3098,2016-06-25,0.0,15971.41354,30.575000000000003,28.231250000000003,49.5,1.4000000000000001
3099,2016-06-26,0.0,15861.403,31.1,29.013333333333335,44.666666666666664,1.6933333333333331
3100,2016-06-27,0.0,16412.18932,31.526666666666664,29.08,43.63333333333333,1.84375
3101,2016-06-28,0.0,19623.377,28.358333333333334,26.629166666666666,55.8125,0.8916666666666666
3102,2016-06-29,0.0,20410.091,28.769565217391307,26.891304347826086,53.43478260869565,1.208695652173913
3103,2016-06-30,0.0,20319.181170000003,31.212500000000002,28.96875,40.09375,1.3882352941176472
3104,2016-07-01,0.0,20052.68,31.033333333333335,28.873333333333335,40.666666666666664,1.5499999999999998
3105,2016-07-02,0.0,16888.638,31.54,29.19333333333333,42.06666666666667,1.1625
3106,2016-07-03,0.0,11704.61931,31.893749999999997,29.7875,43.40625,1.0823529411764705
3107,2016-07-04,0.0,18458.654,32.7,30.485714285714288,38.32142857142857,1.9533333333333334
3108,2016-07-05,0.0,15913.22075,32.44285714285714,29.735714285714288,39.107142857142854,1.5266666666666666
3109,2016-07-06,0.0,17966.531,31.0125,28.6625,45.34375,1.1125
3110,2016-07-07,0.0,13531.08841,29.95,28.390909090909087,54.09090909090909,0.5454545454545454
3111,2016-07-08,0.0,11464.247879999999,28.991304347826084,27.043478260869566,64.15217391304348,0.7434782608695653
3112,2016-07-09,4.6,11070.959949999999,26.520833333333332,24.95416666666667,73.9375,0.6708333333333333
3113,2016-07-10,1.0,14385.96017,28.468421052631577,26.389473684210532,72.71052631578948,0.20526315789473684
3114,2016-07-11,0.2,13552.803390000001,30.135294117647057,28.223529411764705,58.44117647058823,0.6470588235294118
3115,2016-07-12,0.2,19578.495,30.241176470588236,28.22941176470588,56.38235294117647,0.7999999999999999
3116,2016-07-13,0.0,15044.195940000001,30.993750000000002,28.94375,52.25,1.0470588235294116
3117,2016-07-14,0.0,20505.608,31.268749999999997,29.143749999999997,48.9375,0.8647058823529411
3118,2016-07-15,0.2,19164.66614,31.25625,29.15,44.6875,1.1294117647058826
3119,2016-07-16,0.0,19779.559,31.381249999999998,28.85,42.84375,1.035294117647059
3120,2016-07-17,0.0,15911.31459,30.641176470588242,28.31176470588235,45.14705882352941,0.8055555555555557
3121,2016-07-18,0.0,18512.97779,31.549999999999997,29.331250000000004,48.90625,0.5117647058823529
3122,2016-07-19,0.0,17733.924,30.470588235294116,28.299999999999997,55.38235294117647,0.9444444444444444
3123,2016-07-20,0.0,16241.146,30.46875,28.43125,54.5625,1.2058823529411764
3124,2016-07-21,0.0,15802.18492,31.1,29.076470588235296,47.794117647058826,0.9500000000000001
3125,2016-07-22,0.0,20348.11837,31.31176470588235,28.7764705882353,44.76470588235294,0.9166666666666666
3126,2016-07-23,0.0,18988.113,31.04375,28.61875,41.9375,1.6875
3127,2016-07-24,0.0,15990.51951,29.69473684210526,27.310526315789467,38.973684210526315,1.605
3128,2016-07-25,0.0,21119.171,30.12777777777778,27.78888888888889,38.361111111111114,0.8777777777777778
3129,2016-07-26,0.0,21113.251,30.29444444444444,27.850000000000005,40.44444444444444,1.1277777777777778
3130,2016-07-27,0.0,21603.106,30.61764705882353,28.170588235294115,36.1764705882353,1.0333333333333334
3131,2016-07-28,0.0,18424.89357,30.50588235294118,28.070588235294117,36.970588235294116,1.1166666666666667
3132,2016-07-29,0.0,12908.92398,31.347058823529416,29.28235294117647,42.11764705882353,1.0055555555555555
3133,2016-07-30,0.0,20039.374480000002,33.09375,31.01875,30.71875,2.3470588235294123
3134,2016-07-31,0.0,18434.03705,31.394117647058827,28.935294117647057,33.88235294117647,1.3055555555555556
3135,2016-08-01,0.0,18870.395780000003,31.970588235294116,29.799999999999997,35.3235294117647,1.2611111111111113
3136,2016-08-02,0.0,20383.55687,31.464705882352945,29.211764705882356,37.26470588235294,1.0722222222222224
3137,2016-08-03,0.0,19778.561,32.14705882352941,29.735294117647058,36.38235294117647,1.0166666666666666
3138,2016-08-04,0.0,19186.43448,32.258823529411764,29.958823529411767,34.44117647058823,1.6111111111111112
3139,2016-08-05,0.0,17410.07873,32.07647058823529,29.78235294117647,31.794117647058822,1.6333333333333335
3140,2016-08-06,0.0,18160.531629999998,31.447058823529407,29.2235294117647,36.14705882352941,1.1277777777777775
3141,2016-08-07,0.0,19392.968740000004,32.30588235294118,30.023529411764713,36.0,0.8611111111111112
3142,2016-08-08,0.0,18815.06389,30.99411764705882,28.61176470588235,44.970588235294116,1.1166666666666667
3143,2016-08-09,0.0,19190.665920000003,31.970588235294116,29.805882352941175,43.0,1.0333333333333334
3144,2016-08-10,0.0,15034.79246,31.841176470588234,29.511764705882356,44.94117647058823,0.8444444444444444
3145,2016-08-11,0.0,12327.97035,31.664705882352937,29.688235294117643,49.970588235294116,1.1333333333333333
3146,2016-08-12,0.0,13597.500039999999,30.758823529411764,28.99411764705882,53.470588235294116,0.9444444444444444
3147,2016-08-13,0.0,14369.788050000001,31.61764705882353,29.735294117647058,47.73529411764706,1.1944444444444444
3148,2016-08-14,0.0,16533.065,32.41875,30.28125,41.625,0.9125
3149,2016-08-15,0.0,18874.6194,31.80588235294118,29.676470588235293,43.205882352941174,1.1166666666666667
3150,2016-08-16,0.0,16008.117,30.81666666666667,28.944444444444443,47.861111111111114,0.636842105263158
3151,2016-08-17,0.0,19482.524,32.33888888888889,30.349999999999998,45.916666666666664,0.8105263157894737
3152,2016-08-18,0.0,16090.64086,32.638888888888886,30.716666666666672,45.44444444444444,0.9388888888888888
3153,2016-08-19,0.0,12934.03817,32.699999999999996,31.041176470588237,42.5,1.3823529411764706
3154,2016-08-20,0.0,19503.432,32.650000000000006,30.70555555555556,39.19444444444444,1.4052631578947368
3155,2016-08-21,0.0,20063.204,32.5,30.46111111111111,40.22222222222222,0.8736842105263158
3156,2016-08-22,0.0,21007.806,32.26666666666667,30.400000000000002,44.666666666666664,0.6684210526315789
3157,2016-08-23,0.0,11293.896,30.47222222222222,28.705555555555552,54.19444444444444,1.036842105263158
3158,2016-08-24,0.0,14672.30726,31.69411764705882,29.752941176470586,48.205882352941174,1.5647058823529412
3159,2016-08-25,0.0,18828.46114,31.75,29.21111111111111,39.611111111111114,1.3666666666666667
3160,2016-08-26,0.0,13090.83793,32.361111111111114,30.022222222222226,36.5,1.4444444444444444
3161,2016-08-27,0.0,19086.57,33.43529411764706,31.476470588235287,31.941176470588236,1.5555555555555556
3162,2016-08-28,0.0,16039.7559,32.483333333333334,30.5,40.97222222222222,0.7944444444444445
3163,2016-08-29,0.0,19746.221,32.34117647058824,30.047058823529408,41.64705882352941,1.076470588235294
3164,2016-08-30,0.0,13933.962379999999,31.975,30.15625,43.0625,1.4058823529411764
3165,2016-08-31,0.0,17160.156689999996,32.576470588235296,30.58823529411765,41.94117647058823,1.0833333333333333
3166,2016-09-01,0.0,19148.656,33.611764705882344,31.247058823529414,41.6764705882353,1.038888888888889
3167,2016-09-02,0.0,15330.81348,33.94375,31.575,36.71875,1.1823529411764706
3168,2016-09-03,0.0,16662.507879999997,32.45882352941176,30.435294117647064,38.88235294117647,0.9055555555555556
3169,2016-09-04,0.0,18772.284,33.25,31.0,36.9375,0.7941176470588235
3170,2016-09-05,0.0,20869.026,33.5625,31.375,36.84375,1.2000000000000002
3171,2016-09-06,0.0,17397.705759999997,33.325,31.24375,40.0625,1.311764705882353
3172,2016-09-07,0.0,9643.33966,32.849999999999994,30.956249999999997,45.875,0.89375
3173,2016-09-08,0.0,10895.303,31.03125,29.70625,52.3125,1.05
3174,2016-09-09,0.0,15142.667710000002,32.53125,30.65625,47.09375,1.488235294117647
3175,2016-09-10,0.0,14188.29787,32.76923076923077,30.815384615384616,44.07692307692308,1.5071428571428573
3176,2016-09-11,0.0,20650.04706,34.276923076923076,32.12307692307692,35.38461538461539,1.6357142857142857
3177,2016-09-12,0.0,14470.04892,31.01875,29.118750000000002,46.34375,0.8062499999999999
3178,2016-09-13,0.0,14217.14096,33.48888888888889,31.54444444444444,44.388888888888886,0.86
3179,2016-09-14,0.0,16954.278049999997,34.5,32.22,45.05,1.1454545454545453
3180,2016-09-15,0.0,13065.94683,35.275,33.025,39.5,1.7444444444444445
3181,2016-09-16,0.0,15249.364,33.58888888888888,31.06666666666667,47.888888888888886,1.6444444444444446
3182,2016-09-17,0.0,17674.59015,34.47777777777778,32.07777777777778,42.44444444444444,2.0222222222222226
3183,2016-09-18,0.0,16434.78324,34.199999999999996,31.799999999999997,39.72222222222222,1.33
3184,2016-09-19,0.0,18884.63536,33.13,31.029999999999994,44.0,1.23
3185,2016-09-20,0.0,14884.30847,32.95,30.629999999999995,47.15,0.99
3186,2016-09-21,0.0,17095.666370000003,34.611111111111114,32.300000000000004,40.611111111111114,1.6799999999999997
3187,2016-09-22,0.0,20336.44103,34.099999999999994,31.988888888888894,40.22222222222222,2.7666666666666666
3188,2016-09-23,0.0,15762.953,30.353846153846156,28.176923076923075,58.38461538461539,1.0785714285714287
3189,2016-09-24,0.0,16421.65101,30.65555555555555,28.949999999999996,56.05555555555556,0.7722222222222221
3190,2016-09-25,0.0,21384.218,31.92777777777778,30.28888888888889,47.22222222222222,1.2555555555555555
3191,2016-09-26,0.0,17953.99532,30.441176470588236,28.31764705882353,58.6764705882353,1.4058823529411764
3192,2016-09-27,0.0,11196.939920000003,30.450000000000003,28.575,58.25,0.45625000000000004
3193,2016-09-28,0.0,17409.265509999997,29.86875,27.8875,64.78125,0.7125
3194,2016-09-29,0.0,13887.639559999998,29.93125,28.61875,63.625,0.59375
3195,2016-09-30,0.0,4249.065060000001,26.36923076923077,25.47692307692308,79.65384615384616,0.6153846153846154
3196,2016-10-01,0.0,12996.82188,30.63125,29.018749999999997,58.8125,0.84375
3197,2016-10-02,0.0,21689.47901,31.780000000000005,30.1,52.1,0.6125
3198,2016-10-03,0.0,19456.20905,32.95625,31.11875,47.125,1.19375
3199,2016-10-04,0.0,20505.169,32.5125,30.737499999999997,48.0,1.05625
3200,2016-10-05,0.0,11672.504,28.68,27.15333333333333,69.03333333333333,0.9
3201,2016-10-06,0.0,13458.64559,31.053333333333335,29.566666666666666,58.266666666666666,1.1199999999999999
3202,2016-10-07,0.0,18347.118,30.192857142857143,28.585714285714285,61.892857142857146,0.8428571428571429
3203,2016-10-08,0.0,23702.545,31.74285714285714,29.985714285714288,55.357142857142854,1.5666666666666667
3204,2016-10-09,0.0,18662.812,33.4375,31.724999999999998,46.3125,1.5
3205,2016-10-10,0.0,19614.8171,34.475,32.6,42.3125,1.1333333333333333
3206,2016-10-11,0.0,15541.65727,34.029999999999994,32.14,41.35,1.9600000000000002
3207,2016-10-12,0.0,20945.997,33.875,31.6625,41.375,2.4625
3208,2016-10-13,0.0,23016.368,33.879999999999995,31.979999999999997,41.65,2.69
3209,2016-10-14,0.0,19317.369,34.775,32.525,41.0625,2.075
3210,2016-10-15,0.0,17376.763280000003,34.550000000000004,32.325,38.375,0.7375
3211,2016-10-16,0.0,13330.958349999999,33.8875,32.0125,46.375,1.35
3212,2016-10-17,0.0,0.0,,,,
3213,2016-10-18,0.0,18608.52471,34.974999999999994,33.0375,40.125,1.4625
3214,2016-10-19,0.0,19778.356,34.425,32.3125,41.25,1.8125
3215,2016-10-20,0.0,8408.515,33.05,31.375,48.625,1.64
3216,2016-10-21,0.0,10241.193,32.333333333333336,30.78333333333333,51.666666666666664,1.6333333333333335
3217,2016-10-22,0.0,9144.838,34.0,32.14,46.3,0.9400000000000001
3218,2016-10-23,0.0,9678.372,34.3,31.825,47.25,1.475
3219,2016-10-24,0.0,4474.709,31.433333333333337,30.46666666666667,53.666666666666664,2.6666666666666665
3220,2016-10-25,0.0,11434.203,34.625,32.275,44.0,1.125
3221,2016-10-26,0.0,14747.7356,32.71111111111111,30.900000000000002,50.44444444444444,0.9777777777777776
3222,2016-10-27,0.0,7984.487,34.099999999999994,32.175,46.125,1.275
3223,2016-10-28,0.0,8305.9768,34.9,32.980000000000004,40.8,1.2
3224,2016-10-29,0.0,0.0,,,,
3225,2016-10-30,0.0,9141.21603,32.58,30.279999999999994,52.7,1.16
3226,2016-10-31,0.0,8511.681,31.575,29.55,51.625,2.55
3227,2016-11-01,0.0,9388.70385,32.125,30.6875,54.875,0.6875
3228,2016-11-02,0.0,16069.472,35.75,33.53333333333333,36.916666666666664,1.9833333333333334
3229,2016-11-03,0.0,13098.319,35.5,33.516666666666666,38.0,1.4666666666666668
3230,2016-11-04,0.0,15058.169,35.9,33.52,39.1,0.7000000000000001
3231,2016-11-05,0.0,16185.37982,36.2125,33.925,36.9375,1.5374999999999999
3232,2016-11-06,0.0,13383.294539999999,35.875,33.6625,37.5625,1.0125
3233,2016-11-07,0.0,11712.438,33.71666666666667,31.650000000000002,47.416666666666664,1.4000000000000001
3234,2016-11-08,0.0,0.0,,,,
3235,2016-11-09,0.0,8786.417,32.2,30.575,54.625,1.9200000000000004
3236,2016-11-10,0.0,2054.507,30.6,27.4,65.5,1.8
3237,2016-11-11,0.0,13959.168,32.142857142857146,30.599999999999998,55.785714285714285,2.185714285714286
3238,2016-11-12,0.0,12476.809,32.18571428571428,30.74285714285714,49.714285714285715,2.085714285714286
3239,2016-11-13,0.0,20765.713,34.785714285714285,32.885714285714286,35.92857142857143,1.5571428571428572
3240,2016-11-14,0.0,15037.64989,34.885714285714286,32.57142857142857,45.5,0.7999999999999999
3241,2016-11-15,0.0,0.0,,,,
3242,2016-11-16,0.0,9439.994470000001,32.77142857142857,30.857142857142858,50.642857142857146,2.142857142857143
3243,2016-11-17,0.0,15679.309,33.625,31.725,44.4375,1.7375
3244,2016-11-18,0.0,11244.888,32.05,30.233333333333334,52.083333333333336,1.7333333333333334
3245,2016-11-19,0.0,3928.828,32.6,31.25,54.75,1.15
3246,2016-11-20,0.0,12266.146,33.575,31.275000000000002,52.5,1.675
3247,2016-11-21,0.0,8009.57587,30.639999999999997,29.04,61.3,2.2600000000000002
3248,2016-11-22,0.0,8720.219,32.075,30.075,58.125,0.425
3249,2016-11-23,0.0,7711.6196,32.111111111111114,30.45555555555556,54.27777777777778,0.9399999999999998
3250,2016-11-24,0.0,20515.411,29.30416666666667,27.724999999999998,69.33333333333333,0.8208333333333333
3251,2016-11-25,0.0,20989.05114,30.48333333333333,28.98333333333333,62.916666666666664,0.6083333333333333
3252,2016-11-26,0.0,14526.12561,29.820833333333336,28.320833333333336,65.04166666666667,0.6750000000000002
3253,2016-11-27,0.0,20916.879699999998,29.804166666666664,28.3875,62.291666666666664,0.45
3254,2016-11-28,0.0,19055.03115,30.245833333333337,28.5125,58.333333333333336,0.41250000000000003
3255,2016-11-29,0.0,15207.24975,30.5,28.695833333333336,57.770833333333336,0.6583333333333333
3256,2016-11-30,0.0,15110.85952,30.0,28.358333333333334,60.666666666666664,0.7708333333333334
3257,2016-12-01,0.0,14821.444280000002,29.78333333333333,28.479166666666668,61.729166666666664,0.8375
3258,2016-12-02,0.0,9649.504,27.745833333333334,26.520833333333332,69.0625,0.8833333333333333
3259,2016-12-03,21.199999999999996,12009.23877,26.48333333333333,24.933333333333337,77.04166666666667,0.5791666666666666
3260,2016-12-04,0.4,15244.98267,27.1875,25.78333333333333,75.60416666666667,0.4875
3261,2016-12-05,0.0,19657.779,29.120833333333334,27.983333333333334,65.45833333333333,0.42500000000000004
3262,2016-12-06,0.2,17980.28695,29.59583333333333,28.30416666666667,66.39583333333333,0.4083333333333334
3263,2016-12-07,1.2,11591.93188,28.229166666666668,26.745833333333337,72.33333333333333,0.65
3264,2016-12-08,32.599999999999994,7928.746480000001,26.287499999999998,25.504166666666666,82.08333333333333,0.42083333333333334
3265,2016-12-09,0.0,15612.99357,28.175,26.89166666666667,73.85416666666667,0.26666666666666666
3266,2016-12-10,0.0,16563.31739,29.325,28.09166666666667,67.41666666666667,0.3458333333333334
3267,2016-12-11,6.0,15473.088,28.079166666666662,26.958333333333332,75.66666666666667,0.3375000000000001
3268,2016-12-12,9.200000000000001,10068.84727,26.695833333333336,25.816666666666666,79.72916666666667,0.55
3269,2016-12-13,0.0,16179.012859999999,27.950000000000003,26.9375,73.54166666666667,0.6375
3270,2016-12-14,78.39999999999999,8062.30453,26.116666666666664,25.2,83.625,0.3875
3271,2016-12-15,4.0,6388.186070000001,25.333333333333332,24.691666666666663,84.95833333333333,0.3666666666666667
3272,2016-12-16,0.0,15589.32504,27.2625,26.304166666666664,77.04166666666667,0.29583333333333334
3273,2016-12-17,0.0,9333.08261,26.625,25.895833333333332,78.79166666666667,0.3875
3274,2016-12-18,9.8,7802.74513,26.058333333333337,25.0125,80.22916666666667,0.7000000000000001
3275,2016-12-19,4.0,13392.15856,24.8875,24.104166666666668,80.83333333333333,0.4333333333333333
3276,2016-12-20,0.0,15740.06652,27.266666666666666,26.133333333333336,71.97916666666667,0.5708333333333334
3277,2016-12-21,0.0,16144.85123,27.858333333333334,26.7625,70.77083333333333,1.0166666666666666
3278,2016-12-22,0.0,17238.60435,28.72083333333333,27.395833333333332,68.41666666666667,0.8458333333333333
3279,2016-12-23,0.8,13269.56842,29.008333333333336,27.633333333333336,73.91666666666667,0.49583333333333335
3280,2016-12-24,7.2,8760.87904,26.870833333333337,25.833333333333332,82.1875,0.4875
3281,2016-12-25,9.4,14566.21111,26.74166666666667,25.45833333333334,81.16666666666667,0.4625000000000001
3282,2016-12-26,1.0,18413.949,27.22083333333333,26.104166666666668,78.5625,0.22916666666666666
3283,2016-12-27,12.799999999999999,19539.436,27.287499999999998,25.783333333333335,75.875,0.3541666666666667
3284,2016-12-28,0.0,15137.65665,26.762500000000003,25.76666666666667,80.54166666666667,0.5875
3285,2016-12-29,0.2,10300.572,27.23333333333333,26.491666666666664,80.5,0.3333333333333333
3286,2016-12-30,2.2,12232.51342,27.304166666666664,25.875,77.66666666666667,0.5583333333333335
3287,2016-12-31,0.2,17407.501,27.6125,26.4875,78.75,0.4375
3288,2017-01-01,0.0,11113.367219999998,27.67083333333333,26.77916666666667,79.02083333333333,0.3833333333333333
3289,2017-01-02,2.2,7466.49603,26.758333333333336,26.079166666666666,83.04166666666667,0.2916666666666667
3290,2017-01-03,0.6,10890.814049999999,26.691666666666663,25.700000000000003,80.91666666666667,0.4291666666666667
3291,2017-01-04,4.4,15524.436629999998,27.34166666666667,25.675,78.875,0.425
3292,2017-01-05,14.799999999999999,10333.89896,27.075,25.587499999999995,81.16666666666667,0.4708333333333334
3293,2017-01-06,0.0,18396.6,27.47083333333333,26.149999999999995,78.375,0.225
3294,2017-01-07,0.0,13858.79485,27.566666666666663,26.3875,77.0625,0.3375000000000001
3295,2017-01-08,0.0,17893.49739,27.974999999999998,26.625,74.08333333333333,0.8666666666666667
3296,2017-01-09,0.2,14149.452,26.92083333333333,25.74166666666667,76.29166666666667,0.5083333333333334
3297,2017-01-10,0.4,18179.17602,27.666666666666668,26.375,73.83333333333333,0.5833333333333334
3298,2017-01-11,5.4,14655.37274,26.97083333333333,25.441666666666666,77.875,0.5291666666666667
3299,2017-01-12,0.0,21950.231379999997,27.70416666666667,26.61666666666667,73.16666666666667,0.6166666666666667
3300,2017-01-13,0.0,16915.22377,28.34166666666667,26.837500000000002,72.4375,0.30833333333333335
3301,2017-01-14,26.400000000000002,3825.5850299999997,23.099999999999998,22.320833333333336,88.35416666666667,0.5541666666666667
3302,2017-01-15,0.0,15401.983199999999,26.425,25.254166666666666,77.16666666666667,0.35000000000000003
3303,2017-01-16,0.0,14465.755009999999,28.175,26.912499999999998,74.04166666666667,0.3916666666666666
3304,2017-01-17,16.4,12685.054870000002,26.058333333333326,24.791666666666668,84.41666666666667,0.375
3305,2017-01-18,16.4,6627.42766,24.5625,23.816666666666666,87.16666666666667,0.5791666666666667
3306,2017-01-19,0.4,12019.858699999999,26.09166666666667,25.229166666666668,81.08333333333333,0.2041666666666667
3307,2017-01-20,4.6000000000000005,22910.09747,27.15416666666667,25.916666666666668,76.625,0.5708333333333334
3308,2017-01-21,3.6,16641.19014,27.0625,25.52916666666667,80.25,0.7125
3309,2017-01-22,9.8,12858.00197,26.879166666666666,25.64166666666667,80.0,0.5166666666666666
3310,2017-01-23,1.4,17037.46857,26.90833333333333,25.708333333333332,80.14583333333333,0.4791666666666667
3311,2017-01-24,14.6,1965.37514,22.866666666666664,22.383333333333336,92.0,0.31666666666666665
3312,2017-01-25,0.0,12619.5924,25.120833333333337,24.3,82.22916666666667,0.16666666666666666
3313,2017-01-26,1.7999999999999998,14851.25468,25.6125,24.270833333333332,83.14583333333333,0.44166666666666665
3314,2017-01-27,8.0,17304.32981,26.545833333333334,25.229166666666668,81.04166666666667,0.3875
3315,2017-01-28,0.0,13234.477,26.620833333333334,25.566666666666663,82.375,0.32499999999999996
3316,2017-01-29,0.4,17005.018,27.3,26.179166666666664,78.79166666666667,0.8333333333333334
3317,2017-01-30,0.4,11860.05765,26.991666666666664,25.850000000000005,78.47916666666667,0.3666666666666667
3318,2017-01-31,0.2,14036.794,27.162499999999998,26.15416666666667,81.64583333333333,0.2833333333333333
3319,2017-02-01,2.2,12506.80303,26.383333333333336,25.133333333333336,80.35416666666667,0.6208333333333333
3320,2017-02-02,0.8,16815.436,26.195833333333336,24.995833333333337,82.14583333333333,0.4916666666666667
3321,2017-02-03,0.8,13275.502460000002,25.587500000000002,24.529166666666665,84.33333333333333,0.3708333333333333
3322,2017-02-04,0.4,18775.768509999998,27.6125,26.375,79.16666666666667,0.2916666666666667
3323,2017-02-05,0.0,23537.252,28.308333333333334,27.058333333333337,75.33333333333333,0.3875
3324,2017-02-06,0.0,16247.05939,27.72083333333333,26.54583333333333,78.5625,0.41250000000000003
3325,2017-02-07,0.6,12418.31748,27.625,26.291666666666668,79.33333333333333,0.6124999999999999
3326,2017-02-08,29.200000000000003,7298.00741,25.520833333333332,24.708333333333332,87.08333333333333,0.325
3327,2017-02-09,19.799999999999997,14050.89999,25.925,24.558333333333334,86.9375,0.6625
3328,2017-02-10,0.8,5998.080910000001,25.525000000000002,24.629166666666666,88.22916666666667,0.5625
3329,2017-02-11,0.8,10401.089,25.09583333333333,24.379166666666666,86.875,0.49583333333333335
3330,2017-02-12,8.2,16980.387,26.591666666666665,25.379166666666666,82.66666666666667,0.4875
3331,2017-02-13,1.4,5193.942,24.3875,23.8,90.33333333333333,0.42083333333333334
3332,2017-02-14,0.0,13958.78082,26.125,25.254166666666666,81.875,0.42083333333333334
3333,2017-02-15,0.0,13036.09275,27.441666666666663,26.495833333333334,76.83333333333333,0.7125
3334,2017-02-16,0.0,9957.309379999999,26.28333333333333,25.429166666666664,78.5,0.4749999999999999
3335,2017-02-17,0.0,6956.87235,26.504166666666666,25.63333333333333,80.33333333333333,0.5833333333333334
3336,2017-02-18,0.0,15306.948,26.84166666666667,25.775000000000002,79.70833333333333,0.28750000000000003
3337,2017-02-19,0.0,14701.0475,26.383333333333336,25.204166666666666,80.47916666666667,0.5125000000000001
3338,2017-02-20,0.2,15607.974,26.695833333333336,25.541666666666668,81.58333333333333,0.3791666666666667
3339,2017-02-21,0.0,11864.70348,25.429166666666664,24.558333333333337,83.64583333333333,0.5541666666666667
3340,2017-02-22,0.4,13636.53493,26.0,24.875,83.72916666666667,0.37083333333333335
3341,2017-02-23,0.0,14738.468,25.6125,24.670833333333334,81.02083333333333,0.3958333333333333
3342,2017-02-24,0.4,19833.034,26.791666666666668,25.28333333333333,80.125,0.5791666666666667
3343,2017-02-25,0.8,18492.531,27.020833333333332,25.604166666666668,81.64583333333333,0.3666666666666667
3344,2017-02-26,0.2,12828.214,26.100000000000005,25.204166666666666,83.29166666666667,0.3875
3345,2017-02-27,0.0,16907.6068,27.016666666666666,25.974999999999998,79.91666666666667,0.3458333333333334
3346,2017-02-28,0.0,16892.23116,27.3875,26.129166666666663,75.64583333333333,0.6208333333333333
3347,2017-03-01,0.0,14262.34197,25.483333333333334,24.520833333333332,83.5625,0.6958333333333334
3348,2017-03-02,0.0,12005.922859999999,25.995833333333334,24.754166666666663,80.79166666666667,0.7583333333333334
3349,2017-03-03,0.0,21258.949,27.349999999999998,26.09583333333333,79.77083333333333,0.7458333333333332
3350,2017-03-04,0.0,16731.50406,27.149999999999995,25.941666666666666,81.47916666666667,0.2791666666666667
3351,2017-03-05,0.0,17811.499929999998,27.516666666666666,26.120833333333337,81.29166666666667,0.3875
3352,2017-03-06,0.0,21276.853,28.01666666666667,26.724999999999998,77.91666666666667,0.28333333333333327
3353,2017-03-07,0.0,16063.334449999998,26.962499999999995,25.587500000000002,79.5625,0.44999999999999996
3354,2017-03-08,0.0,8454.17864,26.32916666666667,25.47083333333333,84.27083333333333,0.26666666666666666
3355,2017-03-09,0.0,15791.04965,25.84166666666667,24.758333333333336,82.4375,0.45
3356,2017-03-10,0.0,15638.118219999998,26.575,25.2,82.77083333333333,0.5541666666666667
3357,2017-03-11,0.0,16009.0706,25.716666666666665,24.46666666666667,84.3125,0.45416666666666666
3358,2017-03-12,0.0,17124.08205,26.849999999999998,25.620833333333326,81.3125,0.5041666666666667
3359,2017-03-13,0.0,13501.56,26.900000000000002,25.8875,82.29166666666667,0.3791666666666667
3360,2017-03-14,0.0,9504.033660000001,27.145833333333332,26.05,82.3125,0.18333333333333335
3361,2017-03-15,0.0,9784.378,25.712500000000002,24.854166666666668,85.45833333333333,0.4416666666666667
3362,2017-03-16,0.0,10761.37133,26.595833333333335,25.629166666666666,79.08333333333333,0.2583333333333333
3363,2017-03-17,0.0,9483.279980000001,26.03333333333333,24.787499999999998,83.10416666666667,0.6124999999999999
3364,2017-03-18,0.0,10010.96818,25.358333333333334,24.3125,86.5,0.3541666666666667
3365,2017-03-19,0.0,19671.80425,27.516666666666666,26.34583333333333,76.66666666666667,0.42083333333333334
3366,2017-03-20,0.0,15942.177800000001,26.84583333333333,25.55,80.33333333333333,0.2708333333333333
3367,2017-03-21,0.0,13570.945,26.450000000000003,25.575,82.125,0.5083333333333333
3368,2017-03-22,0.0,18017.67,28.0125,26.8,76.60416666666667,0.3541666666666667
3369,2017-03-23,0.0,14269.41596,27.075,25.90416666666667,79.70833333333333,0.4583333333333333
3370,2017-03-24,0.0,13221.32692,27.349999999999998,25.983333333333334,79.04166666666667,0.3958333333333333
3371,2017-03-25,0.0,16683.635870000002,26.616666666666664,25.137500000000003,81.33333333333333,0.41250000000000003
3372,2017-03-26,0.0,11365.039690000001,26.399999999999995,25.39166666666667,83.72916666666667,0.4166666666666667
3373,2017-03-27,0.0,18160.383,27.22083333333333,25.883333333333336,78.52083333333333,0.39166666666666666
3374,2017-03-28,0.0,14395.79346,27.35833333333333,26.1375,77.91666666666667,0.5875
3375,2017-03-29,0.0,15498.386,26.854166666666668,25.59583333333333,82.58333333333333,0.4458333333333333
3376,2017-03-30,0.0,17157.196,26.583333333333332,25.3875,83.04166666666667,0.42083333333333334
3377,2017-03-31,0.0,15827.821,26.583333333333332,25.470833333333335,81.20833333333333,0.5125000000000001
3378,2017-04-01,0.0,12642.77413,27.179166666666664,26.1875,81.60416666666667,0.47500000000000003
3379,2017-04-02,0.0,15064.273640000001,27.57916666666667,26.245833333333334,78.8125,0.775
3380,2017-04-03,0.0,10268.418730000001,25.304166666666664,24.29583333333333,89.0,0.4124999999999999
3381,2017-04-04,0.0,11139.59374,25.720833333333335,24.84583333333333,86.79166666666667,0.24583333333333335
3382,2017-04-05,0.0,16893.146,27.04583333333333,25.933333333333337,81.27083333333333,0.39166666666666666
3383,2017-04-06,0.0,15741.57249,27.400000000000002,25.766666666666662,79.60416666666667,0.43333333333333335
3384,2017-04-07,0.0,16870.89302,26.629166666666666,25.462500000000002,81.9375,0.39166666666666666
3385,2017-04-08,0.0,17928.939,27.60833333333333,25.98333333333333,80.0,0.4166666666666667
3386,2017-04-09,0.0,20806.97798,28.183333333333337,26.412499999999998,76.75,0.5791666666666667
3387,2017-04-10,0.0,12676.62955,27.4375,26.23333333333333,76.14583333333333,0.3166666666666667
3388,2017-04-11,0.0,20338.039,28.241666666666664,26.97083333333333,74.35416666666667,0.5291666666666667
3389,2017-04-12,0.0,18769.95964,27.912500000000005,26.39166666666667,75.875,0.41250000000000003
3390,2017-04-13,0.0,17624.888,27.3,25.912500000000005,81.04166666666667,0.4375
3391,2017-04-14,0.0,15962.471870000001,27.224999999999998,26.129166666666666,80.1875,0.8583333333333334
3392,2017-04-15,0.0,19672.10309,28.233333333333334,26.96666666666667,74.77083333333333,1.0958333333333334
3393,2017-04-16,0.0,10377.33821,27.533333333333335,25.858333333333334,81.27083333333333,0.49583333333333335
3394,2017-04-17,0.0,14483.717289999999,26.854166666666668,25.483333333333334,81.60416666666667,0.48333333333333334
3395,2017-04-18,0.0,14360.17702,27.933333333333337,26.5625,79.20833333333333,0.4166666666666667
3396,2017-04-19,0.0,15384.671,27.4375,26.1125,80.91666666666667,0.525
3397,2017-04-20,0.0,18076.89312,27.59166666666667,26.320833333333336,78.72916666666667,0.38333333333333336
3398,2017-04-21,0.0,17479.2849,28.02916666666667,26.708333333333332,75.89583333333333,0.4541666666666666
3399,2017-04-22,0.0,16523.64924,28.099999999999994,26.579166666666666,76.66666666666667,0.5708333333333334
3400,2017-04-23,0.0,15564.785689999999,28.46666666666667,26.9875,72.97916666666667,0.5750000000000001
3401,2017-04-24,0.0,15037.92764,28.045833333333334,26.53333333333333,77.54166666666667,0.5833333333333334
3402,2017-04-25,0.0,18615.02408,27.03333333333333,25.524999999999995,80.66666666666667,0.6458333333333334
3403,2017-04-26,0.0,21564.65858,27.816666666666663,26.379166666666663,76.47916666666667,0.45
3404,2017-04-27,0.0,18225.96911,28.370833333333337,26.899999999999995,75.125,0.5916666666666667
3405,2017-04-28,0.0,17986.01461,28.3875,26.8,76.79166666666667,0.4166666666666667
3406,2017-04-29,0.0,16132.97155,27.537499999999998,26.3875,79.16666666666667,0.8250000000000001
3407,2017-04-30,0.0,13885.966030000001,26.754166666666666,25.566666666666663,81.1875,0.225
3408,2017-05-01,0.0,17253.74062,27.17083333333333,26.179166666666664,79.29166666666667,0.7625000000000001
3409,2017-05-02,0.0,17533.852219999997,27.954166666666662,26.745833333333337,74.8125,0.7708333333333334
3410,2017-05-03,0.0,16667.54738,27.79583333333333,26.454166666666666,74.3125,0.8500000000000001
3411,2017-05-04,0.0,12722.77401,27.825,26.32083333333333,74.5,0.5791666666666666
3412,2017-05-05,0.0,16086.98684,28.070833333333336,26.704166666666666,75.20833333333333,0.6041666666666666
3413,2017-05-06,0.0,16225.711379999999,28.52916666666667,26.95416666666667,76.41666666666667,0.425
3414,2017-05-07,0.0,18278.59459,27.98333333333333,26.704166666666666,75.64583333333333,0.45416666666666666
3415,2017-05-08,0.0,18314.38421,28.399999999999995,27.0,74.5,0.5166666666666667
3416,2017-05-09,0.0,17317.866,28.033333333333335,26.3625,75.75,0.46249999999999997
3417,2017-05-10,0.0,11235.48944,27.03333333333333,25.770833333333332,80.08333333333333,0.2916666666666667
3418,2017-05-11,0.0,16234.05,27.145833333333332,25.92083333333333,79.64583333333333,0.5666666666666668
3419,2017-05-12,0.0,9402.095949999999,26.40416666666667,25.337499999999995,83.83333333333333,0.4291666666666667
3420,2017-05-13,0.0,17829.199829999998,27.462499999999995,26.191666666666666,78.10416666666667,0.4041666666666666
3421,2017-05-14,0.0,19079.092,28.3875,26.995833333333337,72.27083333333333,0.5499999999999999
3422,2017-05-15,0.0,19395.177,28.275000000000002,26.76666666666667,74.72916666666667,0.6666666666666666
3423,2017-05-16,0.0,17703.64064,28.525000000000002,26.97083333333333,74.375,0.5708333333333334
3424,2017-05-17,0.0,11405.36874,28.325,26.72083333333333,73.22916666666667,0.5708333333333333
3425,2017-05-18,0.0,13350.467620000001,28.633333333333336,27.04583333333333,72.72916666666667,0.65
3426,2017-05-19,0.0,12838.40033,27.77916666666667,26.587500000000002,76.625,0.6541666666666667
3427,2017-05-20,0.0,10004.14239,27.191666666666663,25.741666666666664,75.95833333333333,0.8916666666666666
3428,2017-05-21,0.0,14568.71121,28.275000000000002,26.72083333333333,73.14583333333333,0.9375
3429,2017-05-22,0.0,18389.799600000002,28.40416666666667,26.875,70.625,1.125
3430,2017-05-23,0.0,15584.566,28.316666666666663,26.483333333333334,72.6875,0.37916666666666665
3431,2017-05-24,0.0,16883.211,28.704166666666666,27.020833333333332,70.72916666666667,0.875
3432,2017-05-25,0.0,19847.926,28.879166666666663,27.266666666666666,68.875,0.8666666666666666
3433,2017-05-26,0.0,14351.783,28.229166666666668,26.8625,71.22916666666667,0.7541666666666668
3434,2017-05-27,0.0,11007.693,27.987499999999997,26.1875,76.64583333333333,0.3541666666666667
3435,2017-05-28,0.0,19345.169,27.795833333333338,26.2375,74.75,0.37083333333333335
3436,2017-05-29,0.0,15489.991059999998,28.175,26.72083333333333,73.25,1.075
3437,2017-05-30,0.0,18494.373,27.979166666666668,26.316666666666663,70.77083333333333,0.6708333333333334
3438,2017-05-31,0.0,12295.242219999998,28.09166666666667,26.275000000000002,72.625,0.3541666666666667
3439,2017-06-01,0.0,13944.65423,28.78333333333333,27.470833333333335,69.97916666666667,0.8666666666666666
3440,2017-06-02,0.0,13885.518870000002,28.120833333333337,26.474999999999998,74.4375,0.6749999999999999
3441,2017-06-03,0.0,15296.71558,28.05,26.55,75.22916666666667,0.5791666666666666
3442,2017-06-04,0.0,17431.663,28.508333333333336,27.175,69.64583333333333,1.3291666666666666
3443,2017-06-05,0.0,19312.66086,27.583333333333332,26.020833333333332,64.5625,1.0916666666666668
3444,2017-06-06,0.0,20974.969,27.933333333333334,26.39166666666667,65.02083333333333,1.125
3445,2017-06-07,0.0,20491.096,27.77916666666667,26.179166666666664,64.375,1.0
3446,2017-06-08,0.0,16245.358129999999,27.05,25.691666666666663,68.0,0.9833333333333334
3447,2017-06-09,0.0,16114.90055,28.10833333333333,26.47083333333333,65.5625,0.7875
3448,2017-06-10,0.0,18016.415,28.53333333333333,26.775000000000002,65.5625,0.4000000000000001
3449,2017-06-11,0.0,7437.53017,27.47083333333333,25.974999999999998,72.9375,0.5958333333333333
3450,2017-06-12,0.0,15505.218,26.6375,25.304166666666664,78.75,0.5375
3451,2017-06-13,0.0,16031.217929999999,27.34166666666667,25.84583333333333,72.10416666666667,1.0
3452,2017-06-14,0.0,11343.520199999999,27.350000000000005,25.837500000000002,70.70833333333333,0.7958333333333334
3453,2017-06-15,0.0,20130.455,27.79583333333333,26.304166666666664,67.77083333333333,0.8708333333333332
3454,2017-06-16,0.0,18055.1173,27.116666666666664,25.5625,66.08333333333333,1.075
3455,2017-06-17,0.0,18056.944649999998,27.166666666666668,25.683333333333337,67.60416666666667,1.2458333333333333
3456,2017-06-18,0.0,19720.99,28.02916666666667,26.5625,64.47916666666667,0.6875
3457,2017-06-19,0.0,17543.6669,27.620833333333337,26.170833333333334,64.85416666666667,0.8791666666666668
3458,2017-06-20,0.0,11871.79586,28.07083333333333,26.40833333333333,66.0,0.8083333333333332
3459,2017-06-21,0.0,18768.68927,28.54583333333333,27.1375,64.54166666666667,1.15
3460,2017-06-22,0.0,19113.00242,27.945833333333336,26.450000000000003,61.604166666666664,0.9874999999999999
3461,2017-06-23,0.0,18125.593129999997,27.354166666666668,25.70416666666667,61.895833333333336,1.0583333333333333
3462,2017-06-24,0.0,15897.1176,27.170833333333334,25.616666666666664,63.291666666666664,0.8333333333333334
3463,2017-06-25,0.0,16224.27429,27.8625,26.09166666666667,61.6875,0.8250000000000001
3464,2017-06-26,0.0,19729.29411,27.600000000000005,25.96666666666667,60.291666666666664,1.1791666666666665
3465,2017-06-27,0.0,15879.667879999999,27.229166666666668,25.662499999999998,60.9375,1.2291666666666667
3466,2017-06-28,0.0,19699.949,27.691666666666663,26.15416666666667,59.895833333333336,1.1416666666666666
3467,2017-06-29,0.0,17344.158620000002,27.233333333333334,25.629166666666663,60.479166666666664,1.070833333333333
3468,2017-06-30,0.0,14722.382300000001,27.40833333333333,25.7625,62.791666666666664,0.8875000000000001
3469,2017-07-01,0.0,14963.222,27.850000000000005,26.108333333333334,65.22916666666667,0.44166666666666665
3470,2017-07-02,0.0,13839.53267,27.975000000000005,26.316666666666663,67.33333333333333,0.9666666666666668
3471,2017-07-03,12.200000000000001,10656.00281,26.6125,25.395833333333332,75.97916666666667,0.3625
3472,2017-07-04,0.0,15214.189370000002,27.879166666666663,26.6125,62.75,1.3208333333333335
3473,2017-07-05,0.0,17293.14741,27.025000000000002,25.433333333333337,55.645833333333336,1.55
3474,2017-07-06,0.0,17963.00032,26.28333333333333,24.79583333333333,62.020833333333336,0.75
3475,2017-07-07,0.0,17307.541,28.904166666666665,27.495833333333334,58.958333333333336,0.6541666666666667
3476,2017-07-08,0.0,17523.25488,28.045833333333334,26.625,59.25,1.1041666666666667
3477,2017-07-09,0.0,20405.620329999998,27.308333333333334,25.7,56.3125,1.0916666666666668
3478,2017-07-10,0.0,14797.91388,27.450000000000003,25.833333333333332,56.354166666666664,0.8458333333333333
3479,2017-07-11,0.0,14553.64528,28.02916666666667,26.416666666666668,59.791666666666664,1.0
3480,2017-07-12,0.2,18382.727,28.262500000000003,26.7,60.270833333333336,0.9666666666666667
3481,2017-07-13,0.0,20133.296,27.73333333333333,26.02916666666667,52.833333333333336,1.1666666666666667
3482,2017-07-14,0.2,18736.380689999998,27.53333333333333,25.558333333333334,53.9375,0.8208333333333333
3483,2017-07-15,0.0,19689.978,27.295833333333334,25.549999999999997,49.375,1.25
3484,2017-07-16,0.2,17016.082100000003,26.212499999999995,24.320833333333336,56.3125,0.7541666666666668
3485,2017-07-17,0.0,19002.852,27.116666666666664,25.3125,56.104166666666664,0.6083333333333333
3486,2017-07-18,0.0,16437.32873,26.65416666666667,24.98333333333333,54.916666666666664,1.2249999999999999
3487,2017-07-19,0.2,16777.6217,27.325,25.53333333333333,50.604166666666664,0.8958333333333334
3488,2017-07-20,0.2,15434.495289999999,27.104166666666668,25.2375,54.395833333333336,0.9958333333333332
3489,2017-07-21,0.2,15846.07251,27.308333333333337,25.50833333333333,60.916666666666664,0.8166666666666668
3490,2017-07-22,0.0,14914.67496,28.75,27.087499999999995,58.9375,1.1791666666666667
3491,2017-07-23,0.0,16421.96086,28.6375,26.850000000000005,58.3125,1.1958333333333335
3492,2017-07-24,0.0,17139.15853,28.45416666666667,26.629166666666666,57.104166666666664,1.5833333333333333
3493,2017-07-25,0.0,19517.18447,28.179166666666664,26.445833333333336,53.166666666666664,1.2916666666666667
3494,2017-07-26,0.0,20850.92495,27.625,25.72083333333333,48.125,1.5833333333333333
3495,2017-07-27,0.0,16293.71557,27.145833333333332,25.016666666666666,49.833333333333336,0.8250000000000001
3496,2017-07-28,0.0,19429.88991,27.2625,25.412499999999994,53.083333333333336,1.1291666666666667
3497,2017-07-29,0.0,16821.83066,27.670833333333334,25.774999999999995,54.75,1.3250000000000002
3498,2017-07-30,0.0,17064.020780000003,28.458333333333332,26.858333333333334,49.104166666666664,1.3291666666666666
3499,2017-07-31,0.2,19849.87691,28.59166666666667,26.59583333333333,46.9375,1.3124999999999998
3500,2017-08-01,0.0,19351.57014,28.045833333333334,26.245833333333334,52.041666666666664,0.7666666666666666
3501,2017-08-02,0.0,17989.76052,28.254166666666663,26.379166666666663,52.541666666666664,0.7875
3502,2017-08-03,0.0,13388.13811,28.47083333333333,26.520833333333332,57.833333333333336,0.6791666666666667
3503,2017-08-04,0.8,20035.232,29.691666666666666,27.77916666666667,58.645833333333336,0.8375
3504,2017-08-05,6.800000000000001,11368.08311,27.4375,25.587500000000002,69.33333333333333,0.6
3505,2017-08-06,1.8,10955.28162,28.291666666666668,26.954166666666666,68.9375,0.7333333333333334
3506,2017-08-07,1.6,16650.64174,28.270833333333332,26.712499999999995,64.27083333333333,1.0333333333333334
3507,2017-08-08,0.6000000000000001,20645.972,28.65416666666667,26.745833333333337,58.5625,1.0833333333333333
3508,2017-08-09,1.4,21984.468,29.191666666666674,27.46666666666667,55.770833333333336,0.9166666666666666
3509,2017-08-10,13.0,21567.499,28.554166666666664,26.645833333333332,57.958333333333336,0.5125000000000001
3510,2017-08-11,2.4,19325.555,29.020833333333332,27.316666666666666,58.916666666666664,0.7208333333333333
3511,2017-08-12,0.8,20308.921,28.4375,26.662499999999998,62.5,0.8875000000000001
3512,2017-08-13,0.6000000000000001,21795.855,29.34166666666667,27.65833333333333,58.729166666666664,0.9125
3513,2017-08-14,0.4,20634.1593,29.670833333333334,27.95416666666667,57.645833333333336,0.7625000000000001
3514,2017-08-15,0.4,19729.883,29.087500000000002,27.341666666666665,59.6875,0.8125
3515,2017-08-16,0.4,15426.43234,29.570833333333336,27.995833333333337,56.270833333333336,1.1208333333333333
3516,2017-08-17,0.6000000000000001,16635.696939999998,28.225000000000005,26.308333333333334,57.8125,0.7000000000000001
3517,2017-08-18,0.2,21828.75874,28.691666666666663,26.804166666666664,55.3125,0.6041666666666667
3518,2017-08-19,0.0,15199.40418,29.75,27.90833333333333,54.0,0.9791666666666666
3519,2017-08-20,0.2,15881.197269999999,29.7375,28.066666666666663,55.645833333333336,0.6583333333333333
3520,2017-08-21,2.8000000000000003,14112.713800000001,27.95,26.087500000000002,63.6875,0.9458333333333334
3521,2017-08-22,1.0,18169.85468,28.754166666666666,27.0625,61.458333333333336,1.0416666666666667
3522,2017-08-23,0.0,19627.36583,30.133333333333336,28.245833333333337,52.375,1.2333333333333334
3523,2017-08-24,0.6000000000000001,22554.22603,28.670833333333334,26.766666666666666,50.583333333333336,1.2166666666666668
3524,2017-08-25,0.2,18331.76424,29.191666666666666,27.208333333333332,49.833333333333336,1.0333333333333334
3525,2017-08-26,0.0,19211.9657,29.89166666666667,27.808333333333337,48.708333333333336,1.0708333333333333
3526,2017-08-27,0.2,22612.356,29.774999999999995,27.75,49.895833333333336,0.75
3527,2017-08-28,0.4,18211.62489,29.729166666666668,27.86666666666667,51.0,0.7625000000000001
3528,2017-08-29,0.0,15200.71693,29.40416666666667,27.733333333333334,52.666666666666664,0.6458333333333334
3529,2017-08-30,0.0,17450.004100000002,29.704166666666666,27.6875,52.958333333333336,0.6291666666666667
3530,2017-08-31,0.0,22857.883,29.433333333333337,27.40416666666667,51.4375,0.7749999999999999
3531,2017-09-01,0.0,11488.330039999999,29.395833333333332,27.599999999999998,54.3125,0.8291666666666666
3532,2017-09-02,0.0,11940.936099999999,29.599999999999998,27.84166666666667,55.166666666666664,0.9291666666666667
3533,2017-09-03,0.0,20646.5347,30.183333333333337,28.28333333333333,47.604166666666664,1.0416666666666667
3534,2017-09-04,0.2,22609.487,28.95,26.854166666666668,41.083333333333336,1.0916666666666668
3535,2017-09-05,0.8,18357.67286,28.791666666666668,26.775000000000002,45.5625,1.1041666666666667
3536,2017-09-06,0.0,22640.516,30.0625,28.224999999999998,42.541666666666664,1.2875
3537,2017-09-07,0.0,19997.453,29.98333333333333,28.237499999999997,49.604166666666664,1.4208333333333332
3538,2017-09-08,0.0,19319.459,30.2625,28.433333333333334,51.854166666666664,0.8166666666666668
3539,2017-09-09,0.0,20274.081,30.591666666666665,28.770833333333332,47.833333333333336,1.2416666666666665
3540,2017-09-10,0.0,21700.36758,30.849999999999998,28.8,43.645833333333336,1.1624999999999999
3541,2017-09-11,0.0,22178.589,30.933333333333334,29.066666666666666,44.104166666666664,0.9375
3542,2017-09-12,0.4,21840.06434,30.674999999999997,28.61666666666667,39.625,1.3208333333333333
3543,2017-09-13,0.0,22402.460890000002,30.679166666666664,28.84166666666667,41.5,1.5708333333333335
3544,2017-09-14,0.0,22060.539,30.3625,28.52916666666667,44.083333333333336,1.1416666666666668
3545,2017-09-15,0.0,17042.46316,30.583333333333332,28.64166666666667,45.395833333333336,0.9625
3546,2017-09-16,0.2,19184.302399999997,30.59583333333333,28.45416666666667,40.666666666666664,1.4958333333333333
3547,2017-09-17,0.0,18908.31609,30.274999999999995,28.454166666666666,38.791666666666664,1.3124999999999998
3548,2017-09-18,0.0,14049.690550000001,30.920833333333334,28.825,41.5,1.2666666666666666
3549,2017-09-19,1.2000000000000002,22353.420449999998,30.212500000000002,28.224999999999998,45.583333333333336,1.0250000000000001
3550,2017-09-20,0.6000000000000001,20836.747,30.90416666666667,29.25,44.583333333333336,0.8958333333333334
3551,2017-09-21,0.0,7926.48138,31.74166666666667,30.179166666666664,43.395833333333336,1.1500000000000001
3552,2017-09-22,0.2,14585.45451,32.1125,30.53333333333333,40.958333333333336,1.1583333333333332
3553,2017-09-23,0.0,18499.70007,31.666666666666668,29.95,43.104166666666664,1.1916666666666667
3554,2017-09-24,0.0,21016.58618,30.358333333333334,28.67083333333333,48.25,0.7666666666666666
3555,2017-09-25,0.0,17668.057,30.895833333333332,29.275000000000002,49.4375,1.0083333333333335
3556,2017-09-26,0.0,19228.997890000002,30.433333333333334,28.625,48.020833333333336,0.8166666666666665
3557,2017-09-27,0.0,16588.09911,31.0125,29.3625,45.916666666666664,0.9583333333333334
3558,2017-09-28,0.0,20743.631,31.833333333333332,30.020833333333332,45.229166666666664,0.9125
3559,2017-09-29,0.0,18244.702370000003,32.229166666666664,30.666666666666668,43.583333333333336,1.3416666666666668
3560,2017-09-30,0.0,17118.279,31.78333333333333,30.191666666666666,46.0625,0.9625
3561,2017-10-01,0.0,18779.991289999998,31.241666666666664,29.825,49.395833333333336,1.2625
3562,2017-10-02,0.0,15312.678,30.4875,29.0125,49.6875,1.0708333333333335
3563,2017-10-03,0.0,18881.086,30.808333333333337,29.2,51.145833333333336,0.8666666666666667
3564,2017-10-04,0.0,18423.77984,31.162500000000005,29.25,49.333333333333336,0.9249999999999998
3565,2017-10-05,0.0,18234.324810000002,32.358333333333334,30.650000000000002,42.916666666666664,1.1541666666666666
3566,2017-10-06,0.0,19820.719399999998,31.662499999999998,30.025000000000002,44.125,0.7708333333333334
3567,2017-10-07,0.0,15118.33671,32.25416666666667,30.849999999999998,43.729166666666664,0.9083333333333333
3568,2017-10-08,0.0,15234.113,30.275000000000002,28.99166666666667,52.541666666666664,0.9583333333333334
3569,2017-10-09,0.0,15483.044,30.1125,28.65833333333333,53.583333333333336,0.6208333333333335
3570,2017-10-10,0.0,12643.4281,30.3,28.875,53.125,0.7083333333333334
3571,2017-10-11,0.0,14293.77157,29.75833333333333,28.366666666666664,55.3125,0.6541666666666667
3572,2017-10-12,0.0,10024.02525,30.72083333333333,29.366666666666664,52.5,0.9416666666666668
3573,2017-10-13,0.0,10561.418870000001,30.270833333333332,28.78333333333333,54.25,0.7833333333333333
3574,2017-10-14,1.8,17075.11803,29.59583333333333,27.575,65.95833333333333,0.6083333333333333
3575,2017-10-15,1.6,15244.82407,29.39166666666667,28.041666666666668,63.875,0.6791666666666667
3576,2017-10-16,0.0,14792.35841,30.2625,29.15416666666667,57.333333333333336,1.1083333333333334
3577,2017-10-17,0.0,17673.97778,31.25,29.8125,52.3125,0.9333333333333332
3578,2017-10-18,0.0,17225.48865,31.258333333333336,29.620833333333337,49.625,1.0999999999999999
3579,2017-10-19,1.4,19853.348,30.6125,28.825,52.291666666666664,1.0791666666666666
3580,2017-10-20,0.2,21377.04354,31.337500000000002,29.82916666666667,52.145833333333336,1.1458333333333333
3581,2017-10-21,0.0,17809.40432,32.15,30.554166666666664,43.8125,1.6083333333333334
3582,2017-10-22,0.0,22846.909,32.770833333333336,31.17083333333333,41.583333333333336,1.1375
3583,2017-10-23,0.2,19500.94886,31.629166666666666,29.995833333333334,43.708333333333336,0.6583333333333333
3584,2017-10-24,0.2,17017.73655,31.79583333333333,30.01666666666667,47.5625,0.6625
3585,2017-10-25,0.0,11230.90686,30.008333333333336,28.604166666666668,56.3125,1.075
3586,2017-10-26,0.0,17721.70646,31.15833333333333,29.525000000000002,55.916666666666664,0.9083333333333332
3587,2017-10-27,3.2,13611.086,30.4375,29.270833333333332,54.229166666666664,1.0250000000000001
3588,2017-10-28,1.4,17871.327,31.366666666666664,29.933333333333334,51.5,0.9625
3589,2017-10-29,2.8,22263.732,30.03333333333333,28.42083333333333,60.041666666666664,0.7958333333333334
3590,2017-10-30,1.0,8349.383969999999,29.183333333333337,28.09166666666667,60.8125,1.2249999999999999
3591,2017-10-31,16.6,3894.5630499999997,25.55,24.95416666666667,81.6875,0.7833333333333332
3592,2017-11-01,0.0,17128.63098,27.525000000000002,26.395833333333332,69.47916666666667,0.5916666666666667
3593,2017-11-02,0.0,16388.27128,29.629166666666666,28.21666666666667,62.520833333333336,0.3625
3594,2017-11-03,3.4000000000000004,16937.643640000002,29.379166666666666,28.054166666666664,61.375,0.9458333333333334
3595,2017-11-04,0.0,17895.048,29.916666666666668,28.566666666666666,60.8125,0.6583333333333333
3596,2017-11-05,0.0,18411.55918,31.03333333333333,29.525000000000002,52.875,0.6458333333333334
3597,2017-11-06,0.0,22898.029,31.208333333333332,29.725000000000005,50.0625,0.775
3598,2017-11-07,31.4,15109.607,29.825,28.108333333333334,61.208333333333336,1.2291666666666667
3599,2017-11-08,19.4,18911.684370000003,26.958333333333332,25.799999999999997,75.125,0.8166666666666668
3600,2017-11-09,0.0,15321.66254,28.391666666666666,27.162499999999998,68.83333333333333,0.6375000000000001
3601,2017-11-10,1.2000000000000002,23362.22087,29.504166666666663,28.29583333333333,63.666666666666664,0.5541666666666666
3602,2017-11-11,7.0,20113.99243,28.650000000000002,27.270833333333332,68.27083333333333,0.9041666666666667
3603,2017-11-12,0.0,15877.062199999998,29.120833333333337,27.879166666666663,64.83333333333333,0.32916666666666666
3604,2017-11-13,0.0,19542.143030000003,29.76666666666667,28.520833333333332,61.5,0.8333333333333334
3605,2017-11-14,0.6,12142.84624,28.183333333333337,27.120833333333334,67.47916666666667,0.6416666666666667
3606,2017-11-15,0.4,8870.95599,27.7625,26.616666666666664,70.60416666666667,0.6999999999999998
3607,2017-11-16,1.0,10110.298,26.316666666666666,25.537499999999998,76.47916666666667,0.6541666666666667
3608,2017-11-17,2.6,12517.64547,28.045833333333334,26.779166666666665,71.45833333333333,0.5708333333333333
3609,2017-11-18,0.0,17840.31997,28.77916666666667,27.583333333333332,66.83333333333333,0.5291666666666667
3610,2017-11-19,13.8,5598.333,25.675,24.875,84.29166666666667,0.5333333333333333
3611,2017-11-20,0.0,22485.409,28.1375,27.125,71.3125,0.4458333333333333
3612,2017-11-21,0.0,20349.350079999997,29.075,27.924999999999997,66.60416666666667,0.6
3613,2017-11-22,0.0,17263.212099999997,28.84583333333333,27.650000000000002,66.58333333333333,0.3958333333333333
3614,2017-11-23,0.0,10944.71934,28.125,27.191666666666663,67.83333333333333,0.7291666666666666
3615,2017-11-24,12.4,7156.98845,26.695833333333336,25.17083333333333,74.79166666666667,0.7708333333333334
3616,2017-11-25,12.4,15003.826,25.84583333333333,24.837500000000002,78.20833333333333,0.9666666666666667
3617,2017-11-26,9.2,18084.514629999998,27.116666666666664,25.650000000000002,73.4375,0.4875
3618,2017-11-27,0.8,17785.98732,27.6375,26.366666666666664,72.5,0.6958333333333334
3619,2017-11-28,0.6000000000000001,19981.97727,28.995833333333337,27.641666666666666,67.47916666666667,0.6916666666666668
3620,2017-11-29,1.0,18694.618870000002,28.599999999999998,27.349999999999998,68.375,0.85
3621,2017-11-30,0.0,14991.324359999999,28.425,27.354166666666668,68.04166666666667,0.55
3622,2017-12-01,0.0,16327.84073,28.67083333333333,27.57083333333333,67.60416666666667,0.8583333333333334
3623,2017-12-02,0.0,16469.081580000002,28.7625,27.429166666666664,67.45833333333333,0.5291666666666667
3624,2017-12-03,0.0,12554.651199999998,29.712500000000002,28.40416666666667,64.47916666666667,0.4791666666666667
3625,2017-12-04,1.2,21972.367850000002,30.708333333333332,29.041666666666668,58.395833333333336,1.0416666666666667
3626,2017-12-05,0.0,22934.187,30.429166666666664,28.84166666666667,56.479166666666664,0.5958333333333333
3627,2017-12-06,0.0,20329.42488,30.420833333333334,29.174999999999997,59.25,0.6833333333333332
3628,2017-12-07,0.0,9502.15884,28.73333333333333,27.525000000000002,66.70833333333333,0.9416666666666668
3629,2017-12-08,62.4,11801.978529999998,26.55,25.458333333333332,76.10416666666667,0.8916666666666667
3630,2017-12-09,1.0,13812.76043,27.495833333333334,26.34583333333333,74.89583333333333,0.7208333333333335
3631,2017-12-10,15.2,11007.402,26.575,25.762500000000003,79.64583333333333,0.5041666666666667
3632,2017-12-11,0.0,16734.646549999998,28.320833333333336,27.325,72.875,0.4875
3633,2017-12-12,0.0,23322.845,28.916666666666668,27.724999999999998,70.89583333333333,0.525
3634,2017-12-13,18.8,9543.28317,27.379166666666663,26.120833333333337,80.6875,0.5333333333333333
3635,2017-12-14,64.4,3075.1004199999998,24.383333333333336,23.84583333333333,89.9375,0.325
3636,2017-12-15,0.8,14712.749699999998,25.883333333333336,24.854166666666668,81.79166666666667,0.2541666666666667
3637,2017-12-16,0.0,6780.94879,25.950000000000003,25.412500000000005,80.08333333333333,0.41250000000000003
3638,2017-12-17,15.0,9133.28648,26.391666666666666,25.495833333333334,82.33333333333333,0.4291666666666667
3639,2017-12-18,3.0,12066.37783,25.587500000000002,24.575,80.83333333333333,0.7291666666666666
3640,2017-12-19,27.6,11380.76076,25.366666666666664,24.120833333333337,82.95833333333333,0.4083333333333334
3641,2017-12-20,0.0,15719.74313,26.504166666666666,25.287499999999998,77.52083333333333,0.41250000000000003
3642,2017-12-21,0.4,18936.05107,27.900000000000002,26.520833333333332,71.20833333333333,0.5291666666666667
3643,2017-12-22,0.0,21645.52274,28.325000000000003,26.816666666666666,69.79166666666667,0.6125
3644,2017-12-23,0.0,8590.58326,26.82916666666667,26.054166666666664,77.64583333333333,0.45416666666666666
3645,2017-12-24,0.0,4869.189,24.6125,23.7375,84.83333333333333,0.725
3646,2017-12-25,0.0,15236.092480000001,26.46666666666667,25.51666666666667,77.5625,0.4583333333333333
3647,2017-12-26,0.0,14774.19652,28.354166666666668,27.012500000000003,72.83333333333333,0.46666666666666673
3648,2017-12-27,0.0,14594.516,27.412499999999998,26.333333333333332,75.64583333333333,0.4666666666666666
3649,2017-12-28,0.0,16930.14586,27.008333333333336,25.48333333333333,78.33333333333333,0.6791666666666667
3650,2017-12-29,0.0,19602.931,27.383333333333336,26.179166666666664,76.83333333333333,0.3541666666666667
3651,2017-12-30,0.0,13682.817449999999,28.204166666666666,26.883333333333336,74.04166666666667,0.4166666666666667
3652,2017-12-31,0.0,21104.659,28.9375,27.65416666666667,72.20833333333333,0.325
3653,2018-01-01,0.0,19476.166,29.066666666666666,27.754166666666666,71.72916666666667,0.4083333333333334
3654,2018-01-02,0.0,19020.02338,28.67083333333333,27.416666666666668,72.58333333333333,0.7208333333333333
3655,2018-01-03,0.0,15003.583990000001,27.320833333333336,25.854166666666668,79.64583333333333,0.48333333333333334
3656,2018-01-04,0.0,12534.26615,26.395833333333332,24.954166666666666,81.16666666666667,0.6125
3657,2018-01-05,0.0,14433.06466,25.975000000000005,24.90833333333333,82.72916666666667,0.5916666666666667
3658,2018-01-06,0.0,13759.38571,26.120833333333334,24.82916666666667,77.25,0.6083333333333333
3659,2018-01-07,0.0,17684.624170000003,25.958333333333332,24.770833333333332,77.9375,0.5666666666666667
3660,2018-01-08,0.0,22119.65263,27.333333333333332,25.883333333333336,71.97916666666667,1.1541666666666668
3661,2018-01-09,0.0,15072.66364,26.641666666666666,25.045833333333334,78.29166666666667,0.4208333333333334
3662,2018-01-10,0.0,20854.86736,26.691666666666666,25.516666666666666,73.1875,0.8125
3663,2018-01-11,0.0,19190.01443,26.333333333333332,24.608333333333334,79.64583333333333,0.6208333333333333
3664,2018-01-12,0.0,19981.827,25.941666666666663,24.754166666666666,80.0625,0.3416666666666666
3665,2018-01-13,0.0,16181.027870000002,26.7375,25.524999999999995,78.1875,0.7416666666666666
3666,2018-01-14,0.0,19661.935630000004,26.045833333333334,24.837499999999995,79.375,0.6875
3667,2018-01-15,0.0,11721.94116,26.366666666666664,25.29583333333333,81.64583333333333,0.7000000000000001
3668,2018-01-16,0.0,21189.265,27.137500000000003,25.724999999999998,77.22916666666667,0.6124999999999999
3669,2018-01-17,0.0,20319.59284,27.329166666666666,26.05,73.29166666666667,0.7083333333333334
3670,2018-01-18,0.0,12598.974269999999,26.725000000000005,25.129166666666666,79.91666666666667,0.45
3671,2018-01-19,0.0,12488.17945,26.333333333333332,25.266666666666666,78.75,0.6208333333333333
3672,2018-01-20,0.0,18784.51719,25.925,24.6875,80.54166666666667,0.4375
3673,2018-01-21,0.0,18807.23119,27.208333333333332,25.525000000000002,80.04166666666667,0.3875
3674,2018-01-22,0.0,22510.71856,27.00833333333333,25.379166666666666,79.29166666666667,0.40416666666666673
3675,2018-01-23,0.0,22485.251,27.887500000000003,26.629166666666666,73.58333333333333,0.6625
3676,2018-01-24,0.0,18159.234089999998,27.7375,26.570833333333336,73.02083333333333,0.5666666666666668
3677,2018-01-25,0.0,15527.068,27.025000000000002,25.82083333333333,75.64583333333333,0.5833333333333334
3678,2018-01-26,0.0,20367.33757,27.516666666666666,26.058333333333334,76.97916666666667,0.43333333333333335
3679,2018-01-27,0.0,9765.573620000001,26.579166666666666,25.745833333333334,80.0,0.375
3680,2018-01-28,0.0,5465.30183,24.775000000000002,23.995833333333334,86.45833333333333,0.4208333333333334
3681,2018-01-29,0.0,16566.21482,27.066666666666666,25.925,77.35416666666667,0.5041666666666668
3682,2018-01-30,0.0,23728.53541,28.620833333333337,27.270833333333332,72.45833333333333,0.625
3683,2018-01-31,0.0,14938.816789999999,28.254166666666666,27.0,75.9375,0.5291666666666667
3684,2018-02-01,0.0,14831.039,27.520833333333332,26.537500000000005,80.125,0.3333333333333333
3685,2018-02-02,0.0,12249.20349,25.879166666666663,24.64166666666667,84.72916666666667,0.6666666666666666
3686,2018-02-03,0.0,13971.899640000001,26.45416666666667,25.48333333333333,81.60416666666667,0.625
3687,2018-02-04,0.0,9651.53173,25.77916666666667,24.770833333333332,85.41666666666667,0.4666666666666666
3688,2018-02-05,0.0,11936.62011,26.391666666666666,25.541666666666668,82.39583333333333,0.28333333333333327
3689,2018-02-06,0.0,5620.03427,25.100000000000005,24.479166666666668,87.875,0.5375000000000001
3690,2018-02-07,0.0,9359.02632,24.825,24.066666666666663,83.77083333333333,0.1875
3691,2018-02-08,0.0,16661.30304,26.991666666666664,25.620833333333334,80.125,0.30416666666666664
3692,2018-02-09,0.0,4706.70647,24.558333333333334,23.870833333333337,89.47916666666667,0.9249999999999999
3693,2018-02-10,0.0,11023.822129999999,25.754166666666663,24.895833333333332,81.125,0.35833333333333334
3694,2018-02-11,0.0,12997.687460000001,26.3125,25.354166666666668,78.75,0.3375000000000001
3695,2018-02-12,0.0,12676.624600000001,25.995833333333337,24.65416666666667,80.5,0.65
3696,2018-02-13,0.0,16806.39956,26.179166666666664,24.77916666666667,80.3125,0.4000000000000001
3697,2018-02-14,0.0,15172.16345,25.849999999999998,24.545833333333338,81.9375,0.525
3698,2018-02-15,0.0,15081.66619,26.412499999999998,25.308333333333334,77.75,0.4625000000000001
3699,2018-02-16,0.0,19224.284,27.3,25.866666666666664,75.75,0.6708333333333333
3700,2018-02-17,0.0,9962.76021,26.579166666666666,25.5,80.91666666666667,0.5458333333333334
3701,2018-02-18,0.0,15289.34383,26.45,25.004166666666666,81.25,0.45
3702,2018-02-19,0.0,14299.738150000001,26.104166666666668,24.975000000000005,82.3125,0.5208333333333334
3703,2018-02-20,0.0,9034.50829,25.870833333333334,25.145833333333332,84.52083333333333,0.39166666666666666
3704,2018-02-21,0.0,16123.768,25.974999999999998,24.6875,83.72916666666667,0.5875
3705,2018-02-22,0.0,8947.282039999998,25.120833333333337,24.19583333333333,85.8125,0.7625000000000001
3706,2018-02-23,0.0,15682.08993,25.708333333333332,24.791666666666668,82.39583333333333,0.15416666666666665
3707,2018-02-24,0.0,23078.74238,27.34583333333333,26.09166666666667,76.75,0.5125
3708,2018-02-25,0.0,5392.66796,24.804166666666664,24.145833333333332,87.54166666666667,0.5750000000000001
3709,2018-02-26,0.0,23539.811,27.054166666666664,25.795833333333334,76.33333333333333,0.25416666666666665
3710,2018-02-27,0.0,16863.31657,27.3875,25.916666666666668,78.5625,0.5375
3711,2018-02-28,0.0,19160.72663,26.733333333333334,25.504166666666663,78.08333333333333,0.75
3712,2018-03-01,0.0,12416.88443,26.366666666666664,25.066666666666666,81.58333333333333,0.44166666666666665
3713,2018-03-02,0.0,16224.541210000001,26.474999999999998,25.191666666666666,77.33333333333333,0.6541666666666667
3714,2018-03-03,0.0,22687.14448,27.2375,25.879166666666666,76.5,0.3
3715,2018-03-04,0.0,16974.61404,27.829166666666666,26.475000000000005,75.70833333333333,0.4875
3716,2018-03-05,0.0,11070.60848,26.8875,25.770833333333332,80.70833333333333,0.3875
3717,2018-03-06,0.0,16986.137560000003,27.395833333333332,25.770833333333332,78.04166666666667,0.4791666666666667
3718,2018-03-07,0.0,16010.74276,27.51666666666667,26.28333333333333,78.41666666666667,0.6
3719,2018-03-08,0.0,11572.0,27.424999999999997,26.604166666666668,78.3125,0.6083333333333333
3720,2018-03-09,0.0,13523.274640000001,26.345833333333335,25.200000000000003,81.66666666666667,0.7458333333333332
3721,2018-03-10,0.0,13949.32753,26.991666666666664,25.7,79.91666666666667,0.375
3722,2018-03-11,0.0,12514.01601,27.270833333333332,26.358333333333334,80.08333333333333,0.15416666666666667
3723,2018-03-12,0.0,17493.64616,28.375,27.22083333333333,75.54166666666667,0.625
3724,2018-03-13,0.0,11194.76747,27.712499999999995,26.77916666666667,74.52083333333333,0.46249999999999997
3725,2018-03-14,0.0,14463.946960000001,27.954166666666666,26.725000000000005,76.27083333333333,0.375
3726,2018-03-15,0.0,19755.986,27.375,26.195833333333336,77.45833333333333,0.3625
3727,2018-03-16,0.0,16221.731,27.883333333333336,26.516666666666666,77.20833333333333,0.29166666666666663
3728,2018-03-17,0.0,21738.139,28.770833333333332,27.450000000000003,71.91666666666667,0.4416666666666667
3729,2018-03-18,0.0,11422.856730000001,27.916666666666668,26.475000000000005,76.0,0.525
3730,2018-03-19,0.0,14908.45218,26.5625,25.041666666666668,81.875,0.6708333333333334
3731,2018-03-20,0.0,14756.94991,26.483333333333334,25.191666666666666,80.77083333333333,0.4791666666666667
3732,2018-03-21,0.0,22755.24598,27.774999999999995,26.770833333333332,76.22916666666667,0.525
3733,2018-03-22,0.0,14074.955189999999,27.8125,26.566666666666666,75.64583333333333,0.225
3734,2018-03-23,0.0,3481.39967,24.633333333333336,24.075,89.5,0.5833333333333334
3735,2018-03-24,0.0,19884.451,26.079166666666666,25.029166666666665,78.85416666666667,0.3416666666666666
3736,2018-03-25,0.0,14217.275230000001,25.604166666666668,24.5,83.875,0.5499999999999999
3737,2018-03-26,0.0,13379.993390000001,25.083333333333332,24.308333333333334,82.625,0.5708333333333334
3738,2018-03-27,0.0,19701.11857,27.041666666666668,25.82916666666667,73.1875,0.6416666666666666
3739,2018-03-28,0.0,17494.467149999997,28.175,26.875,75.25,0.4708333333333334
3740,2018-03-29,0.0,14729.142199999998,27.516666666666666,26.337500000000002,79.125,0.4875
3741,2018-03-30,0.0,11189.998210000002,26.791666666666668,26.004166666666663,79.8125,0.4583333333333333
3742,2018-03-31,0.0,18067.597,27.708333333333332,26.625,74.4375,0.5416666666666666
3743,2018-04-01,0.0,18111.364960000003,28.04583333333333,26.541666666666668,76.20833333333333,0.4541666666666666
3744,2018-04-02,0.0,10258.275160000001,26.570833333333336,25.570833333333336,81.04166666666667,0.49583333333333335
3745,2018-04-03,0.0,13402.44755,26.52916666666667,25.554166666666664,78.97916666666667,0.3666666666666667
3746,2018-04-04,0.0,15886.34864,27.554166666666664,26.10833333333333,79.02083333333333,0.3333333333333333
3747,2018-04-05,0.0,20904.70509,26.179166666666664,24.89166666666667,79.20833333333333,0.32083333333333336
3748,2018-04-06,0.0,12418.75166,26.400000000000002,25.40416666666667,81.0625,0.5708333333333334
3749,2018-04-07,0.0,6367.28066,24.791666666666668,24.133333333333336,85.72916666666667,0.6208333333333332
3750,2018-04-08,0.0,18868.3165,26.825000000000003,25.775000000000002,76.22916666666667,0.40416666666666673
3751,2018-04-09,0.0,6085.93887,25.070833333333336,24.45,85.27083333333333,0.6291666666666668
3752,2018-04-10,0.0,16453.01457,26.166666666666668,24.883333333333336,79.97916666666667,0.6416666666666667
3753,2018-04-11,0.0,13579.320609999999,25.399999999999995,24.40416666666667,81.5,0.4124999999999999
3754,2018-04-12,0.0,7340.33044,24.525000000000002,23.862499999999997,84.25,0.39999999999999997
3755,2018-04-13,0.0,12298.93672,25.8125,24.554166666666664,81.4375,0.32916666666666666
3756,2018-04-14,0.0,14694.1349,26.46666666666667,25.395833333333332,80.5625,0.5333333333333333
3757,2018-04-15,0.0,14999.4437,26.979166666666668,25.75,80.8125,0.5125000000000001
3758,2018-04-16,0.0,13092.45025,25.725000000000005,24.575,84.35416666666667,0.4916666666666667
3759,2018-04-17,0.0,12426.51175,26.091666666666665,24.90416666666667,84.14583333333333,0.5375
3760,2018-04-18,0.0,14922.612060000001,26.412500000000005,25.2,80.4375,0.6166666666666667
3761,2018-04-19,0.0,21506.669,28.241666666666664,27.1125,71.64583333333333,1.1541666666666668
3762,2018-04-20,0.0,11981.77493,27.962499999999995,26.666666666666668,72.5625,0.5375
3763,2018-04-21,0.0,16592.39589,28.425,26.991666666666664,73.875,0.3666666666666667
3764,2018-04-22,0.0,14804.18131,27.34166666666667,26.2,76.02083333333333,0.3458333333333334
3765,2018-04-23,0.0,21684.452,28.266666666666666,27.075,72.29166666666667,1.1458333333333333
3766,2018-04-24,0.0,21378.226649999997,28.516666666666666,27.354166666666668,69.91666666666667,1.2375
3767,2018-04-25,0.0,17232.44843,28.254166666666666,26.8,70.22916666666667,0.7291666666666666
3768,2018-04-26,13.0,15564.77439,28.152173913043477,26.669565217391302,70.69565217391305,0.9083333333333333
3769,2018-04-27,0.0,22150.163,28.462499999999995,27.037500000000005,68.9375,0.8958333333333334
3770,2018-04-28,0.0,19610.919,28.058333333333337,26.729166666666668,70.97916666666667,0.8666666666666667
3771,2018-04-29,0.0,16349.76015,28.55,27.22083333333333,69.0625,0.7083333333333334
3772,2018-04-30,12.200000000000001,14496.2886,26.620833333333326,25.05,79.1875,0.9666666666666667
3773,2018-05-01,2.2,17483.804559999997,27.64166666666667,26.241666666666664,75.33333333333333,0.6375000000000001
3774,2018-05-02,0.2,12992.942,27.024999999999995,26.02916666666667,79.75,0.37916666666666665
3775,2018-05-03,0.0,17075.41111,27.666666666666668,26.5,74.95833333333333,0.75
3776,2018-05-04,0.4,17185.5031,28.17083333333333,26.625,71.77083333333333,0.9208333333333334
3777,2018-05-05,0.0,16485.846,27.733333333333334,26.558333333333337,72.20833333333333,0.8624999999999999
3778,2018-05-06,0.0,16210.41,26.770833333333332,25.454166666666666,73.75,0.9375
3779,2018-05-07,0.0,20135.719,27.65833333333333,26.329166666666666,70.22916666666667,0.7583333333333334
3780,2018-05-08,0.0,15700.45792,28.2,26.662499999999998,69.79166666666667,0.5
3781,2018-05-09,9.0,19419.4,27.412500000000005,26.129166666666666,72.10416666666667,0.7416666666666667
3782,2018-05-10,14.2,12958.43702,27.304166666666664,25.9875,76.41666666666667,0.9291666666666667
3783,2018-05-11,0.0,15352.408640000001,28.083333333333332,27.066666666666666,73.72916666666667,0.5125000000000001
3784,2018-05-12,2.8,12979.9494,27.674999999999997,26.48333333333333,76.35416666666667,0.8416666666666667
3785,2018-05-13,0.0,10871.38351,26.804166666666664,25.8625,77.08333333333333,0.7333333333333334
3786,2018-05-14,4.800000000000001,12135.94589,27.054166666666664,25.745833333333337,78.3125,0.4916666666666667
3787,2018-05-15,0.0,13552.914449999998,27.24166666666667,26.05,76.5625,0.375
3788,2018-05-16,0.0,19945.96211,27.958333333333332,26.450000000000003,71.27083333333333,0.6375000000000001
3789,2018-05-17,0.0,17980.10607,27.97083333333333,26.412500000000005,71.3125,0.725
3790,2018-05-18,0.4,12792.30325,27.412500000000005,25.90833333333333,75.97916666666667,0.4833333333333334
3791,2018-05-19,0.0,18003.298,27.650000000000002,26.05,73.83333333333333,0.6458333333333334
3792,2018-05-20,0.0,13714.53324,28.337500000000002,26.733333333333334,71.75,0.3916666666666666
3793,2018-05-21,0.0,13596.754,26.854166666666668,25.641666666666666,76.95833333333333,0.4791666666666667
3794,2018-05-22,8.0,10490.034,26.120833333333334,24.916666666666668,83.27083333333333,0.4791666666666667
3795,2018-05-23,0.4,14277.17569,27.05,25.575,76.5,0.3708333333333333
3796,2018-05-24,0.0,18176.801,27.59583333333333,25.82083333333333,71.875,0.4291666666666667
3797,2018-05-25,0.0,20596.606490000002,27.8125,26.379166666666663,67.9375,0.9541666666666666
3798,2018-05-26,0.0,18491.00461,27.304166666666664,25.866666666666664,66.60416666666667,0.9666666666666667
3799,2018-05-27,0.0,15434.24845,26.791666666666668,25.108333333333334,68.91666666666667,0.7624999999999998
3800,2018-05-28,0.0,20017.543,27.35833333333333,25.962499999999995,66.79166666666667,1.0333333333333334
3801,2018-05-29,0.0,16937.66304,27.17083333333333,25.6875,67.25,1.1083333333333334
3802,2018-05-30,0.0,20099.38138,27.591666666666665,26.116666666666664,65.79166666666667,1.0708333333333333
3803,2018-05-31,0.0,17223.134579999998,27.73333333333333,26.304166666666664,65.1875,0.9500000000000001
3804,2018-06-01,0.0,20019.827,27.7625,26.041666666666668,63.854166666666664,1.2041666666666666
3805,2018-06-02,0.0,15346.86724,27.225000000000005,25.52916666666667,67.89583333333333,0.725
3806,2018-06-03,0.0,17944.876,28.208333333333332,26.691666666666674,66.20833333333333,0.5125000000000001
3807,2018-06-04,2.0,14974.649949999999,27.7,26.037499999999998,73.16666666666667,0.3375000000000001
3808,2018-06-05,0.0,10994.35785,28.270833333333332,26.858333333333334,69.625,0.6333333333333333
3809,2018-06-06,0.0,13372.904869999998,28.15833333333333,26.575,68.0,0.7791666666666668
3810,2018-06-07,0.0,14723.50342,28.558333333333334,26.979166666666668,67.35416666666667,0.8208333333333334
3811,2018-06-08,0.2,16303.513,28.037499999999998,26.370833333333334,69.8125,0.9375
3812,2018-06-09,3.2,11071.11407,27.120833333333337,25.34583333333333,73.35416666666667,0.9500000000000001
3813,2018-06-10,0.0,17309.02343,26.866666666666664,25.5,73.27083333333333,0.8166666666666668
3814,2018-06-11,0.0,16492.76866,27.287499999999998,25.670833333333334,66.91666666666667,1.1833333333333333
3815,2018-06-12,0.0,18697.435879999997,26.53333333333333,24.833333333333332,65.35416666666667,1.0333333333333334
3816,2018-06-13,0.0,17022.00376,26.78333333333333,25.054166666666664,66.33333333333333,0.7000000000000001
3817,2018-06-14,0.0,19098.466,27.512500000000003,25.8,64.33333333333333,0.5666666666666667
3818,2018-06-15,0.0,15873.65982,27.379166666666663,25.724999999999998,64.8125,0.9916666666666666
3819,2018-06-16,0.0,17584.81577,27.4875,25.92083333333333,64.22916666666667,0.9666666666666667
3820,2018-06-17,0.0,16334.26447,27.237499999999997,25.575,65.27083333333333,0.8291666666666666
3821,2018-06-18,0.0,13878.649969999999,26.9375,25.166666666666668,67.16666666666667,0.7958333333333333
3822,2018-06-19,0.0,18453.814,26.8125,25.220833333333335,66.47916666666667,1.0333333333333334
3823,2018-06-20,0.0,14512.97276,27.162499999999998,25.5,66.25,0.9208333333333334
3824,2018-06-21,0.0,17612.480079999998,27.008333333333336,25.333333333333332,61.645833333333336,1.0083333333333333
3825,2018-06-22,0.0,18849.32285,26.670833333333334,25.0625,61.083333333333336,1.0416666666666667
3826,2018-06-23,0.0,19151.79032,27.283333333333335,25.67083333333333,59.375,1.1583333333333334
3827,2018-06-24,0.0,18961.66299,27.2,25.616666666666664,59.9375,0.9791666666666666
3828,2018-06-25,0.0,18909.56531,26.475000000000005,24.6875,58.833333333333336,1.0416666666666665
3829,2018-06-26,0.0,16777.704429999998,26.11666666666667,24.179166666666664,58.895833333333336,0.8250000000000002
3830,2018-06-27,0.0,18875.21725,26.445833333333336,24.599999999999998,60.125,0.725
3831,2018-06-28,0.0,14279.99463,26.95,25.120833333333334,59.708333333333336,0.9166666666666666
3832,2018-06-29,0.0,16598.44475,27.016666666666666,25.241666666666664,60.0,0.9333333333333332
3833,2018-06-30,0.0,18461.564,27.05,25.183333333333337,59.541666666666664,0.8125
3834,2018-07-01,0.0,12228.834219999999,27.075,25.191666666666666,59.4375,0.6875
3835,2018-07-02,0.0,17580.032,27.175,25.120833333333334,57.541666666666664,0.5625000000000001
3836,2018-07-03,0.0,18798.202,27.145833333333332,25.15833333333333,59.020833333333336,0.7208333333333333
3837,2018-07-04,0.6,12064.53933,27.224999999999998,25.370833333333334,68.04166666666667,0.4458333333333333
3838,2018-07-05,0.0,16177.345210000001,27.27916666666667,25.679166666666664,64.25,0.6625
3839,2018-07-06,0.0,19597.886560000003,26.73333333333333,24.8,58.6875,0.7833333333333333
3840,2018-07-07,0.0,15561.53761,26.89166666666667,25.19583333333333,60.729166666666664,1.3791666666666667
3841,2018-07-08,0.0,18319.653,29.14166666666667,27.570833333333336,58.895833333333336,1.0125
3842,2018-07-09,0.0,17477.413230000002,28.1875,26.3625,58.125,0.7291666666666666
3843,2018-07-10,0.0,14448.60841,27.099999999999998,25.258333333333336,61.166666666666664,0.8791666666666668
3844,2018-07-11,0.0,10778.373230000001,28.370833333333334,26.979166666666668,63.458333333333336,0.9874999999999999
3845,2018-07-12,0.0,13203.052679999999,27.95,26.23333333333333,63.4375,0.6458333333333334
3846,2018-07-13,0.0,15752.034230000001,28.5625,26.88333333333333,62.541666666666664,0.7625000000000001
3847,2018-07-14,0.0,14921.424,28.09583333333333,26.433333333333334,62.104166666666664,0.875
3848,2018-07-15,0.0,17406.21272,27.416666666666668,25.587500000000002,61.3125,0.7916666666666666
3849,2018-07-16,0.0,17829.31838,27.358333333333334,25.52916666666667,56.770833333333336,0.8874999999999998
3850,2018-07-17,0.0,10473.68967,26.004545454545454,24.113636363636363,57.81818181818182,1.0909090909090908
3851,2018-07-18,0.0,14638.47784,26.745833333333337,24.8875,58.791666666666664,0.8583333333333334
3852,2018-07-19,0.0,18864.849,27.90869565217392,25.930434782608696,55.41304347826087,1.4391304347826088
3853,2018-07-20,0.0,12810.12854,27.47083333333333,25.275000000000002,54.416666666666664,0.9874999999999999
3854,2018-07-21,0.0,18370.403,27.10833333333333,24.9875,55.020833333333336,1.0374999999999999
3855,2018-07-22,0.0,17671.85714,27.820833333333336,25.816666666666663,55.145833333333336,0.8874999999999998
3856,2018-07-23,0.0,18798.706,29.541666666666668,27.741666666666664,51.333333333333336,1.3458333333333332
3857,2018-07-24,0.0,16155.37007,28.941666666666666,26.8625,52.041666666666664,1.1208333333333333
3858,2018-07-25,0.0,14262.2445,28.40416666666667,26.474999999999998,56.041666666666664,1.1583333333333332
3859,2018-07-26,0.0,18774.548,28.1875,26.304166666666664,56.125,1.1416666666666668
3860,2018-07-27,0.0,18037.14518,28.525000000000006,26.65416666666667,55.854166666666664,1.0291666666666666
3861,2018-07-28,0.0,14912.25585,28.8625,26.945833333333336,56.395833333333336,0.9208333333333334
3862,2018-07-29,0.0,15287.46327,28.104166666666668,26.304166666666664,60.979166666666664,0.6375
3863,2018-07-30,0.0,16974.311759999997,28.545833333333334,26.724999999999998,61.208333333333336,0.9125
3864,2018-07-31,0.0,13463.56404,27.370833333333334,25.57916666666667,63.75,0.7875000000000001
3865,2018-08-01,0.0,17222.29187,27.708333333333332,25.858333333333334,63.0625,0.8416666666666667
3866,2018-08-02,0.0,14602.44064,27.129166666666666,25.258333333333336,65.9375,0.5833333333333334
3867,2018-08-03,0.0,17055.548,28.8125,27.133333333333336,58.270833333333336,0.8208333333333334
3868,2018-08-04,0.0,11379.83945,28.633333333333336,26.879166666666663,56.666666666666664,0.9291666666666666
3869,2018-08-05,0.0,15614.94816,27.149999999999995,25.3,63.125,0.5750000000000001
3870,2018-08-06,0.0,17903.83759,28.462500000000002,26.620833333333334,60.229166666666664,0.6666666666666666
3871,2018-08-07,0.0,12742.05826,28.458333333333332,26.73333333333333,58.9375,0.7208333333333333
3872,2018-08-08,0.0,16388.94485,29.004166666666666,27.1875,57.8125,0.8249999999999998
3873,2018-08-09,0.0,14494.75009,27.4875,25.504166666666666,59.729166666666664,0.5499999999999999
3874,2018-08-10,0.0,12853.31898,27.412499999999998,25.6875,62.166666666666664,0.5625000000000001
3875,2018-08-11,0.0,13972.553460000001,28.375,26.741666666666664,59.9375,0.7291666666666666
3876,2018-08-12,0.0,13291.437,28.55217391304348,26.952173913043477,59.97826086956522,0.6739130434782608
3877,2018-08-13,0.0,13724.607,28.662500000000005,26.787500000000005,60.125,0.6166666666666667
3878,2018-08-14,0.0,18948.063,28.8,27.129166666666663,56.1875,0.7291666666666666
3879,2018-08-15,6.3999999999999995,11010.611050000001,27.825,25.95416666666667,65.83333333333333,0.6041666666666666
3880,2018-08-16,0.0,12315.317879999999,26.804166666666664,25.60833333333333,73.60416666666667,0.4458333333333333
3881,2018-08-17,0.2,14733.583,26.89166666666667,25.145833333333332,73.10416666666667,0.48333333333333334
3882,2018-08-18,0.0,15218.10335,27.90416666666667,26.366666666666664,68.29166666666667,0.6458333333333334
3883,2018-08-19,0.0,17818.67,28.325000000000003,26.8125,62.104166666666664,0.9499999999999998
3884,2018-08-20,0.0,14261.3423,28.316666666666663,26.458333333333332,57.083333333333336,0.875
3885,2018-08-21,0.0,19427.52323,29.291666666666668,27.358333333333334,53.375,0.9500000000000001
3886,2018-08-22,0.0,17540.09926,28.84583333333333,26.679166666666664,52.770833333333336,0.8708333333333332
3887,2018-08-23,0.0,20781.138,28.375,26.212500000000002,50.520833333333336,0.9666666666666668
3888,2018-08-24,0.0,20885.627,28.545833333333334,26.6875,52.520833333333336,0.5666666666666667
3889,2018-08-25,0.0,12137.79978,28.40416666666667,26.537499999999998,57.958333333333336,0.43333333333333335
3890,2018-08-26,0.0,18617.365,28.629166666666663,26.854166666666668,59.479166666666664,0.7541666666666668
3891,2018-08-27,0.0,15284.91281,28.77916666666667,27.05,57.5625,0.9833333333333334
3892,2018-08-28,0.0,13599.56185,28.65833333333333,26.7375,54.708333333333336,0.8541666666666666
3893,2018-08-29,0.0,18039.30629,28.412499999999998,26.454166666666666,53.666666666666664,0.9958333333333332
3894,2018-08-30,0.0,20552.1282,29.28333333333333,27.4375,47.270833333333336,1.1375
3895,2018-08-31,0.0,22193.43,29.066666666666666,26.95416666666667,44.395833333333336,0.8416666666666667
3896,2018-09-01,0.0,19749.428,28.925,26.5625,44.4375,0.5541666666666667
3897,2018-09-02,0.0,20717.645740000004,28.72083333333333,26.795833333333334,50.5,0.85
3898,2018-09-03,0.0,15943.279,28.65416666666667,26.941666666666666,56.0625,0.5916666666666667
3899,2018-09-04,0.0,20138.489,28.84583333333333,26.974999999999998,59.229166666666664,1.0166666666666668
3900,2018-09-05,0.0,17177.677,30.1125,28.541666666666668,55.666666666666664,0.5958333333333333
3901,2018-09-06,0.0,16177.40235,30.008333333333336,28.26666666666667,57.479166666666664,1.2458333333333333
3902,2018-09-07,0.0,16677.73809,30.504166666666666,28.770833333333332,55.291666666666664,1.0833333333333333
3903,2018-09-08,1.4,10052.945,29.856521739130436,28.069565217391304,57.76086956521739,0.908695652173913
3904,2018-09-09,0.0,15166.038879999998,29.27916666666667,27.608333333333334,59.270833333333336,0.9125
3905,2018-09-10,0.0,15230.44849,29.370833333333337,27.491666666666664,57.4375,0.6333333333333333
3906,2018-09-11,0.0,21551.722,29.554166666666664,27.870833333333337,55.645833333333336,0.9666666666666667
3907,2018-09-12,0.0,13527.598759999999,30.225000000000005,28.525000000000002,56.25,0.9666666666666668
3908,2018-09-13,0.0,10572.58801,29.154166666666665,27.724999999999994,56.458333333333336,1.0083333333333333
3909,2018-09-14,0.0,22618.728,30.149999999999995,28.325,52.208333333333336,1.0333333333333332
3910,2018-09-15,0.0,15354.44439,30.287499999999998,28.674999999999997,49.645833333333336,0.9500000000000001
3911,2018-09-16,0.0,19145.12144,30.8625,29.233333333333334,48.083333333333336,1.0374999999999999
3912,2018-09-17,0.0,16861.26659,30.45,28.733333333333338,50.708333333333336,0.5375000000000001
3913,2018-09-18,1.6,17311.30534,30.325,28.3875,55.645833333333336,0.9458333333333333
3914,2018-09-19,0.0,17115.31778,29.087499999999995,27.587500000000002,61.083333333333336,0.9458333333333334
3915,2018-09-20,0.0,15534.74666,30.21666666666667,28.358333333333334,53.583333333333336,0.9625
3916,2018-09-21,0.0,15590.34277,30.341666666666665,28.4375,54.916666666666664,0.5291666666666667
3917,2018-09-22,0.0,20899.763240000004,30.708333333333332,28.704166666666666,51.208333333333336,0.8250000000000001
3918,2018-09-23,0.0,12020.3065,29.2375,27.925,56.416666666666664,0.8291666666666666
3919,2018-09-24,0.0,15523.83353,29.979166666666668,28.641666666666666,56.229166666666664,1.1291666666666667
3920,2018-09-25,0.0,13211.112,29.9375,28.32083333333333,57.041666666666664,0.7375000000000002
3921,2018-09-26,13.0,16278.82308,29.5,27.629166666666666,59.583333333333336,0.7541666666666668
3922,2018-09-27,1.0,16844.745,28.366666666666664,27.183333333333334,67.29166666666667,0.6791666666666666
3923,2018-09-28,0.0,16729.593,29.174999999999997,27.854166666666668,63.041666666666664,0.5875
3924,2018-09-29,0.0,22516.413,30.975000000000005,29.3125,53.208333333333336,0.8875000000000001
3925,2018-09-30,0.0,11998.798,29.925,28.729166666666668,56.083333333333336,1.1083333333333334
3926,2018-10-01,0.0,14279.7696,29.45416666666667,27.995833333333337,59.4375,0.6125
3927,2018-10-02,0.0,15563.57166,29.645833333333332,28.099999999999998,59.291666666666664,0.45416666666666666
3928,2018-10-03,0.0,15685.793,28.69583333333333,27.258333333333336,60.9375,0.6208333333333333
3929,2018-10-04,0.0,10708.65166,28.366666666666664,26.9375,63.625,0.4375
3930,2018-10-05,0.0,17394.67496,29.82083333333333,28.254166666666663,58.083333333333336,0.425
3931,2018-10-06,0.0,9219.849769999999,29.183333333333334,27.579166666666666,60.6875,0.7458333333333332
3932,2018-10-07,1.6,12629.4524,29.075,27.433333333333334,64.33333333333333,0.9916666666666667
3933,2018-10-08,0.0,17073.002,28.445833333333336,26.77916666666667,64.75,0.55
3934,2018-10-09,0.0,11888.17012,29.779166666666665,27.950000000000003,58.4375,0.6291666666666667
3935,2018-10-10,0.0,15143.16872,29.858333333333334,28.224999999999998,55.979166666666664,0.7458333333333332
3936,2018-10-11,0.0,14205.31872,29.966666666666665,28.391666666666666,54.291666666666664,0.625
3937,2018-10-12,0.0,14746.35616,29.491666666666664,28.0125,56.416666666666664,1.2
3938,2018-10-13,0.0,17367.900719999998,30.558333333333337,28.895833333333332,54.3125,0.7166666666666667
3939,2018-10-14,0.0,20828.889,30.525000000000002,29.05,54.958333333333336,0.8541666666666666
3940,2018-10-15,0.0,20985.8929,31.004166666666663,29.40416666666667,54.166666666666664,0.8708333333333332
3941,2018-10-16,15.6,11354.285129999998,28.7375,27.3625,63.416666666666664,1.4874999999999998
3942,2018-10-17,0.2,20913.664,28.679166666666664,26.97083333333333,66.125,0.44583333333333336
3943,2018-10-18,8.2,13761.79523,28.712500000000002,27.504166666666663,70.625,0.5833333333333334
3944,2018-10-19,0.0,11422.94041,28.89166666666667,27.566666666666666,68.10416666666667,0.5958333333333333
3945,2018-10-20,0.4,22116.812,29.875,28.416666666666668,63.354166666666664,0.5291666666666667
3946,2018-10-21,0.6000000000000001,15856.62205,29.420833333333334,28.03333333333333,64.39583333333333,1.1583333333333332
3947,2018-10-22,0.0,19846.649,29.5125,28.166666666666668,62.375,1.2583333333333335
3948,2018-10-23,0.0,14792.51725,30.354166666666668,28.679166666666664,57.3125,0.7625000000000001
3949,2018-10-24,0.0,23810.42016,31.17083333333333,29.274999999999995,51.458333333333336,1.1458333333333333
3950,2018-10-25,0.0,19222.606439999996,31.10833333333333,29.26666666666667,54.0,0.5708333333333333
3951,2018-10-26,0.0,20058.33,31.383333333333336,29.82083333333333,52.5625,0.8875000000000001
3952,2018-10-27,0.0,21408.607969999997,31.745833333333334,30.28333333333333,51.104166666666664,1.1291666666666667
3953,2018-10-28,0.0,20677.7281,30.912500000000005,29.399999999999995,56.166666666666664,0.9041666666666667
3954,2018-10-29,0.0,20929.29852,31.162500000000005,29.758333333333336,53.958333333333336,1.1583333333333332
3955,2018-10-30,0.8,13825.209620000001,29.395833333333332,28.129166666666666,63.208333333333336,0.8000000000000002
3956,2018-10-31,2.8000000000000003,13902.842,28.912500000000005,27.2,66.0625,0.6083333333333333
3957,2018-11-01,0.0,17683.24215,28.929166666666664,27.591666666666665,66.83333333333333,0.975
3958,2018-11-02,0.0,15507.88163,28.879166666666666,27.40416666666667,61.5,0.6166666666666666
3959,2018-11-03,0.0,17385.50271,30.087499999999995,28.412499999999998,57.833333333333336,0.6041666666666666
3960,2018-11-04,8.0,16780.57058,30.099999999999998,28.195833333333336,59.208333333333336,0.9916666666666666
3961,2018-11-05,13.2,16835.863759999997,27.8625,26.741666666666664,73.625,1.0250000000000001
3962,2018-11-06,0.0,15936.883629999998,29.53333333333333,28.325,65.04166666666667,0.575
3963,2018-11-07,2.2,17220.21221,28.604166666666668,27.070833333333336,72.8125,0.625
3964,2018-11-08,0.0,11905.85127,28.520833333333332,27.02916666666667,69.10416666666667,0.5625
3965,2018-11-09,0.0,20593.81452,29.712499999999995,28.47083333333333,62.229166666666664,0.5708333333333334
3966,2018-11-10,0.0,21246.62,30.929166666666664,29.583333333333332,57.166666666666664,0.9291666666666667
3967,2018-11-11,0.0,16149.66229,30.462499999999995,28.945833333333336,62.458333333333336,0.8208333333333333
3968,2018-11-12,0.0,11801.826939999999,28.241666666666664,27.041666666666668,67.85416666666667,1.4041666666666668
3969,2018-11-13,0.2,17090.68922,29.712499999999995,28.337500000000002,62.145833333333336,0.9541666666666667
3970,2018-11-14,0.0,11898.765,29.3125,28.1875,63.1875,0.7958333333333334
3971,2018-11-15,0.0,16880.38114,29.245833333333337,27.916666666666668,66.83333333333333,0.7666666666666667
3972,2018-11-16,0.0,16662.157,29.20416666666667,27.879166666666666,61.291666666666664,1.0625
3973,2018-11-17,0.0,21470.529,31.129166666666666,29.570833333333336,52.125,0.8041666666666667
3974,2018-11-18,0.2,20292.591969999998,30.558333333333334,29.008333333333336,56.020833333333336,0.6041666666666666
3975,2018-11-19,0.0,19128.44359,30.608333333333334,29.008333333333336,61.458333333333336,0.6958333333333333
3976,2018-11-20,0.0,19601.943,31.6125,29.98333333333333,54.854166666666664,0.7458333333333332
3977,2018-11-21,60.4,17741.02025,29.541666666666668,27.883333333333336,66.75,1.0541666666666665
3978,2018-11-22,56.400000000000006,15501.534,27.920833333333334,26.48333333333333,75.33333333333333,0.7666666666666666
3979,2018-11-23,0.6000000000000001,9767.59583,28.21,26.869999999999997,75.775,0.62
3980,2018-11-24,0.0,11241.982789999998,31.511111111111113,29.71111111111111,66.44444444444444,1.3666666666666667
3981,2018-11-25,0.0,13436.796719999998,29.849999999999998,28.224999999999998,76.375,0.65
3982,2018-11-26,10.2,6180.641,27.933333333333334,26.600000000000005,73.91666666666667,0.7333333333333333
3983,2018-11-27,0.0,14219.204109999999,29.99,28.290000000000003,73.7,0.8899999999999999
3984,2018-11-28,0.0,10122.155439999999,29.75,28.4875,71.5625,1.2875
3985,2018-11-29,0.0,9553.336,29.142857142857142,27.857142857142858,77.07142857142857,0.7857142857142858
3986,2018-11-30,0.0,8051.435,28.428571428571427,27.157142857142855,79.71428571428571,0.375
3987,2018-12-01,0.0,17157.13018,30.2,28.429999999999996,69.85,0.63
3988,2018-12-02,0.0,13359.63828,31.8125,29.9625,63.0625,1.588888888888889
3989,2018-12-03,0.0,7469.304,28.2,26.816666666666666,80.0,1.5666666666666667
3990,2018-12-04,0.0,13382.379,27.866666666666667,26.700000000000003,80.05555555555556,0.2111111111111111
3991,2018-12-05,0.6,8510.888879999999,27.957142857142856,26.428571428571427,75.64285714285714,0.6285714285714287
3992,2018-12-06,0.0,11259.638,28.633333333333336,26.98333333333333,79.25,1.1666666666666667
3993,2018-12-07,0.8,14610.094570000001,30.6,28.075000000000003,69.125,1.4250000000000003
3994,2018-12-08,0.0,15163.198,30.766666666666666,28.7,72.66666666666667,0.5833333333333334
3995,2018-12-09,0.2,10735.071,30.183333333333334,28.416666666666668,73.75,0.6833333333333332
3996,2018-12-10,0.0,17660.91,30.95714285714286,29.314285714285717,65.07142857142857,2.275
3997,2018-12-11,0.2,15980.867320000001,32.2875,30.0375,60.6875,2.5250000000000004
3998,2018-12-12,0.0,12460.902109999999,30.03333333333333,28.183333333333337,67.25,1.0666666666666667
3999,2018-12-13,0.0,16487.75673,29.977777777777778,28.283333333333335,64.66666666666667,0.8111111111111111
4000,2018-12-14,9.6,14092.51508,28.285000000000004,26.064999999999998,70.3,0.545
4001,2018-12-15,0.0,13864.819,28.74285714285714,27.2,74.71428571428571,0.557142857142857
4002,2018-12-16,0.0,12591.392460000001,29.75714285714286,27.828571428571426,71.85714285714286,0.8857142857142856
4003,2018-12-17,0.0,21756.84,32.24545454545454,30.50909090909091,57.31818181818182,0.9727272727272727
4004,2018-12-18,0.0,13658.213129999998,29.861538461538462,28.599999999999998,62.15384615384615,1.7076923076923078
4005,2018-12-19,0.0,19181.100990000003,32.67,30.82,58.35,1.718181818181818
4006,2018-12-20,0.0,17169.28109,32.1888888888889,30.200000000000003,63.833333333333336,1.1099999999999999
4007,2018-12-21,0.0,18634.265,32.5,30.488888888888887,62.5,1.3444444444444446
4008,2018-12-22,1.8,11889.41971,30.083333333333332,28.475000000000005,68.625,0.375
4009,2018-12-23,0.0,16269.416,27.241666666666664,25.875,71.39583333333333,0.4583333333333333
4010,2018-12-24,0.8,11190.882370000001,26.724999999999998,25.3875,73.20833333333333,0.47500000000000003
4011,2018-12-25,0.0,24091.211,28.337499999999995,26.979166666666668,68.77083333333333,0.6875
4012,2018-12-26,0.0,19028.948,28.191666666666666,26.662500000000005,65.83333333333333,0.7416666666666666
4013,2018-12-27,8.6,24345.558,27.991666666666664,26.370833333333337,68.3125,0.7666666666666667
4014,2018-12-28,0.0,20984.94168,28.29565217391304,27.14782608695652,73.26086956521739,0.41304347826086957
4015,2018-12-29,6.6,9021.871969999998,27.566666666666666,26.479166666666668,72.125,0.5375
4016,2018-12-30,9.8,18777.533,27.370833333333337,26.120833333333334,79.08333333333333,0.3666666666666667
4017,2018-12-31,0.6,16108.381,27.1875,26.15416666666667,76.375,0.49166666666666664
4018,2019-01-01,34.0,16393.183,26.175,24.92083333333333,80.95833333333333,0.4875
4019,2019-01-02,0.4,16880.794429999998,28.32083333333333,27.195833333333336,77.35416666666667,0.5958333333333333
4020,2019-01-03,0.0,20715.228,28.450000000000003,27.145833333333332,71.79166666666667,0.7000000000000001
4021,2019-01-04,0.0,22787.17201,29.10833333333333,27.78333333333333,67.02083333333333,0.8875000000000001
4022,2019-01-05,0.0,19293.40649,29.541666666666668,28.0125,66.52083333333333,0.7375000000000002
4023,2019-01-06,0.2,12464.56138,26.316666666666663,25.399999999999995,73.79166666666667,0.9625
4024,2019-01-07,0.0,10159.90469,27.14166666666667,26.229166666666668,76.52083333333333,0.27499999999999997
4025,2019-01-08,3.4000000000000004,8268.86327,25.0125,24.104166666666668,79.625,0.75
4026,2019-01-09,0.0,20986.28154,28.087500000000002,26.679166666666664,71.83333333333333,0.5166666666666666
4027,2019-01-10,27.599999999999998,9787.325,24.96666666666667,24.104166666666668,81.14583333333333,1.05
4028,2019-01-11,3.8,15409.834359999999,26.104166666666668,24.770833333333332,80.125,0.47500000000000003
4029,2019-01-12,8.6,22127.021,26.395833333333332,24.962499999999995,77.125,0.6208333333333332
4030,2019-01-13,20.400000000000002,15127.79116,27.041666666666668,25.662499999999998,73.1875,0.3958333333333333
4031,2019-01-14,0.2,12593.70982,26.508333333333336,25.53333333333333,79.95833333333333,0.5
4032,2019-01-15,70.2,9047.325289999999,24.104166666666668,23.183333333333334,83.29166666666667,0.3875
4033,2019-01-16,0.0,11008.66254,25.90416666666667,25.100000000000005,81.14583333333333,0.07083333333333335
4034,2019-01-17,0.0,17379.46228,27.274999999999995,26.087500000000002,76.64583333333333,0.5916666666666667
4035,2019-01-18,0.0,13580.962140000001,26.679166666666664,25.6125,75.9375,0.3958333333333333
4036,2019-01-19,3.4000000000000004,21328.91487,27.55,26.295833333333334,76.58333333333333,0.5666666666666668
4037,2019-01-20,0.2,18499.15477,27.974999999999998,26.508333333333336,73.66666666666667,0.5416666666666666
4038,2019-01-21,3.6,13323.01004,27.395833333333332,26.024999999999995,78.3125,0.2333333333333333
4039,2019-01-22,19.0,12274.364129999998,26.6375,25.479166666666668,82.29166666666667,0.4416666666666667
4040,2019-01-23,0.0,18417.951579999997,27.987499999999997,26.766666666666666,78.75,0.6083333333333334
4041,2019-01-24,0.0,18030.929310000003,28.0,26.712500000000002,72.22916666666667,0.3333333333333333
4042,2019-01-25,1.2000000000000002,16569.66229,27.695833333333336,26.287499999999994,72.875,0.2916666666666667
4043,2019-01-26,16.799999999999997,6612.03367,25.141666666666666,24.46666666666667,83.64583333333333,0.30833333333333335
4044,2019-01-27,0.4,20059.659460000003,26.775000000000002,25.600000000000005,80.02083333333333,0.6124999999999999
4045,2019-01-28,3.6,14365.3595,27.3625,25.933333333333326,76.60416666666667,0.6958333333333333
4046,2019-01-29,0.2,13164.693,27.05,26.01666666666667,80.16666666666667,0.5708333333333333
4047,2019-01-30,0.0,18503.022189999996,28.075,27.083333333333332,77.22916666666667,0.6125
4048,2019-01-31,0.0,21195.152,28.6125,27.1875,73.66666666666667,0.39166666666666666
4049,2019-02-01,0.2,13404.45726,27.175,26.1375,74.6875,0.3791666666666667
4050,2019-02-02,13.0,9125.872720000001,25.329166666666666,24.3625,78.75,1.25
4051,2019-02-03,11.8,16157.771460000002,26.316666666666663,25.04583333333333,78.0,0.525
4052,2019-02-04,0.2,16694.05693,27.6875,26.475000000000005,74.04166666666667,0.3041666666666667
4053,2019-02-05,1.8,15469.005469999998,26.84583333333333,25.808333333333337,76.79166666666667,0.7083333333333334
4054,2019-02-06,13.399999999999999,14066.41663,27.083333333333332,25.78333333333333,78.97916666666667,0.3041666666666667
4055,2019-02-07,3.4,18340.51,27.587500000000002,26.52916666666667,78.54166666666667,0.5
4056,2019-02-08,1.2,16660.07962,28.079166666666666,27.016666666666666,76.27083333333333,0.4541666666666666
4057,2019-02-09,5.6,15074.43992,27.633333333333336,26.474999999999998,76.95833333333333,0.75
4058,2019-02-10,1.0,16698.43761,27.554166666666664,26.337499999999995,78.47916666666667,0.3541666666666667
4059,2019-02-11,0.0,22809.313,29.054166666666664,27.754166666666663,72.54166666666667,0.6875
4060,2019-02-12,12.2,12532.25108,28.0625,26.71666666666667,75.5,0.4041666666666666
4061,2019-02-13,6.8,20865.15768,27.0125,25.89166666666667,77.33333333333333,0.975
4062,2019-02-14,6.8,15540.478,27.083333333333332,25.604166666666668,77.79166666666667,0.6083333333333334
4063,2019-02-15,0.0,22519.612689999998,27.566666666666663,26.34583333333333,77.20833333333333,0.35833333333333334
4064,2019-02-16,16.4,9040.30133,26.958333333333332,25.774999999999995,77.33333333333333,0.5125000000000001
4065,2019-02-17,11.600000000000001,11619.83307,26.1375,25.058333333333337,82.72916666666667,0.5375
4066,2019-02-18,0.6000000000000001,13921.053719999998,25.708333333333332,24.8,82.45833333333333,0.3666666666666667
4067,2019-02-19,20.400000000000002,14479.541,26.2375,25.304166666666664,82.25,0.7666666666666666
4068,2019-02-20,0.4,21996.13599,27.887500000000003,26.641666666666666,76.70833333333333,0.3125
4069,2019-02-21,1.4,14549.40926,28.125,27.087500000000002,76.8125,0.375
4070,2019-02-22,16.4,13284.15,26.375,25.229166666666668,81.25,0.75
4071,2019-02-23,0.0,16865.743329999998,27.758333333333336,26.458333333333332,75.1875,0.6208333333333333
4072,2019-02-24,6.6000000000000005,16121.808710000001,27.0625,25.604166666666668,76.83333333333333,0.9250000000000002
4073,2019-02-25,2.2,15673.897,27.129166666666666,26.091666666666665,77.14583333333333,0.525
4074,2019-02-26,26.200000000000003,16965.00905,26.620833333333334,25.07916666666667,79.5625,0.41250000000000003
4075,2019-02-27,1.8,10751.80116,25.625,24.84166666666667,82.04166666666667,0.4375
4076,2019-02-28,25.4,13074.833030000002,25.729166666666668,24.433333333333337,82.8125,0.4666666666666666
4077,2019-03-01,5.4,13200.554,26.583333333333332,25.520833333333332,80.60416666666667,0.42083333333333334
4078,2019-03-02,1.2,16288.31027,26.916666666666668,25.675,78.70833333333333,0.375
4079,2019-03-03,1.0,13901.930910000001,26.162499999999998,24.991666666666664,79.33333333333333,0.6291666666666667
4080,2019-03-04,11.0,12337.26259,26.575,25.520833333333332,81.10416666666667,0.28750000000000003
4081,2019-03-05,40.8,16488.07485,26.04583333333333,24.77916666666667,81.39583333333333,0.8833333333333334
4082,2019-03-06,29.0,13841.66057,25.59166666666667,24.545833333333334,82.83333333333333,0.25416666666666665
4083,2019-03-07,27.400000000000002,12682.384,25.099999999999998,24.083333333333332,83.0625,0.45416666666666666
4084,2019-03-08,0.2,8541.675,25.075,24.558333333333334,84.5625,0.14166666666666666
4085,2019-03-09,4.6,19867.008,26.84583333333333,25.375,81.1875,0.4749999999999999
4086,2019-03-10,0.0,16047.336969999998,27.925,26.4375,76.3125,0.3458333333333334
4087,2019-03-11,0.0,16979.119,26.787499999999998,25.4875,75.27083333333333,0.3666666666666667
4088,2019-03-12,6.2,12156.684539999998,26.474999999999998,25.291666666666668,80.72916666666667,0.48750000000000004
4089,2019-03-13,6.8,9662.42378,25.491666666666664,24.52916666666667,85.25,0.6124999999999999
4090,2019-03-14,0.2,14624.97933,27.0,26.041666666666668,81.95833333333333,0.4916666666666667
4091,2019-03-15,0.0,15046.86825,27.258333333333336,26.079166666666666,76.125,0.9041666666666667
4092,2019-03-16,0.0,17980.506240000002,27.641666666666666,26.25,72.41666666666667,0.6916666666666665
4093,2019-03-17,26.4,19289.181,27.579166666666666,26.0,75.29166666666667,0.6041666666666666
4094,2019-03-18,0.0,18098.31354,27.549999999999997,26.32916666666667,79.47916666666667,0.40416666666666673
4095,2019-03-19,0.2,14475.425,27.191666666666663,26.075,77.29166666666667,0.5375000000000001
4096,2019-03-20,1.8,16494.403,27.21666666666667,26.083333333333332,78.25,0.47500000000000003
4097,2019-03-21,0.0,14641.18618,27.77916666666667,26.654166666666665,75.16666666666667,0.5625
4098,2019-03-22,33.4,11791.894,26.441666666666666,25.425,82.5625,0.35833333333333334
4099,2019-03-23,20.0,6000.80843,25.649999999999995,25.0,85.29166666666667,0.5583333333333333
4100,2019-03-24,12.0,11795.27838,26.204166666666666,25.354166666666668,83.66666666666667,0.35833333333333334
4101,2019-03-25,0.2,8538.47934,26.95416666666667,26.09583333333333,79.54166666666667,0.3458333333333334
4102,2019-03-26,50.8,13041.019,26.045833333333334,24.933333333333326,83.02083333333333,0.5291666666666667
4103,2019-03-27,5.6,20570.893,27.712500000000002,26.57916666666667,77.89583333333333,0.375
4104,2019-03-28,1.4,12613.802029999999,27.708333333333332,26.316666666666674,77.60416666666667,0.4416666666666667
4105,2019-03-29,1.7999999999999998,14808.2927,27.2375,25.758333333333336,78.83333333333333,0.7958333333333334
4106,2019-03-30,5.800000000000001,13888.048550000001,27.145833333333332,25.912499999999998,81.29166666666667,0.5833333333333334
4107,2019-03-31,17.0,14258.49875,27.058333333333337,26.099999999999998,82.58333333333333,0.6375000000000001
4108,2019-04-01,79.0,9336.850339999999,25.991666666666664,25.179166666666664,84.125,0.4916666666666667
4109,2019-04-02,0.0,16794.427079999998,27.725000000000005,26.57916666666667,76.10416666666667,0.32083333333333336
4110,2019-04-03,0.6,13335.19847,28.05,26.48333333333333,77.39583333333333,0.2791666666666667
4111,2019-04-04,47.599999999999994,10708.40979,27.616666666666664,26.495833333333334,78.6875,0.7999999999999999
4112,2019-04-05,61.2,10410.59374,25.183333333333334,24.55,83.8125,0.4458333333333333
4113,2019-04-06,0.0,20509.226,27.662500000000005,26.516666666666666,77.375,0.2625
4114,2019-04-07,2.6,10932.20037,27.070833333333336,26.07083333333333,79.66666666666667,0.4583333333333333
4115,2019-04-08,0.0,19653.489,28.34166666666667,27.0125,77.10416666666667,0.4583333333333333
4116,2019-04-09,11.0,12742.443,27.47083333333333,26.212500000000002,78.375,0.4291666666666667
4117,2019-04-10,23.599999999999998,10954.072,26.037499999999998,25.145833333333332,83.91666666666667,0.48333333333333334
4118,2019-04-11,1.0,14647.971309999999,26.65833333333333,25.520833333333332,83.95833333333333,0.5
4119,2019-04-12,0.2,14922.30719,27.78333333333333,26.645833333333332,78.5,0.325
4120,2019-04-13,1.5999999999999999,13096.393149999998,27.287500000000005,26.375,80.52083333333333,0.3125
4121,2019-04-14,33.2,11238.971,26.325,25.120833333333334,83.04166666666667,0.525
4122,2019-04-15,15.6,12185.66575,26.09166666666667,24.820833333333336,82.91666666666667,0.24583333333333335
4123,2019-04-16,0.0,15478.42957,27.804166666666664,26.3625,78.52083333333333,0.3791666666666667
4124,2019-04-17,12.4,11033.232179999999,27.445833333333336,26.483333333333334,77.79166666666667,0.4749999999999999
4125,2019-04-18,3.6,15721.88193,27.145833333333332,25.945833333333336,79.58333333333333,0.2333333333333333
4126,2019-04-19,4.0,19369.486,27.34166666666667,26.116666666666664,79.6875,0.6291666666666668
4127,2019-04-20,0.0,16848.525,27.554166666666664,26.533333333333335,78.1875,0.35000000000000003
4128,2019-04-21,0.0,15884.36832,27.650000000000002,26.304166666666664,75.39583333333333,0.3541666666666667
4129,2019-04-22,18.6,14576.28077,27.570833333333336,26.308333333333334,76.33333333333333,0.65
4130,2019-04-23,2.0,13300.953599999999,27.191666666666666,26.07916666666667,80.16666666666667,0.33749999999999997
4131,2019-04-24,0.0,15310.57868,27.7375,26.629166666666663,76.91666666666667,0.5083333333333333
4132,2019-04-25,0.0,16448.01538,28.84583333333333,27.7,74.39583333333333,0.5708333333333334
4133,2019-04-26,0.0,19516.23298,29.212500000000002,28.04583333333333,69.54166666666667,0.8916666666666666
4134,2019-04-27,0.0,16970.39212,28.6125,27.375,71.1875,0.3541666666666667
4135,2019-04-28,0.0,14578.35017,28.662499999999998,27.416666666666668,72.0625,0.2833333333333334
4136,2019-04-29,22.6,16484.41027,27.983333333333334,26.520833333333332,75.66666666666667,0.6375000000000001
4137,2019-04-30,6.0,14620.945,26.7625,25.64166666666667,79.3125,0.3583333333333334
4138,2019-05-01,32.0,9151.816939999999,25.454166666666666,24.316666666666666,85.60416666666667,0.2791666666666667
4139,2019-05-02,0.0,17037.05954,27.520833333333332,26.524999999999995,79.64583333333333,0.7541666666666668
4140,2019-05-03,0.0,17245.652,27.520833333333332,26.47083333333333,75.10416666666667,0.5833333333333334
4141,2019-05-04,0.0,20977.586,27.945833333333336,26.604166666666668,71.95833333333333,0.6541666666666667
4142,2019-05-05,0.0,22361.84286,28.283333333333335,27.0125,68.45833333333333,0.7875
4143,2019-05-06,0.0,21672.13,28.075,26.79583333333333,67.97916666666667,0.6708333333333334
4144,2019-05-07,0.0,19672.24427,28.54583333333333,27.099999999999998,68.375,0.4875
4145,2019-05-08,0.0,20828.427,28.425,27.03333333333333,67.35416666666667,0.6208333333333335
4146,2019-05-09,0.6,13503.12177,28.208333333333332,26.820833333333336,73.1875,1.0708333333333335
4147,2019-05-10,0.0,13452.869,26.899999999999995,26.079166666666666,77.3125,0.5708333333333333
4148,2019-05-11,0.0,14253.66907,28.29583333333333,26.90833333333333,70.875,0.8125
4149,2019-05-12,0.0,11665.678790000002,28.48333333333333,27.162499999999998,70.14583333333333,0.4666666666666666
4150,2019-05-13,0.2,13521.550140000001,28.212500000000002,26.983333333333334,73.64583333333333,0.24583333333333335
4151,2019-05-14,0.8,15113.778269999999,28.375,27.008333333333336,73.35416666666667,0.425
4152,2019-05-15,0.0,14297.44067,28.350000000000005,26.958333333333332,71.08333333333333,0.5666666666666667
4153,2019-05-16,12.799999999999999,9693.539,26.083333333333332,24.945833333333336,79.97916666666667,0.5541666666666667
4154,2019-05-17,20.0,15583.53818,26.34166666666667,25.1125,82.22916666666667,0.6166666666666667
4155,2019-05-18,0.8,8539.5141,26.962500000000002,26.066666666666666,80.10416666666667,0.3541666666666667
4156,2019-05-19,1.6,11016.51099,27.07916666666667,25.850000000000005,80.08333333333333,0.5666666666666667
4157,2019-05-20,0.0,11918.381529999999,27.150000000000002,26.075,79.22916666666667,0.48333333333333334
4158,2019-05-21,0.0,16608.76665,28.616666666666664,27.316666666666666,73.27083333333333,0.5791666666666667
4159,2019-05-22,0.0,10209.79243,27.691666666666666,26.325000000000003,75.16666666666667,0.4458333333333333
4160,2019-05-23,0.0,13093.224900000001,27.854166666666668,26.45416666666667,73.22916666666667,0.5750000000000001
4161,2019-05-24,0.0,16503.69056,28.087499999999995,26.816666666666666,74.02083333333333,0.625
4162,2019-05-25,0.0,16385.30098,28.26666666666667,26.804166666666664,70.625,0.4625000000000001
4163,2019-05-26,0.0,15776.05865,28.27916666666667,26.75833333333333,71.0625,0.5166666666666667
4164,2019-05-27,0.0,10461.404629999999,28.116666666666664,26.84166666666667,71.125,0.6916666666666668
4165,2019-05-28,0.0,16884.242549999995,27.858333333333334,26.570833333333336,69.9375,0.8125
4166,2019-05-29,0.0,17892.8393,28.870833333333334,27.425,67.54166666666667,0.7875
4167,2019-05-30,0.0,15268.90145,28.27916666666667,26.779166666666665,70.27083333333333,0.6166666666666667
4168,2019-05-31,0.2,13871.56007,27.6125,26.29583333333333,73.91666666666667,0.6416666666666667
4169,2019-06-01,0.0,15414.245,27.32083333333333,25.895833333333332,75.3125,0.32916666666666666
4170,2019-06-02,0.0,13254.49,27.816666666666666,26.275000000000002,75.52083333333333,0.22500000000000006
4171,2019-06-03,3.8000000000000003,11440.50752,26.620833333333334,25.15416666666667,75.04166666666667,0.25416666666666665
4172,2019-06-04,0.0,18571.72844,27.483333333333334,26.225000000000005,74.27083333333333,0.4875
4173,2019-06-05,0.0,18761.592,28.2375,26.787499999999998,66.64583333333333,0.5791666666666667
4174,2019-06-06,0.0,15629.23108,27.616666666666664,26.2375,68.25,0.7458333333333332
4175,2019-06-07,0.0,18995.184,28.15416666666667,26.825,64.60416666666667,1.1791666666666665
4176,2019-06-08,0.0,15949.010559999999,27.912499999999994,26.520833333333332,65.25,0.9916666666666666
4177,2019-06-09,0.0,18664.755,27.4875,26.237499999999997,66.95833333333333,0.8374999999999999
4178,2019-06-10,0.0,17085.61618,27.879166666666663,26.541666666666668,65.875,0.7166666666666668
4179,2019-06-11,0.0,15412.01204,27.9375,26.458333333333332,65.4375,0.975
4180,2019-06-12,0.0,17071.84088,27.837500000000002,26.495833333333334,64.8125,0.8875000000000001
4181,2019-06-13,0.0,12385.140150000001,27.116666666666664,25.791666666666668,69.4375,0.6166666666666667
4182,2019-06-14,0.0,16700.83,27.520833333333332,26.241666666666664,69.0,0.9375
4183,2019-06-15,0.0,19780.566,28.17083333333333,26.929166666666664,62.166666666666664,1.2708333333333333
4184,2019-06-16,0.0,13390.07835,27.6375,26.270833333333332,62.416666666666664,0.9708333333333333
4185,2019-06-17,0.0,15540.402280000002,27.745833333333334,26.274999999999995,63.875,0.8125
4186,2019-06-18,0.0,14498.931,27.9375,26.679166666666664,64.83333333333333,1.0875000000000001
4187,2019-06-19,0.0,15999.14395,28.650000000000002,27.245833333333337,64.6875,1.0875000000000001
4188,2019-06-20,0.0,18739.6802,28.270833333333332,26.74166666666667,63.333333333333336,0.7666666666666667
4189,2019-06-21,0.0,13697.84025,27.629166666666666,26.162499999999998,62.958333333333336,1.4541666666666664
4190,2019-06-22,0.0,17165.4427,27.224999999999998,25.666666666666668,60.166666666666664,0.9958333333333332
4191,2019-06-23,0.0,16592.1338,26.28333333333333,24.650000000000002,60.416666666666664,0.8624999999999999
4192,2019-06-24,0.0,15879.530409999998,26.820833333333336,25.366666666666664,64.0625,1.0791666666666666
4193,2019-06-25,0.0,18595.53089,27.183333333333337,25.5625,62.020833333333336,0.9708333333333333
4194,2019-06-26,0.0,19057.484,27.445833333333336,25.90833333333333,60.645833333333336,0.9083333333333333
4195,2019-06-27,0.0,13313.93788,27.3875,25.804166666666664,60.375,1.1458333333333333
4196,2019-06-28,0.0,17860.75,27.087499999999995,25.46666666666667,63.583333333333336,1.1333333333333333
4197,2019-06-29,0.0,19059.935,28.05,26.512500000000003,60.25,1.2416666666666667
4198,2019-06-30,0.0,18415.227,27.6375,26.041666666666668,60.333333333333336,1.2416666666666665
4199,2019-07-01,0.0,10102.99421,27.983333333333334,26.241666666666664,60.8125,0.8291666666666666
4200,2019-07-02,0.0,10534.79594,27.995833333333334,26.433333333333337,60.895833333333336,1.0916666666666666
4201,2019-07-03,0.0,15186.303219999998,27.72083333333333,26.141666666666666,64.5625,0.8708333333333332
4202,2019-07-04,0.0,13025.49824,27.3875,25.712500000000002,68.33333333333333,0.4916666666666667
4203,2019-07-05,0.0,14778.051,27.754166666666663,26.145833333333332,70.9375,0.43333333333333335
4204,2019-07-06,0.0,18565.167550000002,28.36666666666667,26.8125,68.14583333333333,0.45416666666666666
4205,2019-07-07,0.0,8939.21541,27.025000000000002,25.84166666666667,74.5625,0.6541666666666667
4206,2019-07-08,24.6,11041.687469999999,25.48333333333333,23.90416666666667,81.3125,0.5125000000000001
4207,2019-07-09,0.2,16589.775279999998,27.058333333333337,25.974999999999994,69.85416666666667,1.1666666666666667
4208,2019-07-10,0.0,14208.85407,26.520833333333332,25.241666666666664,67.14583333333333,0.7375000000000002
4209,2019-07-11,0.0,15666.5596,27.34583333333333,26.02916666666667,63.9375,1.1208333333333333
4210,2019-07-12,0.0,16729.572519999998,27.525000000000002,26.145833333333332,64.27083333333333,0.8458333333333332
4211,2019-07-13,0.0,17439.29,28.21666666666667,26.8125,64.0,1.0875
4212,2019-07-14,0.0,11315.253289999999,27.34166666666667,25.8,64.6875,0.9499999999999998
4213,2019-07-15,0.0,14090.83283,27.316666666666666,25.76666666666667,64.45833333333333,0.7291666666666666
4214,2019-07-16,0.0,11682.72818,27.458333333333332,25.925,66.39583333333333,0.5166666666666666
4215,2019-07-17,0.0,13475.64552,27.129166666666666,25.575,70.20833333333333,0.5
4216,2019-07-18,0.0,17041.617,27.616666666666664,26.3,66.1875,0.9125
4217,2019-07-19,0.0,15897.269779999999,27.087499999999995,25.6125,58.645833333333336,1.3291666666666666
4218,2019-07-20,0.0,14518.90343,27.691666666666666,26.004166666666663,56.125,1.2666666666666666
4219,2019-07-21,0.0,19023.82937,28.0,26.666666666666668,54.979166666666664,1.4625000000000001
4220,2019-07-22,0.0,16922.40724,27.679166666666664,26.070833333333336,57.666666666666664,1.1833333333333333
4221,2019-07-23,0.0,18095.58421,28.066666666666666,26.370833333333337,55.770833333333336,1.2125000000000001
4222,2019-07-24,0.0,14967.937,27.625,25.866666666666664,59.25,1.0
4223,2019-07-25,0.0,17073.08264,27.84166666666667,26.108333333333334,59.229166666666664,0.6625
4224,2019-07-26,0.0,19289.34,28.025000000000002,26.129166666666666,53.5,0.8083333333333332
4225,2019-07-27,0.0,13735.18024,27.112499999999997,25.2375,53.583333333333336,0.9791666666666666
4226,2019-07-28,0.0,11846.40932,27.349999999999998,25.504166666666666,57.8125,0.6083333333333334
4227,2019-07-29,0.0,17224.365,27.691666666666666,25.883333333333336,58.666666666666664,0.8916666666666667
4228,2019-07-30,0.0,19620.807,27.895833333333332,26.03333333333333,55.3125,0.9874999999999999
4229,2019-07-31,0.0,17607.79221,27.858333333333334,25.70416666666667,54.354166666666664,0.9916666666666666
4230,2019-08-01,0.0,18653.227,27.779166666666665,26.0125,58.729166666666664,1.0166666666666666
4231,2019-08-02,0.0,14603.43524,28.49166666666667,26.72083333333333,59.458333333333336,0.9833333333333334
4232,2019-08-03,0.0,17989.585,28.28333333333333,26.45,60.104166666666664,0.6875
4233,2019-08-04,0.0,16936.56,28.275000000000002,26.3875,60.8125,0.8458333333333333
4234,2019-08-05,0.0,16120.393,28.208333333333332,26.55,59.3125,1.2750000000000001
4235,2019-08-06,0.0,17613.432,28.004166666666666,26.245833333333334,55.25,1.45
4236,2019-08-07,0.0,16139.272,27.599999999999998,25.61666666666667,51.0625,1.4208333333333334
4237,2019-08-08,0.0,15052.2102,27.420833333333334,25.5,56.083333333333336,0.9583333333333334
4238,2019-08-09,0.0,12025.40746,28.099999999999998,25.962499999999995,53.541666666666664,0.8541666666666666
4239,2019-08-10,0.0,15686.6964,28.008333333333336,25.870833333333334,51.0,1.0374999999999999
4240,2019-08-11,0.0,19839.989,27.933333333333334,25.858333333333334,50.416666666666664,1.2541666666666667
4241,2019-08-12,0.0,17692.059,28.604166666666668,26.662499999999998,49.75,1.1791666666666665
4242,2019-08-13,0.0,17089.248,29.212500000000002,27.479166666666668,51.770833333333336,1.0833333333333335
4243,2019-08-14,0.0,18327.981,29.745833333333337,27.962500000000002,51.4375,1.1083333333333334
4244,2019-08-15,0.0,16802.641,28.82916666666667,27.133333333333336,55.8125,1.5541666666666665
4245,2019-08-16,0.0,13860.525109999999,28.833333333333332,26.920833333333334,49.479166666666664,1.3625
4246,2019-08-17,0.0,15304.528859999999,27.025000000000002,24.9375,51.791666666666664,1.0583333333333333
4247,2019-08-18,0.0,18749.413,28.170833333333334,26.299999999999997,51.875,1.1791666666666667
4248,2019-08-19,0.0,17461.683,28.558333333333334,26.395833333333332,51.708333333333336,0.5375
4249,2019-08-20,0.0,11847.237,27.866666666666664,26.02916666666667,58.9375,0.8541666666666666
4250,2019-08-21,0.0,10840.99,27.629166666666663,26.14166666666667,63.833333333333336,0.425
4251,2019-08-22,0.0,12298.77795,28.995833333333334,27.433333333333334,59.9375,1.05
4252,2019-08-23,0.0,14494.990469999999,28.041666666666668,26.441666666666666,60.791666666666664,0.6625
4253,2019-08-24,0.0,10966.881710000001,28.15833333333333,26.466666666666665,57.416666666666664,0.7625000000000001
4254,2019-08-25,0.0,16891.568,28.075000000000003,26.195833333333336,57.958333333333336,1.0250000000000001
4255,2019-08-26,0.0,18402.318,29.166666666666668,27.370833333333337,53.5625,1.2333333333333334
4256,2019-08-27,0.0,17599.33,28.35416666666666,26.175,51.833333333333336,0.6208333333333333
4257,2019-08-28,0.0,15723.893300000002,28.708333333333332,26.78333333333333,50.166666666666664,0.8125
4258,2019-08-29,0.0,18274.797,28.795833333333334,26.875,51.979166666666664,0.6749999999999999
4259,2019-08-30,0.0,15916.02,28.29583333333333,26.679166666666664,54.8125,0.7666666666666666
4260,2019-08-31,0.0,12703.30449,28.69583333333333,26.983333333333334,55.479166666666664,1.0208333333333333
4261,2019-09-01,0.0,14379.67142,28.708333333333332,26.8625,56.9375,0.6041666666666666
4262,2019-09-02,0.0,14005.14627,28.233333333333334,26.675,61.020833333333336,0.7666666666666666
4263,2019-09-03,0.0,15892.44725,29.09166666666667,27.34583333333333,59.854166666666664,0.6791666666666667
4264,2019-09-04,0.0,15032.245,30.275000000000002,28.691666666666666,56.583333333333336,0.6958333333333333
4265,2019-09-05,0.0,14116.240609999999,30.524999999999995,28.8875,53.375,0.9
4266,2019-09-06,0.0,13281.62462,29.741666666666664,28.037499999999998,54.166666666666664,0.9875000000000002
4267,2019-09-07,0.0,11035.65361,29.745833333333337,27.925,53.604166666666664,0.9541666666666666
4268,2019-09-08,0.0,16541.88451,29.583333333333332,27.625,48.729166666666664,0.7958333333333334
4269,2019-09-09,0.0,15480.675140000001,29.674999999999997,27.70416666666667,50.25,0.6166666666666666
4270,2019-09-10,0.0,12850.79441,29.850000000000005,28.020833333333332,49.770833333333336,1.0291666666666668
4271,2019-09-11,0.0,13031.85924,29.52916666666667,27.475000000000005,50.9375,0.7999999999999999
4272,2019-09-12,0.0,17445.215,29.795833333333334,28.1375,50.75,0.8625000000000002
4273,2019-09-13,0.0,12199.489730000001,29.741666666666664,27.9375,53.645833333333336,0.6791666666666667
4274,2019-09-14,0.0,10088.68911,29.6875,28.266666666666666,57.4375,0.9375
4275,2019-09-15,0.0,16276.462140000001,30.0625,28.354166666666668,56.145833333333336,0.6916666666666668
4276,2019-09-16,0.0,15253.210640000001,30.166666666666668,28.487499999999997,53.375,0.8208333333333334
4277,2019-09-17,0.0,13540.45452,29.891666666666666,28.204166666666666,51.916666666666664,0.9208333333333334
4278,2019-09-18,0.0,14273.199,29.666666666666668,28.045833333333338,52.958333333333336,0.8833333333333333
4279,2019-09-19,0.0,19116.70484,30.95416666666667,29.166666666666668,48.666666666666664,1.1541666666666666
4280,2019-09-20,0.0,17255.06154,30.791666666666668,29.075,49.729166666666664,0.8083333333333332
4281,2019-09-21,0.0,16024.70495,31.504166666666666,30.024999999999995,49.083333333333336,1.1541666666666666
4282,2019-09-22,0.0,15195.01018,30.60833333333333,29.008333333333336,51.958333333333336,1.0333333333333334
4283,2019-09-23,0.0,9304.86512,28.649999999999995,27.35833333333333,60.4375,0.8250000000000001
4284,2019-09-24,0.0,9395.96379,29.170833333333334,27.95416666666667,59.729166666666664,0.7666666666666666
4285,2019-09-25,0.0,14508.7851,29.691666666666666,27.96666666666667,56.6875,0.5750000000000001
4286,2019-09-26,0.0,12493.34498,30.375,28.662499999999998,52.770833333333336,1.0916666666666668
4287,2019-09-27,0.0,13636.50148,28.858333333333334,27.35833333333333,58.625,0.6166666666666666
4288,2019-09-28,8.8,12816.991,29.020833333333332,27.316666666666663,61.145833333333336,0.8625000000000002
4289,2019-09-29,0.0,13749.19884,28.116666666666664,26.98333333333333,68.77083333333333,0.5958333333333333
4290,2019-09-30,0.0,11759.74056,28.458333333333332,27.25,65.75,0.4833333333333334
4291,2019-10-01,1.2,16408.32504,29.15833333333333,27.416666666666668,60.604166666666664,1.0
4292,2019-10-02,3.0000000000000004,10631.259940000002,26.958333333333332,25.72083333333333,73.27083333333333,0.8125
4293,2019-10-03,0.0,16025.67683,28.691666666666666,27.39166666666667,66.375,0.5916666666666667
4294,2019-10-04,8.2,12907.33549,28.087500000000002,26.675,67.95833333333333,0.7541666666666668
4295,2019-10-05,0.0,16912.55,28.491666666666664,27.09583333333333,64.6875,0.9041666666666667
4296,2019-10-06,13.6,12966.71341,29.145833333333332,27.15833333333333,65.08333333333333,0.39999999999999997
4297,2019-10-07,0.0,12726.56654,28.745833333333337,27.47083333333333,64.60416666666667,0.8000000000000002
4298,2019-10-08,0.0,13698.55346,28.8625,27.470833333333335,61.9375,0.6749999999999999
4299,2019-10-09,0.0,13433.18675,29.016666666666666,27.587499999999995,60.520833333333336,0.4916666666666667
4300,2019-10-10,0.0,16739.32155,29.95416666666667,28.316666666666663,55.958333333333336,0.5875
4301,2019-10-11,0.0,17671.56975,29.804166666666664,28.416666666666668,53.895833333333336,0.625
4302,2019-10-12,0.0,17916.05957,30.75,28.9875,51.6875,0.8541666666666666
4303,2019-10-13,0.0,14793.90112,30.362499999999997,28.795833333333334,52.9375,0.725
4304,2019-10-14,0.0,13831.14112,30.370833333333326,28.995833333333337,56.75,0.8666666666666667
4305,2019-10-15,0.0,16620.325,29.837499999999995,28.26666666666667,57.041666666666664,1.1958333333333335
4306,2019-10-16,0.0,15980.230870000001,28.954166666666666,27.662500000000005,59.333333333333336,0.5833333333333334
4307,2019-10-17,0.0,10859.59497,29.05,27.683333333333337,62.354166666666664,0.47500000000000003
4308,2019-10-18,0.0,15218.298,29.929166666666664,28.450000000000003,58.25,0.5291666666666667
4309,2019-10-19,0.0,16925.112259999998,30.104166666666668,28.341666666666665,57.583333333333336,0.5541666666666666
4310,2019-10-20,2.0,7976.93102,28.554166666666664,27.55,61.125,0.85
4311,2019-10-21,0.4,12124.18281,29.225000000000005,27.400000000000002,63.166666666666664,0.7166666666666667
4312,2019-10-22,10.799999999999999,5601.65303,25.329166666666666,24.354166666666668,78.875,0.85
4313,2019-10-23,0.0,20779.4547,27.7375,26.299999999999997,72.83333333333333,0.7875
4314,2019-10-24,0.0,17148.27762,29.47083333333333,28.004166666666666,65.64583333333333,0.4166666666666667
4315,2019-10-25,0.0,18661.828,28.933333333333337,27.47083333333333,63.791666666666664,0.8541666666666669
4316,2019-10-26,0.0,11742.54795,29.03333333333333,27.708333333333332,64.1875,0.5708333333333333
4317,2019-10-27,0.0,17956.55416,30.520833333333332,29.191666666666666,57.895833333333336,0.8624999999999999
4318,2019-10-28,0.0,18465.77545,30.708333333333332,29.170833333333334,55.1875,0.6791666666666667
4319,2019-10-29,0.0,14367.34351,29.8,28.412499999999998,58.041666666666664,0.6833333333333332
4320,2019-10-30,0.0,12923.558,29.287500000000005,27.9875,61.25,0.44166666666666665
4321,2019-10-31,0.0,16651.545,29.495833333333334,28.2,59.479166666666664,0.775
4322,2019-11-01,0.0,17884.004390000002,29.983333333333334,28.566666666666666,57.520833333333336,0.5
4323,2019-11-02,0.0,13831.95372,30.125,28.5125,56.708333333333336,0.3833333333333333
4324,2019-11-03,0.0,10108.26093,28.962500000000002,27.754166666666666,60.833333333333336,0.7166666666666667
4325,2019-11-04,0.0,15417.820679999999,28.979166666666668,27.27916666666667,61.25,0.9500000000000001
4326,2019-11-05,0.0,22514.118,30.275000000000002,28.866666666666664,57.666666666666664,1.0958333333333332
4327,2019-11-06,21.0,17182.97864,29.287499999999998,27.274999999999995,60.958333333333336,0.8625000000000002
4328,2019-11-07,0.0,17382.46605,27.829166666666666,26.75,73.1875,0.3
4329,2019-11-08,0.0,6623.32192,26.791666666666668,25.729166666666668,74.875,1.0666666666666667
4330,2019-11-09,0.0,15566.008,26.695833333333336,25.508333333333336,73.75,0.5625
4331,2019-11-10,0.0,14282.21286,28.520833333333332,27.32916666666667,67.375,0.5875
4332,2019-11-11,0.0,12522.32896,28.783333333333335,27.67916666666667,67.02083333333333,0.39166666666666666
4333,2019-11-12,0.0,15195.251,29.395833333333332,28.104166666666668,63.375,0.6458333333333334
4334,2019-11-13,0.0,14204.869,29.375,28.083333333333332,62.791666666666664,0.725
4335,2019-11-14,0.0,13676.66247,28.3,27.15833333333333,64.54166666666667,0.4375
4336,2019-11-15,0.0,14117.687090000001,28.84166666666667,27.65833333333333,64.4375,0.6291666666666668
4337,2019-11-16,0.0,17625.462,29.333333333333332,27.883333333333336,62.604166666666664,0.8083333333333332
4338,2019-11-17,0.0,13568.027320000001,29.47083333333333,28.354166666666668,60.916666666666664,0.7708333333333334
4339,2019-11-18,1.8,15568.0991,30.25,28.762500000000003,58.645833333333336,0.525
4340,2019-11-19,27.200000000000003,15751.608390000001,28.229166666666668,26.566666666666666,71.97916666666667,0.7791666666666667
4341,2019-11-20,0.0,20091.138329999998,27.879166666666666,26.733333333333334,72.04166666666667,0.5666666666666667
4342,2019-11-21,4.800000000000001,9495.24045,26.400000000000002,25.40416666666667,72.35416666666667,0.6833333333333332
4343,2019-11-22,0.0,13796.204240000001,26.495833333333337,25.133333333333336,77.60416666666667,0.625
4344,2019-11-23,29.6,16433.54724,27.224999999999998,25.995833333333337,74.22916666666667,0.39999999999999997
4345,2019-11-24,0.0,19064.3,28.07916666666667,26.833333333333332,72.5625,0.3541666666666667
4346,2019-11-25,0.0,18369.78777,29.35833333333333,28.2625,67.625,0.4583333333333333
4347,2019-11-26,0.0,9342.12229,28.729166666666668,27.762500000000003,67.3125,0.8458333333333333
4348,2019-11-27,0.0,16501.2498,29.370833333333337,28.149999999999995,65.72916666666667,0.7416666666666667
4349,2019-11-28,0.0,21799.137560000003,30.350000000000005,29.083333333333332,62.291666666666664,0.6041666666666666
4350,2019-11-29,20.2,20771.81393,28.945833333333336,27.5125,71.02083333333333,0.9041666666666667
4351,2019-11-30,0.0,20882.167,29.754166666666674,28.46666666666667,65.64583333333333,0.5833333333333334
4352,2019-12-01,2.4000000000000004,18151.564,29.350000000000005,28.004166666666666,64.70833333333333,1.1833333333333333
4353,2019-12-02,0.0,15968.5601,27.804166666666664,26.558333333333337,70.77083333333333,0.525
4354,2019-12-03,0.0,12660.352560000001,28.825,27.575,66.20833333333333,0.625
4355,2019-12-04,10.6,16081.585,27.691666666666663,26.129166666666663,69.97916666666667,0.7083333333333334
4356,2019-12-05,16.599999999999998,12977.235379999998,26.975000000000005,25.387500000000003,77.70833333333333,0.4791666666666667
4357,2019-12-06,0.8,14942.10982,27.629166666666663,26.275000000000002,73.875,0.65
4358,2019-12-07,0.0,12012.45654,28.433333333333334,27.208333333333332,69.39583333333333,0.39166666666666666
4359,2019-12-08,0.0,18557.84102,29.025000000000002,27.7,65.0,0.5041666666666668
4360,2019-12-09,17.0,14950.82825,27.94583333333333,26.666666666666668,72.14583333333333,1.0875000000000001
4361,2019-12-10,0.0,21023.84798,28.76666666666667,27.5,64.6875,0.7374999999999999
4362,2019-12-11,0.0,19441.59445,28.90833333333333,27.670833333333334,64.9375,0.4375
4363,2019-12-12,0.0,13681.028900000001,28.587499999999995,27.05,66.08333333333333,0.6333333333333333
4364,2019-12-13,2.8,14735.94814,27.979166666666668,26.683333333333337,72.6875,0.5375
4365,2019-12-14,0.4,15202.01918,28.2375,27.175,75.33333333333333,0.4125000000000001
4366,2019-12-15,0.0,17011.88521,29.545833333333334,28.166666666666668,68.64583333333333,0.41250000000000003
4367,2019-12-16,0.0,16081.91108,29.7625,28.3625,66.375,0.4833333333333334
4368,2019-12-17,4.4,16915.53964,29.224999999999998,27.54583333333333,65.04166666666667,0.65
4369,2019-12-18,41.599999999999994,12429.55594,27.900000000000002,26.683333333333337,75.29166666666667,0.5625
4370,2019-12-19,0.0,17843.00666,28.95416666666667,27.59583333333333,70.6875,0.46666666666666673
4371,2019-12-20,0.0,23066.26098,28.691666666666666,27.416666666666668,68.70833333333333,0.6791666666666667
4372,2019-12-21,0.2,22018.175,29.71666666666667,28.125,65.70833333333333,0.6041666666666666
4373,2019-12-22,18.8,21606.03016,29.337499999999995,27.941666666666663,71.5,0.7333333333333334
4374,2019-12-23,3.8000000000000003,16133.3359,28.233333333333334,26.991666666666664,73.0,0.5875
4375,2019-12-24,0.0,10259.611530000002,29.275000000000002,27.841666666666665,68.25,0.46249999999999997
4376,2019-12-25,0.2,10499.77234,28.358333333333334,27.191666666666666,73.66666666666667,0.5875
4377,2019-12-26,1.2000000000000002,5827.11182,26.22083333333333,25.275000000000002,80.0625,0.5833333333333334
4378,2019-12-27,0.0,14750.68078,28.2,26.941666666666666,75.33333333333333,0.33749999999999997
4379,2019-12-28,0.0,13133.28527,28.5,27.462499999999995,71.16666666666667,0.4458333333333333
4380,2019-12-29,2.4,12204.123,26.962499999999995,25.85833333333333,77.5,0.7333333333333334
4381,2019-12-30,0.4,11580.23949,26.59166666666667,25.712500000000006,80.77083333333333,0.6833333333333332
4382,2019-12-31,11.6,16692.944,25.837500000000002,25.004166666666666,78.60416666666667,0.5416666666666667
4383,2020-01-01,0.2,14857.82116,27.30416666666667,26.479166666666668,74.75,0.5208333333333334
4384,2020-01-02,14.400000000000002,8486.331,25.866666666666664,24.983333333333334,79.45833333333333,0.45
4385,2020-01-03,0.4,15057.45307,26.925,25.724999999999998,79.91666666666667,0.4458333333333333
4386,2020-01-04,122.00000000000001,9408.884,25.13333333333333,24.358333333333334,83.4375,0.37916666666666665
4387,2020-01-05,0.0,20731.355,27.270833333333332,26.191666666666663,77.27083333333333,0.325
4388,2020-01-06,10.399999999999999,4621.1119100000005,25.295833333333334,24.666666666666668,82.54166666666667,0.2833333333333333
4389,2020-01-07,10.6,11381.796890000001,25.78333333333333,24.775000000000002,83.85416666666667,0.3375000000000001
4390,2020-01-08,1.4,17290.53981,27.333333333333332,25.979166666666668,79.58333333333333,0.25416666666666665
4391,2020-01-09,29.0,15933.99092,26.695833333333336,25.508333333333336,77.72916666666667,0.7541666666666668
4392,2020-01-10,0.4,18145.990710000002,27.070833333333336,25.879166666666666,80.72916666666667,0.4124999999999999
4393,2020-01-11,2.6,18253.765,27.212500000000002,26.0625,76.54166666666667,0.7624999999999998
4394,2020-01-12,1.2,13478.582,26.65833333333333,25.7625,78.89583333333333,0.7041666666666666
4395,2020-01-13,1.0,16313.725410000001,26.775000000000002,25.65416666666667,79.64583333333333,0.35833333333333334
4396,2020-01-14,0.6,16848.58776,26.59166666666667,25.629166666666666,78.5625,0.5083333333333333
4397,2020-01-15,0.0,16618.7319,27.929166666666664,26.741666666666664,75.27083333333333,0.7875000000000001
4398,2020-01-16,0.0,18444.94659,27.983333333333334,26.770833333333332,74.33333333333333,0.44166666666666665
4399,2020-01-17,0.0,16775.48061,29.05,27.875,71.77083333333333,0.5208333333333334
4400,2020-01-18,32.800000000000004,15333.79159,27.008333333333336,25.64166666666667,78.1875,0.5125000000000001
4401,2020-01-19,0.0,12262.13163,28.0625,27.129166666666666,77.5625,0.44583333333333336
4402,2020-01-20,0.2,17420.217,26.808333333333334,25.650000000000002,74.3125,0.9791666666666666
4403,2020-01-21,1.8,12567.359,26.77916666666667,26.083333333333332,78.16666666666667,0.6166666666666667
4404,2020-01-22,5.6000000000000005,14931.249,27.0,25.925,77.875,0.725
4405,2020-01-23,2.2,7733.890240000001,27.204166666666662,26.270833333333332,79.0,0.43333333333333335
4406,2020-01-24,6.4,16658.568,28.104166666666668,27.066666666666663,78.0,0.5208333333333334
4407,2020-01-25,6.4,17924.6995,28.77916666666667,27.34166666666667,74.47916666666667,0.5541666666666667
4408,2020-01-26,1.4,17476.672189999997,28.34166666666667,27.379166666666663,78.3125,0.5416666666666666
4409,2020-01-27,28.0,5431.41748,25.175,24.46666666666667,84.375,0.4833333333333334
4410,2020-01-28,0.2,11228.51931,26.395833333333332,25.570833333333336,83.54166666666667,0.20833333333333334
4411,2020-01-29,15.0,20425.96533,27.320833333333336,26.066666666666666,76.02083333333333,0.5
4412,2020-01-30,2.8000000000000003,22549.087,27.95416666666667,26.691666666666663,73.625,0.3625
4413,2020-01-31,1.0,17585.574149999997,28.608333333333334,27.433333333333337,73.79166666666667,0.38333333333333336
4414,2020-02-01,2.2,17551.79366,28.620833333333337,26.991666666666664,70.20833333333333,0.6166666666666667
4415,2020-02-02,0.0,18522.043,27.933333333333334,26.608333333333334,74.29166666666667,0.4083333333333334
4416,2020-02-03,0.0,14169.95724,27.733333333333334,26.349999999999998,73.60416666666667,0.5166666666666667
4417,2020-02-04,0.4,16807.846,27.116666666666664,25.787499999999998,75.79166666666667,0.4625000000000001
4418,2020-02-05,33.8,17111.23,26.483333333333338,25.2,79.6875,0.8291666666666666
4419,2020-02-06,5.200000000000001,15961.21464,26.724999999999998,25.804166666666664,77.5625,0.2625
4420,2020-02-07,60.0,19932.534,27.10833333333333,25.383333333333336,77.0,0.575
4421,2020-02-08,45.2,10671.649,25.100000000000005,24.508333333333336,85.54166666666667,0.3625
4422,2020-02-09,12.4,20262.489,26.6875,25.520833333333332,80.83333333333333,0.5125
4423,2020-02-10,0.0,16253.11259,27.74166666666667,26.825000000000003,78.4375,0.4041666666666666
4424,2020-02-11,0.0,19094.739,28.162500000000005,26.916666666666668,73.1875,0.4750000000000001
4425,2020-02-12,3.6,17013.31311,27.975000000000005,26.641666666666666,75.02083333333333,0.525
4426,2020-02-13,0.0,20338.88242,28.095833333333335,26.975000000000005,75.8125,0.35000000000000003
4427,2020-02-14,0.0,18891.857219999998,28.962500000000002,27.691666666666666,70.14583333333333,0.45
4428,2020-02-15,73.8,13112.475620000001,25.71666666666667,24.46666666666667,79.625,0.7708333333333334
4429,2020-02-16,0.0,11639.394030000001,27.670833333333334,26.516666666666666,75.5625,0.5750000000000001
4430,2020-02-17,0.0,22128.20889,28.233333333333334,27.0625,73.08333333333333,0.4583333333333333
4431,2020-02-18,0.8,16768.23156,28.241666666666664,26.90416666666667,74.625,0.4124999999999999
4432,2020-02-19,16.2,7253.129640000001,26.025000000000002,25.433333333333334,83.9375,0.25416666666666665
4433,2020-02-20,14.8,7574.13842,25.63333333333333,24.954166666666662,86.16666666666667,0.4208333333333334
4434,2020-02-21,31.400000000000006,10870.64436,26.004166666666666,24.987499999999997,85.60416666666667,0.26666666666666666
4435,2020-02-22,10.0,12419.693449999999,26.21666666666667,25.400000000000002,83.16666666666667,0.23750000000000002
4436,2020-02-23,35.0,22051.33458,27.504166666666663,26.316666666666663,76.91666666666667,0.8249999999999998
4437,2020-02-24,0.2,20446.04,27.79583333333333,26.433333333333334,76.04166666666667,0.5041666666666668
4438,2020-02-25,4.4,9563.3277,26.8625,25.833333333333332,81.125,0.32916666666666666
4439,2020-02-26,0.2,14588.564980000001,27.3,26.483333333333334,80.875,0.1375
4440,2020-02-27,14.2,11424.45506,27.495833333333337,26.21666666666667,80.35416666666667,0.3499999999999999
4441,2020-02-28,1.2,18821.59732,27.6125,26.375,78.0625,0.6749999999999999
4442,2020-02-29,6.8,17656.361,27.258333333333336,26.125,79.125,0.6083333333333334
4443,2020-03-01,27.4,15847.07874,26.337500000000002,25.025000000000002,82.6875,0.5375000000000001
4444,2020-03-02,34.4,9387.52023,26.075,25.229166666666668,83.91666666666667,0.2791666666666667
4445,2020-03-03,7.999999999999999,13029.978210000001,26.691666666666666,25.82916666666667,81.8125,0.3666666666666667
4446,2020-03-04,142.4,13497.431939999999,25.9875,25.0125,84.8125,0.5083333333333334
4447,2020-03-05,11.399999999999999,11347.055940000002,27.28333333333333,26.308333333333334,80.22916666666667,0.39166666666666666
4448,2020-03-06,28.400000000000002,10132.886379999998,26.275000000000002,25.445833333333336,83.22916666666667,0.6708333333333334
4449,2020-03-07,5.4,16974.386019999998,27.17083333333333,25.958333333333332,82.8125,0.3625
4450,2020-03-08,45.599999999999994,14468.49841,27.041666666666668,25.850000000000005,80.58333333333333,0.37916666666666665
4451,2020-03-09,114.39999999999999,13011.7513,26.34166666666667,25.349999999999998,84.10416666666667,0.5499999999999999
4452,2020-03-10,0.0,16115.40891,26.479166666666668,25.625,83.72916666666667,0.5083333333333334
4453,2020-03-11,9.2,17964.384,26.9375,25.833333333333332,79.95833333333333,0.7541666666666668
4454,2020-03-12,0.0,18132.09546,27.625,26.675,77.83333333333333,0.32916666666666666
4455,2020-03-13,13.0,14122.306,26.041666666666668,24.958333333333332,81.125,0.4833333333333334
4456,2020-03-14,0.8,12958.07292,26.64166666666667,25.649999999999995,83.45833333333333,0.3125
4457,2020-03-15,127.00000000000001,11711.258,26.012500000000003,25.179166666666664,84.79166666666667,0.4166666666666667
4458,2020-03-16,153.6,16365.10598,25.283333333333335,24.25,83.8125,0.9125000000000001
4459,2020-03-17,0.0,16716.08436,27.491666666666664,26.3875,77.0625,0.3583333333333334
4460,2020-03-18,0.0,18480.45109,28.395833333333332,27.3,75.6875,0.3166666666666667
4461,2020-03-19,36.2,12557.91843,26.05,24.991666666666664,82.4375,0.6083333333333333
4462,2020-03-20,11.2,11745.925,25.804166666666664,24.8875,81.4375,0.9916666666666666
4463,2020-03-21,11.2,7863.943939999999,24.870833333333334,24.270833333333332,85.77083333333333,0.6124999999999999
4464,2020-03-22,0.0,13287.10209,26.537499999999998,25.616666666666664,82.52083333333333,0.33749999999999997
4465,2020-03-23,0.0,19767.284689999997,28.262500000000003,27.041666666666668,76.79166666666667,0.5333333333333333
4466,2020-03-24,0.2,17401.84171,28.191666666666666,27.15833333333333,76.72916666666667,0.5458333333333333
4467,2020-03-25,75.6,14351.6,26.583333333333332,25.545833333333334,80.25,0.5708333333333334
4468,2020-03-26,0.0,19853.392,27.3875,26.354166666666668,78.04166666666667,0.3125
4469,2020-03-27,32.800000000000004,13639.583470000001,27.200000000000003,26.008333333333336,78.625,0.4875
4470,2020-03-28,10.2,17643.67975,27.991666666666664,26.787499999999998,78.70833333333333,0.7541666666666668
4471,2020-03-29,0.0,22124.714,29.266666666666666,28.09166666666667,69.52083333333333,0.9041666666666667
4472,2020-03-30,0.2,17092.113269999998,28.516666666666666,27.066666666666666,74.10416666666667,0.5083333333333333
4473,2020-03-31,0.0,19558.127009999997,27.995833333333334,26.92083333333333,76.64583333333333,0.7416666666666667
4474,2020-04-01,3.6,16685.44743,27.837500000000002,26.695833333333336,77.35416666666667,0.7958333333333334
4475,2020-04-02,0.0,18984.91618,28.21666666666667,27.041666666666668,76.3125,0.875
4476,2020-04-03,19.0,11062.318,27.120833333333337,25.575,79.54166666666667,0.4166666666666667
4477,2020-04-04,0.0,18026.38235,27.21666666666667,26.108333333333334,80.10416666666667,0.28750000000000003
4478,2020-04-05,0.0,10454.85577,28.991666666666664,27.8,75.70833333333333,0.425
4479,2020-04-06,6.199999999999999,11214.09085,27.854166666666668,26.816666666666666,78.52083333333333,0.4916666666666667
4480,2020-04-07,0.0,11837.209309999998,28.52916666666667,27.22083333333333,76.52083333333333,0.39999999999999997
4481,2020-04-08,13.6,18605.305210000002,28.337500000000002,27.0,75.72916666666667,0.5291666666666667
4482,2020-04-09,9.2,13709.681050000001,26.77916666666667,25.716666666666665,81.02083333333333,0.6083333333333334
4483,2020-04-10,0.8,18938.405,28.141666666666666,26.8,78.16666666666667,0.29583333333333334
4484,2020-04-11,0.2,15341.54233,27.625,26.724999999999998,77.64583333333333,0.28750000000000003
4485,2020-04-12,31.2,6676.21545,25.6125,24.8625,84.41666666666667,0.3416666666666666
4486,2020-04-13,26.2,17745.73,26.820833333333336,25.691666666666663,82.1875,0.5583333333333335
4487,2020-04-14,75.2,3354.43048,23.95,23.549999999999997,88.27083333333333,0.8416666666666668
4488,2020-04-15,0.0,14930.802,25.82916666666667,24.92083333333333,82.52083333333333,0.33749999999999997
4489,2020-04-16,5.2,17617.64659,27.525000000000002,25.958333333333332,79.6875,0.3958333333333333
4490,2020-04-17,61.2,6307.74981,25.350000000000005,24.041666666666668,85.02083333333333,0.8541666666666666
4491,2020-04-18,0.8,10613.62609,25.816666666666666,24.95,82.72916666666667,0.37916666666666665
4492,2020-04-19,1.2,17416.987,26.833333333333332,25.64166666666667,79.95833333333333,0.41250000000000003
4493,2020-04-20,17.599999999999998,16698.73593,26.816666666666663,25.583333333333332,81.20833333333333,0.6625
4494,2020-04-21,14.399999999999999,9444.6502,25.787500000000005,24.95416666666667,83.35416666666667,0.43333333333333335
4495,2020-04-22,3.6000000000000005,15483.523570000001,26.741666666666664,25.745833333333337,80.89583333333333,0.4375
4496,2020-04-23,2.8,10368.19724,26.491666666666664,25.516666666666666,81.47916666666667,0.4541666666666666
4497,2020-04-24,19.999999999999996,14791.957,26.354166666666668,25.325,83.5625,0.4583333333333333
4498,2020-04-25,1.5999999999999999,10052.433640000001,25.6375,24.895833333333332,84.875,0.7208333333333333
4499,2020-04-26,0.2,14796.58741,27.491666666666664,26.391666666666666,76.6875,0.75
4500,2020-04-27,2.4000000000000004,12937.160199999998,27.520833333333332,26.224999999999994,74.95833333333333,0.5625
4501,2020-04-28,4.6000000000000005,18073.342,27.40416666666667,25.9875,77.6875,0.775
4502,2020-04-29,0.0,15212.29726,27.675,26.583333333333332,74.5625,0.8083333333333332
4503,2020-04-30,0.6000000000000001,16781.72411,28.03333333333333,26.8125,73.375,0.7125
4504,2020-05-01,0.0,13005.08295,28.604166666666668,27.575,72.79166666666667,0.6583333333333333
4505,2020-05-02,0.0,19604.543,28.912500000000005,27.712500000000002,70.79166666666667,0.8416666666666667
4506,2020-05-03,0.0,18755.663109999998,28.46666666666667,27.041666666666668,72.14583333333333,0.6
4507,2020-05-04,1.2,19397.934,29.008333333333336,27.55,71.60416666666667,0.6583333333333333
4508,2020-05-05,0.0,16262.396859999999,28.991666666666664,27.875,68.91666666666667,1.2166666666666668
4509,2020-05-06,0.0,19819.213,29.32916666666667,28.058333333333337,65.39583333333333,1.2791666666666668
4510,2020-05-07,0.0,19402.853,29.008333333333336,27.791666666666668,68.16666666666667,0.7958333333333334
4511,2020-05-08,5.4,16599.586,27.604166666666668,26.204166666666666,73.1875,0.6541666666666667
4512,2020-05-09,1.6,16000.9,27.637500000000003,26.212499999999995,77.64583333333333,0.5041666666666667
4513,2020-05-10,0.0,15593.582530000001,28.195833333333336,27.09583333333333,71.39583333333333,1.1541666666666668
4514,2020-05-11,0.0,17688.473,28.058333333333334,26.8875,68.8125,1.0083333333333333
4515,2020-05-12,0.0,19769.63,28.141666666666666,26.858333333333338,68.45833333333333,0.8375
4516,2020-05-13,0.0,15090.34558,29.066666666666666,27.53333333333333,66.14583333333333,0.7875
4517,2020-05-14,0.0,14996.650049999998,28.875,27.45416666666667,67.04166666666667,0.6708333333333334
4518,2020-05-15,0.0,16596.0801,28.76666666666667,27.325,70.91666666666667,0.6708333333333334
4519,2020-05-16,0.0,14830.450560000001,27.995833333333334,26.804166666666664,73.25,0.6125000000000002
4520,2020-05-17,0.0,15537.96464,28.34166666666667,27.004166666666666,73.14583333333333,0.7083333333333334
4521,2020-05-18,0.0,12890.46997,28.504166666666666,27.058333333333334,73.29166666666667,0.7416666666666667
4522,2020-05-19,2.0,15215.027,27.795833333333334,26.416666666666668,76.54166666666667,0.7041666666666666
4523,2020-05-20,0.6,17296.839,28.491666666666664,27.10833333333333,73.5,0.7958333333333334
4524,2020-05-21,0.0,18555.422609999998,28.34166666666667,27.0,70.77083333333333,1.0041666666666667
4525,2020-05-22,0.0,17687.24203,29.21666666666667,27.816666666666663,69.20833333333333,1.0708333333333333
4526,2020-05-23,0.0,15820.86367,29.650000000000002,28.2375,65.27083333333333,1.0250000000000001
4527,2020-05-24,0.0,13653.005529999999,28.012500000000003,26.71666666666667,70.875,0.6208333333333333
4528,2020-05-25,9.0,10271.86489,28.1375,27.045833333333334,74.08333333333333,0.3625
4529,2020-05-26,0.0,2472.39123,26.02916666666667,25.508333333333336,83.6875,0.3958333333333333
4530,2020-05-27,0.2,12341.59895,26.537499999999998,25.32916666666667,81.20833333333333,0.44166666666666665
4531,2020-05-28,0.2,13340.99015,27.483333333333334,26.308333333333337,75.9375,0.7916666666666666
4532,2020-05-29,2.0,14761.04201,27.958333333333332,26.808333333333334,74.375,1.1833333333333333
4533,2020-05-30,0.0,13466.53234,27.724999999999998,26.570833333333336,70.77083333333333,0.7333333333333334
4534,2020-05-31,0.0,17777.131,27.908333333333335,26.566666666666666,68.41666666666667,0.5458333333333334
4535,2020-06-01,0.0,12982.435140000001,28.087500000000002,26.745833333333334,69.52083333333333,0.8208333333333334
4536,2020-06-02,0.0,11391.051210000001,28.420833333333334,27.03333333333333,70.625,0.5875
4537,2020-06-03,0.0,16186.2146,28.3,26.945833333333336,70.64583333333333,0.8374999999999999
4538,2020-06-04,0.0,14294.91839,28.308333333333337,26.94583333333333,70.16666666666667,0.7041666666666666
4539,2020-06-05,0.0,12921.8806,28.179166666666664,26.808333333333334,71.35416666666667,0.8583333333333334
4540,2020-06-06,0.0,17988.2746,28.804166666666664,27.308333333333334,65.60416666666667,1.1208333333333333
4541,2020-06-07,0.0,17277.64627,28.158333333333335,26.458333333333332,64.95833333333333,0.8916666666666666
4542,2020-06-08,0.0,18802.42321,28.175,26.620833333333334,64.85416666666667,0.8041666666666667
4543,2020-06-09,0.0,18082.066,28.412499999999998,26.899999999999995,64.70833333333333,0.9541666666666666
4544,2020-06-10,0.0,13228.486570000001,27.933333333333334,26.441666666666666,66.91666666666667,1.0291666666666666
4545,2020-06-11,0.0,15103.86544,28.712500000000002,27.133333333333336,64.33333333333333,1.2125000000000001
4546,2020-06-12,0.0,15454.50851,28.145833333333332,26.616666666666664,65.33333333333333,1.2458333333333333
4547,2020-06-13,0.0,14956.235550000001,27.875,26.20416666666667,64.875,1.1208333333333333
4548,2020-06-14,0.0,19183.6,27.458333333333332,25.866666666666664,64.04166666666667,0.9083333333333332
4549,2020-06-15,0.0,16164.733,28.575000000000003,27.079166666666666,61.75,1.1708333333333334
4550,2020-06-16,0.0,12464.324719999999,27.929166666666664,26.5625,62.291666666666664,1.2583333333333333
4551,2020-06-17,0.0,18053.402,28.462499999999995,26.85833333333333,59.583333333333336,1.2041666666666668
4552,2020-06-18,0.0,17214.357219999998,28.066666666666663,26.52083333333333,59.020833333333336,1.25
4553,2020-06-19,0.0,15232.74399,26.066666666666663,24.40833333333333,61.375,1.2125000000000001
4554,2020-06-20,0.0,15408.485980000001,27.71666666666667,26.2375,63.9375,1.1500000000000001
4555,2020-06-21,0.0,17731.03032,28.09583333333333,26.666666666666668,60.375,1.425
4556,2020-06-22,0.0,19186.243,26.70416666666667,24.90416666666667,58.479166666666664,1.2625
4557,2020-06-23,0.0,14726.03501,26.516666666666666,24.700000000000003,59.4375,0.8208333333333333
4558,2020-06-24,0.0,15074.82202,27.441666666666666,25.791666666666668,64.08333333333333,1.2208333333333334
4559,2020-06-25,0.0,18900.956,28.066666666666666,26.3875,60.333333333333336,0.9958333333333332
4560,2020-06-26,0.0,15573.156140000001,27.354166666666668,25.59166666666667,63.875,0.875
4561,2020-06-27,0.0,17825.491,28.287499999999998,26.4875,59.979166666666664,1.2291666666666667
4562,2020-06-28,0.0,14660.443589999999,28.679166666666664,26.895833333333332,58.479166666666664,0.9291666666666666
4563,2020-06-29,0.0,19281.287,27.833333333333332,26.191666666666663,60.833333333333336,1.2166666666666668
4564,2020-06-30,0.0,14648.26947,27.083333333333332,25.466666666666665,62.083333333333336,0.9458333333333333
4565,2020-07-01,0.0,18298.12743,27.67083333333333,25.929166666666664,62.479166666666664,0.5791666666666667
4566,2020-07-02,0.0,15270.00294,28.600000000000005,26.683333333333334,61.020833333333336,0.5166666666666666
4567,2020-07-03,0.0,16529.04009,28.104166666666668,26.537500000000005,62.75,0.9500000000000001
4568,2020-07-04,0.0,19236.11118,28.008333333333336,26.183333333333337,59.166666666666664,1.2083333333333333
4569,2020-07-05,0.0,17052.82487,27.47083333333333,25.675,57.833333333333336,1.25
4570,2020-07-06,0.0,18181.56,27.708333333333332,25.904166666666665,59.4375,0.8541666666666666
4571,2020-07-07,0.0,14758.38379,28.2625,26.570833333333336,61.645833333333336,0.8791666666666668
4572,2020-07-08,0.0,18281.118,28.400000000000002,26.508333333333336,58.041666666666664,0.7083333333333334
4573,2020-07-09,0.0,18960.525,27.608333333333334,25.629166666666663,58.145833333333336,0.7083333333333334
4574,2020-07-10,0.0,14668.078449999999,27.52916666666667,25.741666666666664,59.645833333333336,1.4583333333333333
4575,2020-07-11,0.0,16952.301,27.129166666666674,25.433333333333326,65.60416666666667,1.2583333333333333
4576,2020-07-12,0.0,18111.483,28.274999999999995,26.400000000000002,60.708333333333336,0.7999999999999999
4577,2020-07-13,0.0,13355.51947,28.012500000000003,25.979166666666668,57.854166666666664,0.8708333333333332
4578,2020-07-14,0.0,12443.63182,28.133333333333336,26.229166666666668,58.395833333333336,0.8333333333333334
4579,2020-07-15,0.0,15995.14979,27.945833333333336,26.179166666666664,58.104166666666664,1.1458333333333333
4580,2020-07-16,0.0,16345.375189999999,27.870833333333334,26.162499999999998,58.354166666666664,1.4458333333333335
4581,2020-07-17,0.0,19853.891,27.825000000000003,26.07916666666667,56.854166666666664,1.0166666666666666
4582,2020-07-18,0.0,17942.37135,27.67916666666667,25.912500000000005,54.354166666666664,1.2750000000000001
4583,2020-07-19,0.0,17813.475990000003,27.454166666666666,25.325,54.416666666666664,1.1500000000000001
4584,2020-07-20,0.0,19991.639,28.220833333333335,26.408333333333335,54.395833333333336,1.0958333333333332
4585,2020-07-21,0.0,17412.889,27.958333333333332,26.095833333333335,54.583333333333336,1.1541666666666666
4586,2020-07-22,0.0,18403.65535,27.579166666666662,25.608333333333334,54.979166666666664,1.0333333333333334
4587,2020-07-23,0.0,18318.79692,28.145833333333332,26.191666666666674,54.541666666666664,1.0291666666666666
4588,2020-07-24,0.0,14886.91323,28.016666666666666,26.333333333333332,52.083333333333336,1.3208333333333333
4589,2020-07-25,0.0,19435.86858,27.57083333333333,25.67083333333333,51.729166666666664,1.1041666666666667
4590,2020-07-26,0.0,20701.191,26.804166666666664,24.724999999999998,52.020833333333336,1.0374999999999999
4591,2020-07-27,0.0,21099.302,27.1875,25.125,49.729166666666664,1.0374999999999999
4592,2020-07-28,0.0,17948.450719999997,26.325,24.245833333333334,51.604166666666664,1.2541666666666667
4593,2020-07-29,0.0,16258.160109999999,27.662500000000005,25.77916666666667,52.083333333333336,0.9041666666666667
4594,2020-07-30,0.0,14283.220370000001,29.34166666666667,27.25,49.208333333333336,0.9083333333333333
4595,2020-07-31,0.0,18215.753920000003,28.399999999999995,26.383333333333336,49.729166666666664,1.1291666666666667
4596,2020-08-01,0.0,17579.76401,27.166666666666668,25.083333333333332,50.291666666666664,0.9041666666666668
4597,2020-08-02,0.0,14933.17886,28.724999999999998,26.620833333333337,49.125,0.9208333333333333
4598,2020-08-03,0.0,17103.83937,28.729166666666668,26.849999999999998,50.791666666666664,1.075
4599,2020-08-04,0.0,17056.41466,28.34583333333333,26.3625,51.416666666666664,1.1708333333333334
4600,2020-08-05,0.0,19234.125490000002,27.854166666666668,25.8625,47.6875,1.4458333333333335
4601,2020-08-06,0.0,18370.57965,28.212500000000002,26.42083333333333,44.8125,1.3125
4602,2020-08-07,0.0,20288.45493,27.912499999999998,25.991666666666664,48.8125,1.2625
4603,2020-08-08,0.0,19338.11029,27.97083333333333,25.929166666666664,47.5,0.9875000000000002
4604,2020-08-09,0.0,21706.88,28.649999999999995,26.429166666666664,46.875,0.9375
4605,2020-08-10,0.0,18723.80296,28.925,26.9375,49.104166666666664,0.9083333333333333
4606,2020-08-11,0.0,18262.53868,29.0125,27.27916666666667,50.8125,1.3125
4607,2020-08-12,0.0,19010.48755,28.6875,26.945833333333336,50.020833333333336,1.4625000000000001
4608,2020-08-13,0.0,18541.6855,28.425,26.4375,49.958333333333336,1.1833333333333333
4609,2020-08-14,0.0,19175.114550000002,27.608333333333334,25.695833333333336,51.0,1.5083333333333335
4610,2020-08-15,0.0,15641.81316,28.429166666666664,26.5625,50.333333333333336,1.4000000000000001
4611,2020-08-16,0.0,20795.603,28.6875,26.849999999999998,50.083333333333336,1.0666666666666667
4612,2020-08-17,0.0,17132.37227,28.974999999999998,26.962500000000002,49.8125,1.175
4613,2020-08-18,0.0,20413.106,28.879166666666663,26.745833333333334,49.875,1.1458333333333333
4614,2020-08-19,0.0,20922.169,28.870833333333337,26.712500000000002,50.604166666666664,0.8166666666666668
4615,2020-08-20,0.0,21877.053,29.208333333333332,27.041666666666668,48.145833333333336,0.7999999999999999
4616,2020-08-21,0.0,10815.15589,29.375,27.137500000000003,48.354166666666664,0.5375
4617,2020-08-22,0.0,17296.072379999998,29.024999999999995,26.995833333333337,56.583333333333336,0.8666666666666667
4618,2020-08-23,0.0,14556.504,27.849999999999998,26.375,66.08333333333333,1.075
4619,2020-08-24,0.0,15947.564,29.350000000000005,27.920833333333334,59.5625,1.0999999999999999
4620,2020-08-25,0.0,11971.17536,27.724999999999998,26.049999999999997,61.145833333333336,0.6916666666666668
4621,2020-08-26,0.0,16798.50616,28.929166666666664,27.20416666666667,57.75,0.5291666666666667
4622,2020-08-27,0.0,16293.968,30.404166666666665,28.954166666666666,54.875,1.0666666666666667
4623,2020-08-28,0.0,13287.69279,30.241666666666664,28.53333333333333,55.770833333333336,0.8666666666666667
4624,2020-08-29,0.0,15714.92316,29.391666666666666,27.670833333333334,53.5,1.0583333333333333
4625,2020-08-30,0.0,20001.611,29.73333333333333,27.837499999999995,48.770833333333336,1.3
4626,2020-08-31,0.0,16806.687509999996,29.883333333333336,27.854166666666668,47.291666666666664,1.3041666666666667
4627,2020-09-01,0.0,21290.755,28.59583333333333,26.316666666666666,48.9375,1.0708333333333333
4628,2020-09-02,0.0,19216.6898,29.520833333333332,27.4375,44.291666666666664,1.4708333333333332
4629,2020-09-03,0.0,22289.97,29.204166666666666,27.15833333333333,42.083333333333336,1.4083333333333334
4630,2020-09-04,0.0,21133.605,28.77916666666667,26.454166666666666,47.1875,0.7625000000000001
4631,2020-09-05,0.0,21650.885,29.350000000000005,27.35833333333333,46.854166666666664,1.0833333333333333
4632,2020-09-06,0.0,21906.62341,30.208333333333332,28.366666666666664,45.291666666666664,1.1708333333333334
4633,2020-09-07,0.0,18326.60887,29.84166666666667,27.679166666666664,45.1875,0.85
4634,2020-09-08,0.0,16416.1385,29.554166666666664,27.512500000000003,48.020833333333336,1.45
4635,2020-09-09,0.0,16306.8131,30.0125,28.075,47.291666666666664,1.1666666666666667
4636,2020-09-10,0.0,19468.396,30.020833333333332,28.09166666666667,47.625,0.9916666666666666
4637,2020-09-11,0.0,14902.35224,29.733333333333334,27.641666666666666,47.25,0.7958333333333334
4638,2020-09-12,0.0,20027.072,30.287499999999998,28.28333333333333,48.1875,0.9916666666666667
4639,2020-09-13,0.0,17498.73905,29.2375,27.075,47.4375,1.2750000000000001
4640,2020-09-14,0.0,19457.139,29.94583333333333,27.920833333333334,43.3125,1.0791666666666666
4641,2020-09-15,0.0,17555.21545,30.712500000000002,28.462499999999995,39.8125,1.2125000000000001
4642,2020-09-16,0.0,18142.09687,29.645833333333332,27.662499999999998,43.770833333333336,1.4541666666666666
4643,2020-09-17,0.0,20061.000399999997,30.287499999999998,28.458333333333332,47.645833333333336,1.1708333333333334
4644,2020-09-18,0.0,18067.51386,29.75833333333333,28.24166666666667,52.479166666666664,0.9541666666666666
4645,2020-09-19,0.0,19514.196060000002,30.641666666666666,29.041666666666668,53.291666666666664,1.3791666666666667
4646,2020-09-20,0.0,13947.429970000001,29.320833333333336,27.945833333333336,56.625,0.9333333333333332
4647,2020-09-21,0.0,16119.73074,29.6875,28.07083333333333,56.979166666666664,1.1583333333333334
4648,2020-09-22,0.0,12712.279410000001,29.70416666666667,28.183333333333334,58.666666666666664,0.7000000000000001
4649,2020-09-23,0.0,19160.977,30.695833333333336,29.10833333333333,54.770833333333336,0.6958333333333333
4650,2020-09-24,0.0,14077.19859,31.416666666666668,29.704166666666666,49.3125,0.8666666666666667
4651,2020-09-25,0.0,12956.428960000001,30.229166666666668,28.958333333333332,51.6875,1.3333333333333333
4652,2020-09-26,0.0,15603.38893,29.625,28.025000000000002,53.208333333333336,0.8916666666666666
4653,2020-09-27,0.0,16405.60334,29.404166666666665,27.72083333333333,53.125,0.5958333333333333
4654,2020-09-28,0.0,16950.69571,30.2,28.51666666666667,51.0625,0.8624999999999999
4655,2020-09-29,0.0,17997.480939999998,31.28333333333333,29.5625,48.895833333333336,1.5291666666666668
4656,2020-09-30,0.0,13833.19522,30.229166666666668,28.458333333333332,52.229166666666664,1.0791666666666668
4657,2020-10-01,0.0,16735.78578,30.375,28.78333333333333,50.708333333333336,0.9875000000000002
4658,2020-10-02,0.0,18897.048,30.566666666666663,28.883333333333336,49.583333333333336,0.6791666666666667
4659,2020-10-03,0.0,12422.69791,30.787499999999998,28.991666666666664,49.5625,0.7875000000000001
4660,2020-10-04,0.0,15170.71395,30.604166666666668,29.045833333333334,52.0,0.9208333333333334
4661,2020-10-05,0.0,14003.807,30.6375,29.229166666666668,52.833333333333336,0.9958333333333332
4662,2020-10-06,0.0,18481.141,30.84166666666667,29.3,51.729166666666664,0.7708333333333334
4663,2020-10-07,0.0,16881.18331,31.491666666666664,29.78333333333333,47.541666666666664,0.8333333333333334
4664,2020-10-08,0.0,20100.14923,30.316666666666663,28.770833333333332,48.895833333333336,0.8500000000000001
4665,2020-10-09,0.8,20359.52829,30.729166666666668,29.125,52.0625,1.8583333333333332
4666,2020-10-10,6.0,20875.964,31.195833333333336,29.420833333333334,48.729166666666664,0.8708333333333332
4667,2020-10-11,9.6,15496.828,26.558333333333334,25.22083333333333,71.9375,0.4083333333333334
4668,2020-10-12,0.0,19826.428,28.520833333333332,26.9375,64.4375,0.0
4669,2020-10-13,0.0,15014.294199999998,28.583333333333332,27.14583333333333,61.770833333333336,0.28750000000000003
4670,2020-10-14,0.0,16136.65214,28.795833333333334,27.325,60.583333333333336,0.8166666666666668
4671,2020-10-15,0.0,16015.13329,29.166666666666668,27.325,58.270833333333336,0.4291666666666667
4672,2020-10-16,0.0,17529.078,29.212499999999995,27.666666666666668,60.5625,0.6041666666666666
4673,2020-10-17,0.0,12560.149690000002,30.73333333333333,29.125,55.229166666666664,0.5583333333333335
4674,2020-10-18,0.0,11499.617380000002,30.158333333333335,28.620833333333334,54.3125,0.7416666666666667
4675,2020-10-19,0.0,18582.22,30.570833333333336,28.945833333333336,51.604166666666664,0.8833333333333334
4676,2020-10-20,0.0,10706.68103,30.212500000000002,28.73333333333333,54.833333333333336,0.5875
4677,2020-10-21,0.0,17768.88145,30.75,29.1875,52.520833333333336,0.5041666666666668
4678,2020-10-22,0.0,18553.049789999997,31.59166666666667,30.08333333333334,48.4375,1.0541666666666667
4679,2020-10-23,0.0,14682.282029999998,30.287499999999998,28.870833333333334,55.25,1.1666666666666667
4680,2020-10-24,0.2,15257.331719999998,29.65833333333333,28.129166666666663,59.083333333333336,1.1583333333333332
4681,2020-10-25,0.0,13236.546900000001,28.65416666666667,27.329166666666666,66.75,0.5541666666666667
4682,2020-10-26,0.0,15277.35333,30.65833333333333,29.245833333333337,58.145833333333336,0.8208333333333333
4683,2020-10-27,8.600000000000001,13924.887780000001,28.116666666666664,26.649999999999995,70.125,0.6958333333333333
4684,2020-10-28,0.0,21136.101189999998,29.787499999999998,28.304166666666664,60.5625,0.5916666666666667
4685,2020-10-29,1.7999999999999998,21183.974,30.866666666666664,29.229166666666668,57.333333333333336,0.9625
4686,2020-10-30,0.0,10822.061,28.325,27.3,69.1875,0.6208333333333332
4687,2020-10-31,0.0,18679.353,29.92916666666667,28.725000000000005,59.958333333333336,0.6083333333333334
4688,2020-11-01,0.0,17235.88393,30.766666666666666,29.275000000000002,54.166666666666664,0.5958333333333333
4689,2020-11-02,2.8,5980.219980000001,26.8,25.837499999999995,73.875,0.7416666666666667
4690,2020-11-03,6.8,5122.73613,24.570833333333336,23.8,82.64583333333333,0.5458333333333334
4691,2020-11-04,5.4,20322.345,26.71666666666667,25.46666666666667,76.27083333333333,0.4416666666666667
4692,2020-11-05,2.6,10743.3226,27.616666666666664,26.17916666666667,74.70833333333333,0.7541666666666668
4693,2020-11-06,46.8,11307.959,25.462500000000002,24.604166666666668,81.4375,0.5375
4694,2020-11-07,0.0,15739.266549999998,28.349999999999998,27.19583333333333,72.4375,0.6166666666666667
4695,2020-11-08,0.0,19596.55357,29.6375,28.26666666666667,64.64583333333333,0.9708333333333333
4696,2020-11-09,2.2,15852.364019999999,28.954166666666666,27.504166666666666,66.66666666666667,0.8166666666666668
4697,2020-11-10,0.0,15293.63397,29.1125,27.795833333333334,68.41666666666667,0.425
4698,2020-11-11,0.2,13159.66866,28.23333333333333,26.962499999999995,68.9375,0.48333333333333334
4699,2020-11-12,0.0,18688.235,29.229166666666668,27.995833333333334,65.625,0.55
4700,2020-11-13,0.0,13561.770400000001,29.241666666666664,27.841666666666665,64.27083333333333,0.6041666666666666
4701,2020-11-14,0.0,19708.133,29.15416666666667,27.72083333333333,67.41666666666667,0.7000000000000001
4702,2020-11-15,0.0,15524.55789,29.5625,28.1875,62.104166666666664,1.2208333333333332
4703,2020-11-16,0.0,12710.765539999999,28.13333333333333,26.725000000000005,66.6875,0.6625
4704,2020-11-17,0.0,14066.44975,28.0625,26.808333333333334,69.77083333333333,0.26666666666666666
4705,2020-11-18,0.4,14395.31724,28.458333333333332,27.100000000000005,69.875,0.5416666666666666
4706,2020-11-19,9.6,4977.644,24.962500000000002,24.39166666666667,81.875,0.2916666666666667
4707,2020-11-20,0.2,15577.54108,27.35833333333333,26.21666666666667,75.375,0.13333333333333333
4708,2020-11-21,0.8,18052.919,27.974999999999998,26.40833333333333,72.125,0.47500000000000003
4709,2020-11-22,2.6000000000000005,4446.04478,26.037499999999998,25.375,79.25,0.45
4710,2020-11-23,18.400000000000002,20416.63007,27.379166666666666,25.825,78.04166666666667,0.31666666666666665
4711,2020-11-24,0.0,15816.00763,28.03333333333333,26.9875,73.95833333333333,0.8625000000000002
4712,2020-11-25,0.0,17407.0342,29.28333333333333,27.866666666666664,65.39583333333333,1.0041666666666667
4713,2020-11-26,0.0,11024.417730000001,27.754166666666666,26.508333333333336,69.5625,0.3333333333333333
4714,2020-11-27,0.0,8438.43765,27.274999999999995,26.458333333333332,72.5625,0.4375
4715,2020-11-28,0.0,12319.898140000001,27.729166666666668,26.704166666666666,71.83333333333333,0.42500000000000004
4716,2020-11-29,0.0,18673.621039999998,28.645833333333332,27.266666666666662,65.02083333333333,0.7999999999999999
4717,2020-11-30,1.4,13552.324,27.224999999999998,25.962500000000002,70.14583333333333,0.3416666666666666
4718,2020-12-01,0.0,17122.91309,28.233333333333338,26.858333333333334,70.5625,0.39166666666666666
4719,2020-12-02,0.0,16616.981,28.308333333333337,26.929166666666664,68.25,0.4791666666666667
4720,2020-12-03,0.0,15517.21525,27.891666666666666,26.587500000000002,69.77083333333333,0.725
4721,2020-12-04,0.0,20137.95109,29.10833333333333,27.645833333333332,68.35416666666667,0.6583333333333333
4722,2020-12-05,0.0,20076.258,29.1875,27.758333333333336,66.83333333333333,0.5708333333333334
4723,2020-12-06,0.2,16351.093190000001,29.383333333333336,28.016666666666666,66.72916666666667,0.6583333333333333
4724,2020-12-07,0.0,15045.5914,29.166666666666668,27.945833333333336,66.3125,0.6541666666666667
4725,2020-12-08,36.4,13544.4952,26.075,24.65416666666667,77.39583333333333,0.9833333333333334
4726,2020-12-09,5.6,14645.515599999999,26.65833333333333,25.570833333333336,77.54166666666667,0.6250000000000001
4727,2020-12-10,8.600000000000001,13457.348,26.29583333333333,24.90833333333333,80.41666666666667,0.30833333333333335
4728,2020-12-11,0.0,19963.18873,28.025000000000002,26.854166666666668,72.25,0.55
4729,2020-12-12,0.0,17052.04518,28.079166666666666,26.837500000000002,71.9375,0.225
4730,2020-12-13,3.0,13477.578140000001,27.38333333333333,26.23333333333333,75.45833333333333,0.26666666666666666
4731,2020-12-14,16.0,6419.53144,25.491666666666664,24.566666666666666,80.85416666666667,0.5916666666666667
4732,2020-12-15,28.6,10704.97165,25.7625,24.57916666666667,81.45833333333333,0.3416666666666666
4733,2020-12-16,3.2,12380.138060000001,26.866666666666664,25.59583333333333,80.4375,0.4333333333333333
4734,2020-12-17,0.2,11136.22007,27.59583333333333,26.462500000000002,77.52083333333333,0.34583333333333327
4735,2020-12-18,3.8,14295.91947,27.7375,26.1375,75.60416666666667,0.37916666666666665
4736,2020-12-19,0.0,19650.491939999996,28.445833333333336,27.099999999999998,72.1875,0.4791666666666667
4737,2020-12-20,42.2,5673.10105,25.45416666666667,24.633333333333336,82.54166666666667,0.4791666666666667
4738,2020-12-21,0.8,15588.47652,26.458333333333332,25.520833333333332,81.6875,0.3041666666666667
4739,2020-12-22,0.6,16522.44834,27.650000000000002,26.537499999999998,76.375,0.22916666666666666
4740,2020-12-23,0.0,11657.63526,27.35833333333333,26.391666666666666,76.6875,0.3625
4741,2020-12-24,4.2,10102.21939,26.15416666666667,25.208333333333332,81.0,0.325
4742,2020-12-25,27.400000000000002,16487.914,26.5125,25.5,78.89583333333333,0.775
4743,2020-12-26,46.2,14688.22485,26.22083333333333,25.004166666666666,78.66666666666667,0.4166666666666667
4744,2020-12-27,0.2,17381.15118,26.59166666666667,25.52916666666667,79.125,0.2791666666666666
4745,2020-12-28,0.0,20845.578120000002,27.454166666666666,26.370833333333334,74.47916666666667,0.9416666666666668
4746,2020-12-29,0.0,18819.857,27.458333333333332,26.15833333333333,73.66666666666667,0.4708333333333334
4747,2020-12-30,0.0,14601.17469,27.495833333333337,26.5,77.08333333333333,0.45
4748,2020-12-31,0.2,19712.69501,27.666666666666668,26.333333333333332,75.04166666666667,0.39999999999999997
4749,2021-01-01,0.0,17819.34079,27.291666666666668,26.095833333333335,72.85416666666667,0.6375000000000001
4750,2021-01-02,8.2,16550.429,27.291666666666668,25.8625,76.25,0.5958333333333333
4751,2021-01-03,2.2,15103.09493,27.445833333333336,26.287500000000005,78.3125,0.44166666666666665
4752,2021-01-04,19.799999999999997,14697.98107,26.462499999999995,24.679166666666664,78.29166666666667,0.5666666666666667
4753,2021-01-05,0.2,16902.924,26.21666666666667,25.175,79.22916666666667,0.4083333333333334
4754,2021-01-06,4.0,15937.595730000001,26.65416666666667,25.037499999999998,79.625,0.34166666666666673
4755,2021-01-07,0.2,22152.8219,28.650000000000002,27.333333333333332,74.39583333333333,0.31250000000000006
4756,2021-01-08,2.6,14793.68111,28.099999999999998,26.64166666666667,73.66666666666667,0.575
4757,2021-01-09,8.799999999999999,11682.538960000002,26.429166666666664,25.208333333333332,80.02083333333333,0.6625
4758,2021-01-10,0.2,19420.4402,26.850000000000005,25.729166666666668,79.3125,0.3416666666666666
4759,2021-01-11,0.2,15674.990189999999,27.212499999999995,25.974999999999998,76.60416666666667,0.3958333333333333
4760,2021-01-12,3.0,11751.85224,26.65416666666667,25.462500000000002,81.47916666666667,0.17916666666666667
4761,2021-01-13,39.2,14107.751769999999,26.045833333333334,24.587500000000002,81.97916666666667,0.46249999999999997
4762,2021-01-14,5.0,14066.449,26.087500000000002,24.566666666666663,80.33333333333333,0.5166666666666667
4763,2021-01-15,6.0,12922.12554,26.3,25.1875,81.3125,0.41250000000000003
4764,2021-01-16,2.4,12074.932,25.825,24.875,82.60416666666667,0.4791666666666667
4765,2021-01-17,1.4000000000000001,19646.177,26.087500000000002,25.070833333333336,81.10416666666667,0.4416666666666667
4766,2021-01-18,0.4,8407.866329999999,26.175,25.504166666666663,79.47916666666667,0.4166666666666667
4767,2021-01-19,7.000000000000001,12600.99326,26.833333333333332,25.724999999999998,78.27083333333333,0.4166666666666667
4768,2021-01-20,1.0,4496.038390000001,24.32083333333333,23.791666666666668,85.9375,0.05000000000000001
4769,2021-01-21,0.0,7124.99104,24.704166666666666,24.070833333333336,84.875,0.17916666666666667
4770,2021-01-22,11.2,15011.653719999998,25.491666666666664,23.77916666666667,83.33333333333333,0.30833333333333335
4771,2021-01-23,0.0,20490.326189999996,26.8125,25.587499999999995,77.27083333333333,0.5083333333333333
4772,2021-01-24,0.0,21045.626,27.483333333333334,26.341666666666665,71.22916666666667,0.6833333333333332
4773,2021-01-25,0.0,20612.86557,27.620833333333334,26.17083333333333,69.83333333333333,0.4833333333333334
4774,2021-01-26,1.0,17359.798240000004,27.4375,26.3,70.6875,0.8166666666666668
4775,2021-01-27,29.4,14945.735,26.883333333333336,25.47083333333333,78.97916666666667,0.29583333333333334
4776,2021-01-28,0.0,13220.081289999998,26.520833333333332,25.625,81.22916666666667,0.3458333333333334
4777,2021-01-29,10.0,17685.60335,26.620833333333334,25.38333333333333,77.91666666666667,0.6916666666666668
4778,2021-01-30,3.4,9202.585640000001,26.612499999999997,25.491666666666664,79.45833333333333,0.23750000000000002
4779,2021-01-31,0.0,16160.78704,27.416666666666668,26.166666666666668,73.14583333333333,0.6791666666666667
4780,2021-02-01,1.4,12935.31015,27.558333333333337,25.95416666666667,72.95833333333333,0.17500000000000002
4781,2021-02-02,0.0,19915.21143,28.20416666666667,27.087500000000002,72.02083333333333,0.6625
4782,2021-02-03,0.0,23028.104,28.650000000000006,27.32083333333333,67.72916666666667,0.6375
4783,2021-02-04,0.0,18619.14889,28.337500000000002,27.05,69.29166666666667,0.3666666666666667
4784,2021-02-05,0.0,14830.02275,28.600000000000005,27.341666666666665,70.20833333333333,0.6083333333333333
4785,2021-02-06,0.0,14287.852210000001,28.620833333333334,27.325,66.3125,0.5333333333333333
4786,2021-02-07,12.8,17055.82438,28.07916666666667,26.504166666666666,69.72916666666667,0.4041666666666666
4787,2021-02-08,0.8,10005.30854,26.700000000000003,25.6875,80.58333333333333,0.4791666666666667
4788,2021-02-09,1.5999999999999999,15347.067,26.2625,25.295833333333334,78.9375,0.4708333333333334
4789,2021-02-10,0.0,15817.8827,27.7375,26.566666666666666,72.375,0.42083333333333334
4790,2021-02-11,25.4,8946.425369999999,26.399999999999995,25.10833333333333,79.16666666666667,0.23750000000000002
4791,2021-02-12,0.2,19672.590350000002,27.70416666666667,26.72083333333333,76.22916666666667,0.9291666666666667
4792,2021-02-13,20.200000000000003,7729.63691,26.195833333333336,25.395833333333332,81.27083333333333,0.32916666666666666
4793,2021-02-14,0.0,15323.962,27.6375,26.5125,77.3125,0.4291666666666667
4794,2021-02-15,48.2,7728.635310000001,25.3875,24.65833333333333,84.39583333333333,0.3875
4795,2021-02-16,15.0,6995.597,24.633333333333336,24.087500000000006,85.70833333333333,0.25833333333333336
4796,2021-02-17,11.0,14368.928,25.583333333333332,24.570833333333336,83.08333333333333,0.004166666666666667
4797,2021-02-18,33.6,9176.8745,24.604166666666668,24.01666666666667,86.66666666666667,0.0
4798,2021-02-19,2.2,15915.832,26.004166666666663,24.90833333333333,82.25,0.0
4799,2021-02-20,0.0,13360.94594,27.041666666666668,26.03333333333333,76.41666666666667,0.0
4800,2021-02-21,0.6,16137.006940000001,27.075000000000003,26.1125,77.91666666666667,0.0
4801,2021-02-22,2.2,5539.740269999999,24.85833333333333,24.166666666666668,84.5625,0.0
4802,2021-02-23,11.8,15003.249,24.875,23.849999999999998,83.41666666666667,0.43333333333333335
4803,2021-02-24,0.6000000000000001,20533.922560000003,27.375,26.22083333333333,77.4375,0.7166666666666668
4804,2021-02-25,4.6,14432.20049,27.383333333333336,26.02916666666667,72.89583333333333,0.4000000000000001
4805,2021-02-26,20.200000000000003,17385.553700000004,26.179166666666664,25.191666666666663,78.125,0.5458333333333333
4806,2021-02-27,31.200000000000003,9319.72288,25.504166666666666,24.541666666666668,81.08333333333333,0.4875
4807,2021-02-28,2.6,21014.14516,27.25,25.916666666666668,73.6875,0.4166666666666667
4808,2021-03-01,7.0,10406.76859,25.145833333333332,24.295833333333334,82.83333333333333,0.5791666666666667
4809,2021-03-02,13.8,14000.381850000002,25.4875,24.270833333333332,81.20833333333333,0.3875
4810,2021-03-03,1.4000000000000001,17266.95109,26.554166666666664,25.520833333333332,79.29166666666667,0.5125000000000001
4811,2021-03-04,1.2,18550.7625,27.145833333333332,25.954166666666666,75.33333333333333,0.3541666666666667
4812,2021-03-05,0.8,19766.99515,26.608333333333334,25.454166666666666,76.14583333333333,0.7541666666666668
4813,2021-03-06,0.0,15345.636,26.945833333333336,26.020833333333332,77.0,0.2833333333333334
4814,2021-03-07,1.6,12875.62605,26.441666666666663,25.2,77.45833333333333,0.375
4815,2021-03-08,0.0,21825.54829,27.47083333333333,26.254166666666666,74.4375,0.4749999999999999
4816,2021-03-09,4.8,16172.27795,27.133333333333336,25.683333333333337,75.25,0.4333333333333333
4817,2021-03-10,0.0,15035.580629999999,26.954166666666666,25.645833333333332,76.60416666666667,0.4875
4818,2021-03-11,0.0,14813.10078,27.212499999999995,26.058333333333337,75.97916666666667,0.4083333333333334
4819,2021-03-12,5.0,14924.504530000002,26.733333333333334,25.620833333333337,77.4375,0.2833333333333333
4820,2021-03-13,10.0,11681.003949999998,25.662499999999998,24.27916666666667,82.45833333333333,0.22083333333333333
4821,2021-03-14,11.6,16731.126969999998,26.320833333333336,25.166666666666668,82.35416666666667,0.3916666666666666
4822,2021-03-15,9.399999999999999,20607.13729,26.900000000000006,25.729166666666668,78.16666666666667,0.6749999999999999
4823,2021-03-16,0.0,20786.527329999997,27.645833333333332,26.291666666666668,74.54166666666667,0.4166666666666667
4824,2021-03-17,0.0,16342.30761,27.5125,26.333333333333332,75.4375,0.5541666666666666
4825,2021-03-18,5.6,14192.51914,26.22083333333333,25.2,79.04166666666667,0.5
4826,2021-03-19,4.0,12198.677,26.024999999999995,25.329166666666666,81.375,0.5708333333333333
4827,2021-03-20,35.4,12001.431,24.72083333333333,23.599999999999998,83.25,0.1875
4828,2021-03-21,10.0,18260.253,25.7625,24.57916666666667,81.33333333333333,0.0
4829,2021-03-22,1.8,9098.75157,25.729166666666668,24.745833333333334,82.10416666666667,0.10833333333333334
4830,2021-03-23,0.2,20505.193420000003,26.941666666666666,25.8,78.75,0.20833333333333334
4831,2021-03-24,1.2,18231.135759999997,27.537499999999998,26.28333333333333,77.04166666666667,0.4958333333333333
4832,2021-03-25,35.8,9115.107,25.7375,24.84583333333333,82.79166666666667,0.45416666666666666
4833,2021-03-26,22.200000000000003,14750.60486,25.92916666666667,24.995833333333337,82.16666666666667,0.15
4834,2021-03-27,31.4,16896.20294,25.916666666666668,24.837500000000002,80.77083333333333,0.45
4835,2021-03-28,0.0,25166.56,27.8875,26.758333333333336,71.66666666666667,0.4625000000000001
4836,2021-03-29,0.0,18591.295449999998,27.274999999999995,26.0125,75.52083333333333,0.5083333333333333
4837,2021-03-30,0.2,11114.1404,26.90833333333333,25.916666666666668,77.54166666666667,0.22083333333333333
4838,2021-03-31,0.2,18113.41723,27.579166666666666,26.429166666666664,78.16666666666667,0.4583333333333333
4839,2021-04-01,8.6,12858.9961,26.76666666666667,25.541666666666668,78.1875,0.2708333333333333
4840,2021-04-02,26.799999999999997,14051.032050000002,27.0,25.958333333333332,80.5,0.24583333333333335
4841,2021-04-03,0.0,23198.613,28.516666666666666,27.28333333333333,72.52083333333333,0.5958333333333333
4842,2021-04-04,0.0,17747.697640000002,28.041666666666668,26.479166666666668,74.64583333333333,0.2875
4843,2021-04-05,1.6,12348.18239,27.129166666666663,25.78333333333333,77.5625,0.5166666666666666
4844,2021-04-06,0.2,21460.97,28.429166666666664,27.179166666666664,73.08333333333333,0.7208333333333333
4845,2021-04-07,0.0,22766.270660000002,28.629166666666666,27.28333333333333,66.95833333333333,0.7208333333333333
4846,2021-04-08,0.0,21708.79469,28.53333333333333,27.108333333333334,64.3125,0.7624999999999998
4847,2021-04-09,0.0,10720.556059999999,27.558333333333334,26.04583333333333,71.77083333333333,0.4916666666666667
4848,2021-04-10,0.0,17022.860760000003,27.8125,26.254166666666663,73.5625,0.6749999999999999
4849,2021-04-11,0.2,9979.96308,26.558333333333334,25.400000000000002,77.39583333333333,0.2916666666666667
4850,2021-04-12,4.2,16255.26117,27.441666666666663,26.0625,77.16666666666667,0.5083333333333333
4851,2021-04-13,1.8,16699.21382,27.145833333333332,25.775000000000002,79.20833333333333,0.5666666666666667
4852,2021-04-14,0.0,13690.185879999999,27.799999999999997,26.629166666666666,76.3125,0.4625000000000001
4853,2021-04-15,3.6,15567.90308,27.40416666666667,26.254166666666663,76.70833333333333,0.49583333333333335
4854,2021-04-16,3.4,13346.8697,26.995833333333334,25.825,78.4375,0.3708333333333333
4855,2021-04-17,0.0,12199.15648,26.825,25.8125,80.20833333333333,0.4333333333333333
4856,2021-04-18,2.0,16375.548149999999,27.441666666666666,26.2,75.95833333333333,0.6166666666666667
4857,2021-04-19,11.4,13589.56212,25.683333333333334,24.8875,81.22916666666667,0.004166666666666667
4858,2021-04-20,0.0,12258.635699999999,26.987499999999997,25.879166666666666,76.72916666666667,0.0
4859,2021-04-21,6.0,10666.09929,26.224999999999998,25.112499999999997,79.10416666666667,0.0
4860,2021-04-22,2.2,14167.45439,26.787500000000005,25.537499999999998,79.5625,0.3499999999999999
4861,2021-04-23,7.2,16102.75504,26.84166666666667,25.5125,80.75,0.34583333333333327
4862,2021-04-24,0.0,10308.98129,27.433333333333337,26.42916666666667,79.4375,0.09999999999999999
4863,2021-04-25,12.4,10471.16012,26.991666666666664,25.7625,81.5625,0.05416666666666667
4864,2021-04-26,4.0,16437.241,26.88333333333333,25.629166666666666,82.45833333333333,0.10416666666666667
4865,2021-04-27,3.0,16532.71908,26.916666666666668,25.866666666666664,80.47916666666667,0.20833333333333334
4866,2021-04-28,7.2,11512.557359999999,26.241666666666664,24.98333333333333,83.64583333333333,0.19166666666666668
4867,2021-04-29,0.0,15925.26221,27.087500000000002,25.958333333333332,80.375,0.2875
4868,2021-04-30,1.0,14739.484199999999,26.816666666666666,25.479166666666668,80.125,0.5916666666666667
4869,2021-05-01,0.6000000000000001,8094.8559700000005,25.979166666666668,24.966666666666665,82.39583333333333,0.14583333333333334
4870,2021-05-02,0.0,13203.65025,27.36666666666667,26.054166666666664,76.125,0.4375
4871,2021-05-03,0.0,18408.74514,27.71666666666667,26.333333333333332,71.75,0.7125
4872,2021-05-04,0.0,13173.506710000001,27.0625,25.8875,75.89583333333333,0.19166666666666665
4873,2021-05-05,19.2,14323.00197,25.7375,24.383333333333336,81.47916666666667,0.4958333333333333
4874,2021-05-06,1.0,15123.71874,25.7375,24.60833333333333,82.91666666666667,0.31250000000000006
4875,2021-05-07,0.2,16084.951640000001,26.65416666666667,25.620833333333337,79.375,0.5541666666666667
4876,2021-05-08,0.0,17880.866120000002,27.67083333333333,26.5125,74.64583333333333,0.6833333333333332
4877,2021-05-09,0.4,11459.141160000001,27.020833333333332,25.695833333333336,75.875,0.5583333333333332
4878,2021-05-10,0.2,18162.844820000002,27.416666666666668,26.179166666666664,72.625,0.7083333333333334
4879,2021-05-11,0.0,17210.30771,27.808333333333334,26.541666666666668,70.08333333333333,0.7000000000000001
4880,2021-05-12,0.0,19985.00762,27.53333333333333,26.0125,68.0625,0.09166666666666666
4881,2021-05-13,0.0,17194.86536,28.075,26.620833333333334,70.39583333333333,0.5416666666666666
4882,2021-05-14,0.0,14120.16894,27.666666666666668,26.274999999999995,73.14583333333333,0.1791666666666667
4883,2021-05-15,0.0,12919.51858,27.49166666666667,26.583333333333332,71.89583333333333,1.3625
4884,2021-05-16,0.0,12194.95134,27.90416666666667,26.60833333333333,72.0,0.47500000000000003
4885,2021-05-17,0.0,16141.766,27.254166666666666,26.03333333333333,72.9375,0.6541666666666667
4886,2021-05-18,0.0,14465.58799,27.441666666666666,26.008333333333336,74.89583333333333,0.3083333333333333
4887,2021-05-19,0.0,19561.463,27.937500000000004,26.558333333333337,74.35416666666667,0.5041666666666668
4888,2021-05-20,0.0,14781.58427,27.941666666666666,26.24166666666667,73.9375,0.3541666666666667
4889,2021-05-21,0.0,13798.023039999998,28.63333333333333,27.1125,71.54166666666667,0.5333333333333333
4890,2021-05-22,0.0,12081.068870000001,27.454166666666666,26.21666666666667,74.02083333333333,0.36250000000000004
4891,2021-05-23,0.0,17296.112,27.770833333333332,26.270833333333332,73.0625,0.7125
4892,2021-05-24,0.0,15878.99626,28.10833333333333,26.633333333333336,70.64583333333333,0.4916666666666667
4893,2021-05-25,0.0,14754.139220000001,28.6375,27.133333333333336,68.25,0.45
4894,2021-05-26,0.0,18962.862,27.95,26.245833333333334,68.125,0.6166666666666667
4895,2021-05-27,0.0,17199.40163,27.641666666666666,26.10833333333333,65.35416666666667,0.4749999999999999
4896,2021-05-28,0.0,14173.05899,27.549999999999997,25.97083333333333,64.625,0.6041666666666666
4897,2021-05-29,0.0,17405.991,27.329166666666666,25.604166666666668,67.29166666666667,0.2833333333333333
4898,2021-05-30,0.6,18833.720770000004,28.55,26.991666666666664,66.41666666666667,0.5916666666666667
4899,2021-05-31,0.0,19430.83,27.51666666666667,25.829166666666666,64.9375,0.3125
4900,2021-06-01,0.0,13406.07571,27.637500000000003,25.925,66.27083333333333,0.5541666666666667
4901,2021-06-02,0.0,14319.70923,27.84583333333333,26.4375,69.375,0.5
4902,2021-06-03,0.0,11101.32767,27.55,26.004166666666663,73.0,0.2916666666666667
4903,2021-06-04,0.0,16663.331,27.566666666666666,26.125,71.125,0.3958333333333333
4904,2021-06-05,0.0,12382.342990000001,27.641666666666666,26.020833333333332,68.52083333333333,0.7541666666666668
4905,2021-06-06,0.0,17687.58023,27.858333333333334,26.229166666666668,65.33333333333333,0.5833333333333334
4906,2021-06-07,0.0,13270.162199999999,27.8,26.075,66.125,0.3416666666666666
4907,2021-06-08,0.0,16114.15311,27.675,25.98333333333333,65.9375,0.17916666666666667
4908,2021-06-09,0.0,12607.166,27.479166666666668,26.208333333333332,70.8125,0.0
4909,2021-06-10,4.8,13921.429,28.325,26.958333333333332,71.8125,0.2416666666666667
4910,2021-06-11,0.0,14862.9877,28.587500000000002,27.129166666666666,69.8125,0.47500000000000003
4911,2021-06-12,0.0,14806.28622,28.591666666666665,27.287499999999998,69.70833333333333,0.325
4912,2021-06-13,0.0,13082.46615,28.520833333333332,27.0125,67.875,0.1958333333333333
4913,2021-06-14,0.0,11123.52333,27.683333333333337,26.42083333333333,71.3125,0.07083333333333333
4914,2021-06-15,0.0,9906.68783,28.175,26.741666666666664,68.79166666666667,0.3958333333333333
4915,2021-06-16,0.0,15827.014,27.8,26.254166666666666,66.91666666666667,0.29583333333333334
4916,2021-06-17,0.0,13273.686689999999,27.120833333333337,25.291666666666668,68.77083333333333,0.2708333333333333
4917,2021-06-18,0.0,7222.919900000001,26.28333333333333,25.141666666666666,75.66666666666667,0.32083333333333336
4918,2021-06-19,0.0,12636.43936,27.291666666666668,25.912499999999998,71.02083333333333,0.5
4919,2021-06-20,0.0,17591.074,27.89166666666667,26.441666666666666,64.125,0.7624999999999998
4920,2021-06-21,0.0,14551.18651,27.45,25.754166666666666,64.08333333333333,0.4708333333333334
4921,2021-06-22,0.0,12617.118369999998,27.76666666666667,26.104166666666668,66.08333333333333,0.5083333333333333
4922,2021-06-23,0.0,11813.788,26.92083333333333,25.491666666666664,70.95833333333333,0.4833333333333334
4923,2021-06-24,8.8,12947.96251,27.28333333333333,25.587500000000002,70.5625,0.2708333333333333
4924,2021-06-25,0.0,16190.296,26.96666666666667,25.587500000000002,71.0625,0.6083333333333333
4925,2021-06-26,0.0,11755.307219999999,27.195833333333336,25.6375,66.97916666666667,0.6666666666666666
4926,2021-06-27,0.0,18255.905,27.024999999999995,25.525000000000002,66.02083333333333,0.5916666666666667
4927,2021-06-28,0.0,18466.763,26.929166666666664,25.2375,63.041666666666664,0.5
4928,2021-06-29,0.0,18015.125050000002,26.150000000000002,24.379166666666666,61.5625,0.3875
4929,2021-06-30,0.0,18613.053,27.045833333333334,25.287499999999994,58.833333333333336,0.3666666666666667
4930,2021-07-01,0.0,18905.382,28.662499999999998,27.045833333333334,58.1875,0.5
4931,2021-07-02,0.0,12878.971,27.583333333333332,26.041666666666668,65.39583333333333,1.3
4932,2021-07-03,0.0,14803.221,27.720833333333335,26.258333333333336,67.9375,0.5958333333333333
4933,2021-07-04,0.0,13646.06312,28.15833333333333,26.579166666666666,61.0,0.6416666666666666
4934,2021-07-05,0.0,12386.1173,27.633333333333336,26.0125,60.5,0.8250000000000001
4935,2021-07-06,0.0,16407.723,27.675,25.9375,60.541666666666664,0.3583333333333334
4936,2021-07-07,0.0,13809.66979,27.366666666666664,25.662499999999998,63.958333333333336,0.45
4937,2021-07-08,0.0,16374.162339999999,27.38333333333333,25.662500000000005,62.145833333333336,0.6416666666666667
4938,2021-07-09,0.0,16808.379149999997,27.166666666666668,25.441666666666666,61.458333333333336,0.75
4939,2021-07-10,0.0,17752.57661,27.149999999999995,25.445833333333336,59.5,0.7791666666666668
4940,2021-07-11,0.0,16425.70473,27.5,25.879166666666663,61.854166666666664,0.7291666666666666
4941,2021-07-12,0.0,17432.86906,28.45,26.808333333333337,59.5,0.8416666666666667
4942,2021-07-13,0.0,18165.79912,28.42083333333333,26.558333333333334,56.5,0.9791666666666666
4943,2021-07-14,0.0,16216.05461,27.866666666666664,25.825,54.375,0.6791666666666666
4944,2021-07-15,0.0,13469.301700000002,27.72083333333333,25.85833333333333,58.1875,0.5916666666666667
4945,2021-07-16,0.0,14223.1659,27.96666666666667,26.229166666666668,59.541666666666664,0.5499999999999999
4946,2021-07-17,0.0,10372.992809999998,27.48333333333333,25.816666666666666,64.45833333333333,0.4083333333333334
4947,2021-07-18,0.0,15478.089820000001,27.925,26.308333333333337,63.145833333333336,0.525
4948,2021-07-19,0.0,14287.34083,28.34166666666667,26.55,62.9375,0.6124999999999999
4949,2021-07-20,0.0,12782.54225,27.695833333333336,25.983333333333334,65.79166666666667,0.3666666666666667
4950,2021-07-21,0.0,9719.4015,27.337499999999995,25.808333333333334,67.41666666666667,0.75
4951,2021-07-22,0.0,16454.94393,28.483333333333334,26.895833333333332,58.083333333333336,1.0333333333333332
4952,2021-07-23,0.0,17630.40728,28.15416666666667,26.233333333333334,51.770833333333336,1.0708333333333333
4953,2021-07-24,0.0,17165.1165,28.108333333333334,26.04583333333333,49.291666666666664,1.0416666666666667
4954,2021-07-25,0.0,14496.356189999999,27.758333333333336,25.895833333333332,53.229166666666664,0.6583333333333333
4955,2021-07-26,0.0,14318.718359999999,28.587499999999995,26.71666666666667,50.041666666666664,0.7375000000000002
4956,2021-07-27,0.0,16087.48,27.92916666666667,25.8,54.645833333333336,0.4375
4957,2021-07-28,0.0,17194.82347,28.425,26.529166666666665,56.604166666666664,0.32916666666666666
4958,2021-07-29,4.4,16270.162789999998,30.00833333333333,28.362499999999997,56.208333333333336,0.18333333333333335
4959,2021-07-30,0.0,11738.33351,28.425,26.970833333333335,68.10416666666667,0.26666666666666666
4960,2021-07-31,1.6,8310.662,25.45,24.39166666666667,78.29166666666667,0.5625
4961,2021-08-01,0.0,14227.93733,27.608333333333334,26.09166666666667,67.41666666666667,0.7083333333333334
4962,2021-08-02,0.0,21296.895,27.883333333333336,26.116666666666664,53.9375,0.9583333333333334
4963,2021-08-03,0.0,20883.967,26.729166666666668,24.854166666666668,53.3125,0.4291666666666667
4964,2021-08-04,0.0,14924.66997,27.683333333333337,25.474999999999998,52.166666666666664,0.2041666666666667
4965,2021-08-05,0.0,18170.59808,28.325,26.375,49.9375,0.9458333333333333
4966,2021-08-06,0.0,17828.57357,27.695833333333336,25.49166666666667,48.979166666666664,1.0625
4967,2021-08-07,0.0,14316.292579999998,28.625,26.599999999999994,48.708333333333336,0.85
4968,2021-08-08,0.0,13956.36565,29.395833333333332,27.712500000000006,45.458333333333336,1.0541666666666667
4969,2021-08-09,0.0,17653.648880000004,28.616666666666664,26.54583333333333,44.145833333333336,0.9666666666666667
4970,2021-08-10,0.0,17205.6165,28.6375,26.645833333333332,46.9375,0.5833333333333334
4971,2021-08-11,0.0,16361.66057,29.5625,27.733333333333334,52.395833333333336,0.44166666666666665
4972,2021-08-12,0.0,19408.949,29.770833333333332,28.100000000000005,54.145833333333336,0.4208333333333334
4973,2021-08-13,0.0,12500.48652,29.916666666666668,28.279166666666665,54.895833333333336,1.0958333333333334
4974,2021-08-14,0.0,13823.672,28.208333333333332,26.51666666666667,59.104166666666664,0.3916666666666666
4975,2021-08-15,0.0,19747.77562,28.67916666666667,26.633333333333336,54.958333333333336,0.5166666666666667
4976,2021-08-16,0.0,15806.407,27.833333333333332,25.816666666666666,56.625,0.3416666666666666
4977,2021-08-17,0.0,19950.684,28.32916666666667,26.154166666666665,56.541666666666664,0.8541666666666666
4978,2021-08-18,0.0,21363.77991,28.941666666666674,27.075,45.625,1.0541666666666665
4979,2021-08-19,0.0,17512.61911,28.425,26.245833333333334,42.645833333333336,1.0416666666666667
4980,2021-08-20,0.0,18342.396060000003,29.09166666666667,27.150000000000002,46.0,1.0166666666666668
4981,2021-08-21,0.0,15791.34403,29.666666666666668,27.650000000000002,47.0,1.2208333333333334
4982,2021-08-22,0.0,12495.27084,29.716666666666665,27.85833333333333,49.104166666666664,0.7875
4983,2021-08-23,0.0,16152.128100000002,29.45,27.474999999999998,49.041666666666664,1.0708333333333333
4984,2021-08-24,0.0,20145.02161,28.9375,27.162500000000005,53.4375,0.7666666666666666
4985,2021-08-25,0.0,13335.30286,30.27916666666667,28.704166666666666,54.5,0.8333333333333334
4986,2021-08-26,0.0,16090.216,30.570833333333336,29.058333333333337,54.729166666666664,0.9833333333333334
4987,2021-08-27,0.0,16659.241,29.679166666666664,28.183333333333334,58.895833333333336,0.6333333333333334
4988,2021-08-28,0.0,16797.88461,31.19583333333333,29.333333333333332,51.791666666666664,1.054166666666667
4989,2021-08-29,0.0,18787.814,30.666666666666668,28.820833333333336,52.395833333333336,0.75
4990,2021-08-30,0.0,15732.95674,30.84166666666667,29.345833333333335,49.625,0.7666666666666666
4991,2021-08-31,0.0,15808.45277,29.8,28.233333333333334,55.166666666666664,0.8708333333333332
4992,2021-09-01,0.0,8334.271,28.270833333333332,27.120833333333337,61.270833333333336,0.9958333333333332
4993,2021-09-02,5.000000000000001,12055.933,26.69583333333333,25.46666666666667,71.89583333333333,0.3416666666666666
4994,2021-09-03,0.0,15320.10794,29.35833333333333,27.895833333333332,62.5,0.5041666666666667
4995,2021-09-04,0.0,12989.66642,29.787499999999998,28.179166666666664,57.729166666666664,0.8541666666666666
4996,2021-09-05,0.0,17240.2203,30.583333333333332,28.954166666666666,53.270833333333336,1.0541666666666667
4997,2021-09-06,2.4000000000000004,17222.63197,29.587500000000002,27.570833333333336,54.375,0.7958333333333334
4998,2021-09-07,0.2,16516.658,28.34583333333333,26.84583333333333,64.85416666666667,1.1583333333333334
4999,2021-09-08,0.0,16336.716,29.633333333333336,28.183333333333337,62.5625,0.8041666666666667
5000,2021-09-09,0.0,14933.513,28.84583333333333,27.316666666666666,58.458333333333336,0.5791666666666666
5001,2021-09-10,0.0,14122.857,28.004166666666663,26.604166666666668,62.625,0.5833333333333334
5002,2021-09-11,0.0,14207.123,29.358333333333334,27.916666666666668,61.625,0.6416666666666667
5003,2021-09-12,3.6,12822.77638,28.375,26.7375,64.85416666666667,1.0
5004,2021-09-13,0.0,17150.259550000002,29.60833333333333,27.97083333333333,59.979166666666664,0.525
5005,2021-09-14,0.0,15159.739,29.850000000000005,28.287499999999998,57.270833333333336,0.4583333333333333
5006,2021-09-15,6.8,10762.68844,27.491666666666664,26.004166666666666,67.89583333333333,0.6583333333333333
5007,2021-09-16,0.0,18123.114,28.775000000000002,27.245833333333337,64.47916666666667,0.6541666666666667
5008,2021-09-17,0.0,18693.998,29.59583333333333,27.945833333333336,59.0,0.6625
5009,2021-09-18,0.0,12534.592859999999,29.195833333333336,27.6375,60.770833333333336,0.7166666666666667
5010,2021-09-19,0.0,11052.52575,28.483333333333334,26.95,62.6875,0.3
5011,2021-09-20,0.0,14632.91209,29.391666666666666,27.912499999999998,58.416666666666664,0.6541666666666667
5012,2021-09-21,0.0,14732.14968,30.120833333333337,28.583333333333332,56.208333333333336,0.7416666666666667
5013,2021-09-22,0.0,16784.848149999998,29.020833333333332,27.666666666666668,58.708333333333336,0.6708333333333334
5014,2021-09-23,0.0,18375.89999,30.09166666666667,28.587500000000002,58.4375,1.0166666666666668
5015,2021-09-24,2.2,15797.611,29.316666666666666,27.95,60.708333333333336,0.5833333333333334
5016,2021-09-25,3.8,17078.225300000002,28.933333333333337,27.291666666666668,63.020833333333336,0.5291666666666667
5017,2021-09-26,2.4,17035.72532,28.545833333333334,26.7625,67.60416666666667,0.5375
5018,2021-09-27,0.4,10870.365399999999,27.816666666666666,26.537500000000005,70.08333333333333,0.39999999999999997
5019,2021-09-28,8.2,7213.508519999999,25.2625,24.100000000000005,79.08333333333333,0.34583333333333327
5020,2021-09-29,0.0,14562.78146,27.4375,26.254166666666663,73.45833333333333,0.6208333333333332
5021,2021-09-30,43.8,14865.57992,28.7,26.787499999999998,66.91666666666667,0.8833333333333333
5022,2021-10-01,23.599999999999998,8989.15757,24.816666666666663,23.566666666666666,81.45833333333333,0.5125000000000001
5023,2021-10-02,8.4,6616.59092,24.116666666666664,23.3625,86.60416666666667,0.22083333333333333
5024,2021-10-03,0.2,14035.50307,27.041666666666668,25.89166666666667,78.60416666666667,0.41250000000000003
5025,2021-10-04,0.0,16315.698789999999,28.425,27.191666666666666,68.72916666666667,0.8333333333333334
5026,2021-10-05,0.0,17571.36797,29.391666666666666,27.95416666666667,62.645833333333336,0.4166666666666667
5027,2021-10-06,0.0,17989.41085,29.991666666666664,28.566666666666666,61.5625,0.29583333333333334
5028,2021-10-07,0.0,16767.017,29.725000000000005,28.333333333333332,65.33333333333333,0.6416666666666667
5029,2021-10-08,0.0,11870.11227,28.279166666666665,27.07083333333333,68.72916666666667,0.7166666666666667
5030,2021-10-09,0.0,15558.52799,28.925,27.287499999999998,68.08333333333333,0.27499999999999997
5031,2021-10-10,0.0,14289.753,29.5625,28.116666666666664,65.16666666666667,0.5833333333333334
5032,2021-10-11,0.0,15196.216,29.791666666666668,28.625,63.145833333333336,0.6208333333333333
5033,2021-10-12,0.0,17423.366899999997,30.516666666666666,28.929166666666664,58.020833333333336,0.2916666666666667
5034,2021-10-13,0.0,9466.066100000002,28.916666666666668,27.67916666666667,63.25,0.3666666666666667
5035,2021-10-14,0.0,12576.675009999999,29.541666666666668,28.191666666666663,63.645833333333336,0.5041666666666667
5036,2021-10-15,0.0,13555.941,28.7625,27.55,65.875,0.5416666666666666
5037,2021-10-16,0.0,16987.301259999997,28.745833333333337,27.304166666666664,65.875,0.5499999999999999
5038,2021-10-17,0.0,14348.11317,29.6375,27.90833333333333,65.0,0.4916666666666667
5039,2021-10-18,9.2,5339.2496200000005,25.78333333333333,24.65833333333333,74.22916666666667,0.34166666666666673
5040,2021-10-19,0.0,18247.581,26.729166666666668,25.52916666666667,77.4375,0.5541666666666667
5041,2021-10-20,0.0,17413.257309999997,28.47083333333333,27.041666666666668,68.91666666666667,0.5708333333333333
5042,2021-10-21,0.0,18402.019490000002,29.7625,28.27916666666667,61.979166666666664,0.6666666666666666
5043,2021-10-22,29.0,0.0,25.810000000000002,24.759999999999998,78.05,0.9
5044,2021-10-23,39.0,5110.563,24.178260869565218,23.55217391304348,87.67391304347827,0.07826086956521738
5045,2021-10-24,0.2,22048.698,27.537500000000005,26.15416666666667,75.47916666666667,0.2833333333333333
5046,2021-10-25,0.0,19696.13945,28.97083333333333,27.55,71.75,0.2833333333333333
5047,2021-10-26,1.0,7097.611890000001,27.070833333333336,26.2375,79.02083333333333,0.625
5048,2021-10-27,0.4,19447.286219999998,28.304166666666664,27.09583333333333,73.52083333333333,0.7000000000000001
5049,2021-10-28,0.6,10944.14086,27.35833333333333,25.987499999999997,75.02083333333333,0.5208333333333334
5050,2021-10-29,0.0,14302.51815,27.78333333333333,26.59166666666667,74.3125,0.35000000000000003
5051,2021-10-30,0.0,15253.764,27.766666666666666,26.650000000000002,72.125,0.47500000000000003
5052,2021-10-31,0.0,17310.259619999997,28.975000000000005,27.7625,67.58333333333333,0.5958333333333333
5053,2021-11-01,0.0,18367.78979,28.787500000000005,27.462500000000002,66.08333333333333,0.6291666666666667
5054,2021-11-02,1.0,8694.062609999999,27.458333333333332,26.395833333333332,73.875,0.3416666666666666
5055,2021-11-03,3.6,19977.68238,27.77916666666667,26.65416666666667,74.14583333333333,0.48750000000000004
5056,2021-11-04,0.0,12185.846539999999,28.058333333333337,26.8875,71.27083333333333,0.4791666666666667
5057,2021-11-05,4.0,17763.0798,27.650000000000002,26.429166666666664,72.875,0.1791666666666667
5058,2021-11-06,48.2,16009.674920000001,26.379166666666666,24.991666666666664,79.4375,0.5208333333333334
5059,2021-11-07,57.6,5592.116,24.370833333333337,23.78333333333333,86.9375,0.16666666666666666
5060,2021-11-08,0.0,23623.63669,27.320833333333336,26.025000000000002,77.02083333333333,0.375
5061,2021-11-09,26.2,3867.6413499999994,25.545833333333334,24.724999999999998,81.625,0.6875
5062,2021-11-10,22.4,4141.28619,24.475000000000005,23.866666666666664,88.0,0.2416666666666667
5063,2021-11-11,0.0,20034.44759,27.054166666666664,26.03333333333333,79.54166666666667,0.325
5064,2021-11-12,0.0,21528.09,28.104166666666668,26.787499999999998,72.25,0.39166666666666666
5065,2021-11-13,0.0,17160.33529,28.195833333333336,26.924999999999997,74.02083333333333,0.26666666666666666
5066,2021-11-14,0.2,11844.61917,27.483333333333334,26.316666666666666,75.97916666666667,0.7999999999999999
5067,2021-11-15,0.0,16463.91067,26.420833333333334,25.1125,74.79166666666667,0.6208333333333333
5068,2021-11-16,3.4000000000000004,8695.97808,26.837500000000002,25.791666666666668,78.72916666666667,0.28750000000000003
5069,2021-11-17,0.0,15772.250129999999,26.46666666666667,25.333333333333332,78.9375,0.14583333333333334
5070,2021-11-18,0.0,15381.59792,28.366666666666664,27.120833333333334,72.75,0.3
5071,2021-11-19,0.0,12314.455260000002,28.920833333333334,27.429166666666664,73.39583333333333,0.12916666666666668
5072,2021-11-20,0.4,15078.089,27.770833333333332,26.4875,77.72916666666667,0.6666666666666666
5073,2021-11-21,4.199999999999999,6698.303059999999,25.399999999999995,24.633333333333336,83.97916666666667,0.2583333333333333
5074,2021-11-22,0.0,16759.12842,27.537500000000005,26.26666666666667,75.89583333333333,0.32083333333333336
5075,2021-11-23,0.2,16521.83552,28.179166666666664,26.766666666666666,72.0625,0.425
5076,2021-11-24,0.0,19126.376009999996,28.416666666666668,27.070833333333336,70.375,0.48750000000000004
5077,2021-11-25,0.0,19860.509,28.766666666666666,27.333333333333332,70.04166666666667,0.5125000000000001
5078,2021-11-26,0.0,10850.814480000001,28.370833333333334,26.89166666666667,71.10416666666667,0.27499999999999997
5079,2021-11-27,16.799999999999997,15754.49611,28.129166666666666,26.350000000000005,76.41666666666667,0.3125
5080,2021-11-28,1.8,16894.425689999996,28.695833333333336,27.45,73.0625,0.3875
5081,2021-11-29,21.4,19012.109,27.870833333333337,26.520833333333332,72.5,0.3958333333333333
5082,2021-11-30,0.2,20857.18891,27.566666666666666,26.441666666666666,74.3125,0.5125000000000001
5083,2021-12-01,0.0,20003.84569,28.3625,27.09166666666667,71.58333333333333,0.4583333333333333
5084,2021-12-02,7.4,16738.88623,28.337500000000002,26.979166666666668,73.22916666666667,0.375
5085,2021-12-03,17.2,14748.192710000001,26.587500000000002,25.633333333333336,81.8125,0.6041666666666666
5086,2021-12-04,9.0,9037.622,26.008333333333336,25.108333333333334,81.52083333333333,0.37916666666666665
5087,2021-12-05,0.0,16016.911,26.541666666666668,25.645833333333332,81.85416666666667,0.49166666666666664
5088,2021-12-06,0.0,19591.106,28.175,26.8875,75.39583333333333,0.375
5089,2021-12-07,0.2,14271.67216,28.15833333333333,26.67083333333333,77.375,0.32083333333333336
5090,2021-12-08,8.600000000000001,9644.18584,26.404166666666665,25.483333333333338,82.41666666666667,0.49166666666666664
5091,2021-12-09,0.6,17445.42391,27.570833333333336,26.40833333333333,77.14583333333333,0.3
5092,2021-12-10,18.4,9401.714,26.98333333333333,26.195833333333336,80.5625,0.39166666666666666
5093,2021-12-11,45.2,8716.24354,26.287499999999998,25.295833333333334,85.45833333333333,0.28750000000000003
5094,2021-12-12,18.2,12825.00587,27.25,26.39166666666667,82.04166666666667,0.22916666666666666
5095,2021-12-13,0.0,12894.92154,28.308333333333337,27.150000000000002,76.64583333333333,0.25833333333333336
5096,2021-12-14,0.0,19251.04029,29.587500000000006,28.208333333333332,72.375,0.28750000000000003
5097,2021-12-15,0.0,16861.01141,29.02916666666667,27.887500000000003,73.29166666666667,0.2916666666666667
5098,2021-12-16,0.0,11870.063,28.10833333333333,27.083333333333332,75.20833333333333,0.6416666666666667
5099,2021-12-17,0.0,19961.321,28.537500000000005,27.42083333333333,72.77083333333333,0.5791666666666667
5100,2021-12-18,17.4,14787.434870000001,28.29583333333333,27.024999999999995,72.875,0.5583333333333333
5101,2021-12-19,27.0,7365.41712,25.979166666666668,25.291666666666668,83.85416666666667,0.37083333333333335
5102,2021-12-20,0.0,18382.331810000003,28.150000000000002,27.116666666666664,75.875,0.3416666666666666
5103,2021-12-21,19.599999999999998,8391.76228,27.083333333333332,26.325,80.27083333333333,0.30416666666666664
5104,2021-12-22,1.2,14366.60672,28.683333333333337,27.52916666666667,75.58333333333333,0.5125
5105,2021-12-23,40.0,12175.20761,27.27916666666667,25.966666666666665,78.9375,0.46249999999999997
5106,2021-12-24,2.0,13631.611640000001,27.1375,26.02916666666667,80.04166666666667,0.23750000000000002
5107,2021-12-25,46.400000000000006,10753.286209999998,25.679166666666664,24.779166666666665,80.72916666666667,0.2791666666666666
5108,2021-12-26,1.5999999999999999,8881.3041,25.804166666666664,24.8,83.91666666666667,0.3458333333333334
5109,2021-12-27,2.6,7139.089400000001,25.695833333333336,25.05416666666667,83.25,0.35833333333333334
5110,2021-12-28,10.2,10511.12649,25.649999999999995,24.5625,81.79166666666667,0.43333333333333335
5111,2021-12-29,3.8000000000000003,10663.080350000002,25.229166666666668,24.354166666666668,85.25,0.3666666666666667
5112,2021-12-30,1.4,18024.84296,26.704166666666666,25.545833333333334,80.91666666666667,0.35000000000000003
5113,2021-12-31,79.6,2734.74928,24.024999999999995,23.52916666666667,88.0,0.13333333333333333
5114,2022-01-01,0.2,17573.3102,25.879166666666666,24.849999999999998,83.52083333333333,0.325
5115,2022-01-02,0.2,16236.32271,26.9875,25.929166666666664,78.25,0.4708333333333334
5116,2022-01-03,117.19999999999999,4917.256,24.441666666666674,23.96666666666667,86.64583333333333,0.4166666666666667
5117,2022-01-04,0.0,15391.771,26.125,25.27916666666667,82.9375,0.3125
5118,2022-01-05,0.4,21020.48956,26.875,25.791666666666668,78.3125,0.6666666666666666
5119,2022-01-06,6.4,11265.15451,26.212500000000002,25.2,80.6875,0.32083333333333336
5120,2022-01-07,0.2,14201.81971,27.454166666666666,26.233333333333334,76.47916666666667,0.5041666666666667
5121,2022-01-08,0.2,11881.13664,27.320833333333336,26.575,78.10416666666667,0.15
5122,2022-01-09,0.2,12397.305789999999,26.729166666666668,25.808333333333337,78.8125,0.425
5123,2022-01-10,0.0,12229.107960000001,25.566666666666666,24.9375,82.02083333333333,0.41250000000000003
5124,2022-01-11,4.4,17216.915,26.825,25.75,78.64583333333333,0.3
5125,2022-01-12,9.0,5571.416,25.34583333333333,24.72083333333333,84.6875,0.32916666666666666
5126,2022-01-13,0.0,16471.94083,26.225000000000005,25.258333333333336,80.08333333333333,0.2125
5127,2022-01-14,0.2,15744.597240000001,27.3625,26.09166666666667,74.04166666666667,0.25
5128,2022-01-15,15.8,9626.544,25.295833333333334,24.358333333333334,82.4375,0.3416666666666666
5129,2022-01-16,4.2,18856.36,26.133333333333336,25.058333333333337,81.1875,0.3458333333333334
5130,2022-01-17,50.2,14551.49243,26.433333333333334,25.212500000000002,79.22916666666667,0.3333333333333333
5131,2022-01-18,0.6000000000000001,11800.00706,26.237499999999997,25.454166666666666,79.20833333333333,0.34166666666666673
5132,2022-01-19,0.4,15532.98253,26.52916666666667,25.475000000000005,78.5625,0.2791666666666666
5133,2022-01-20,0.6000000000000001,17727.85606,28.041666666666668,26.462499999999995,72.91666666666667,0.4791666666666667
5134,2022-01-21,0.0,19601.82903,28.012500000000003,26.75,75.5625,0.30000000000000004
5135,2022-01-22,0.0,18420.729,28.320833333333336,27.066666666666666,74.39583333333333,0.2833333333333333
5136,2022-01-23,4.0,13668.36582,27.254166666666663,25.67083333333333,75.125,0.15
5137,2022-01-24,0.8,18477.724,27.1875,25.95,73.83333333333333,0.3041666666666667
5138,2022-01-25,0.0,17164.41756,27.725000000000005,26.45,71.72916666666667,0.39166666666666666
5139,2022-01-26,0.4,14386.24872,27.245833333333334,25.979166666666668,75.29166666666667,0.30000000000000004
5140,2022-01-27,11.0,4299.28246,24.170833333333334,23.616666666666664,84.22916666666667,0.25
5141,2022-01-28,4.0,10817.306100000002,24.95,24.208333333333332,84.6875,0.05000000000000001
5142,2022-01-29,14.8,9500.88876,25.591666666666665,24.366666666666664,79.66666666666667,0.4541666666666666
5143,2022-01-30,0.0,18890.552929999998,26.625,25.145833333333332,76.60416666666667,0.3625
5144,2022-01-31,0.6000000000000001,8574.60954,26.770833333333332,25.7,78.5,0.14166666666666666
5145,2022-02-01,4.6,20134.814,27.2,26.0625,75.79166666666667,0.30416666666666664
5146,2022-02-02,1.2,13563.14936,27.733333333333334,26.208333333333332,77.41666666666667,0.2625
5147,2022-02-03,0.0,12876.38349,26.991666666666664,26.070833333333336,79.85416666666667,0.10416666666666667
5148,2022-02-04,0.0,16381.474,27.695833333333336,26.53333333333333,76.625,0.26666666666666666
5149,2022-02-05,0.0,13882.389,27.32083333333333,26.320833333333336,75.66666666666667,0.1875
5150,2022-02-06,0.4,17685.389,27.316666666666663,26.0,76.125,0.22916666666666666
5151,2022-02-07,7.4,16377.36357,26.8875,25.379166666666666,77.83333333333333,0.27499999999999997
5152,2022-02-08,0.0,18386.90562,28.71666666666667,27.541666666666668,73.29166666666667,0.22083333333333335
5153,2022-02-09,5.2,10746.57535,26.958333333333332,25.925,78.875,0.3625
5154,2022-02-10,3.6,14400.375769999999,26.675,25.400000000000002,79.8125,0.225
5155,2022-02-11,0.6000000000000001,14682.15158,27.016666666666666,25.854166666666668,74.75,0.3125
5156,2022-02-12,1.4000000000000001,19681.821,27.65416666666667,26.575,75.08333333333333,0.6291666666666667
5157,2022-02-13,1.4,12658.605170000003,26.362499999999997,25.224999999999998,78.60416666666667,0.4791666666666667
5158,2022-02-14,21.200000000000003,15333.13393,26.087500000000002,24.741666666666664,79.89583333333333,0.4000000000000001
5159,2022-02-15,7.2,8699.25207,25.9375,24.766666666666666,83.39583333333333,0.20833333333333334
5160,2022-02-16,37.599999999999994,3374.58767,23.675,22.912499999999998,88.33333333333333,0.225
5161,2022-02-17,51.0,18135.97575,25.495833333333337,24.34583333333333,83.54166666666667,0.4041666666666666
5162,2022-02-18,1.2,19353.73314,27.362499999999997,26.120833333333334,77.85416666666667,0.07916666666666668
5163,2022-02-19,16.2,6770.69722,26.079166666666666,25.041666666666668,79.70833333333333,0.19583333333333333
5164,2022-02-20,6.6000000000000005,16096.01253,26.375,25.09583333333333,80.08333333333333,0.3625
5165,2022-02-21,3.8000000000000003,20171.03297,27.462500000000002,26.366666666666664,74.70833333333333,0.3625
5166,2022-02-22,4.6000000000000005,11113.382,26.224999999999994,24.8625,80.60416666666667,0.0375
5167,2022-02-23,6.2,15502.76076,26.920833333333334,25.5,81.875,0.49583333333333335
5168,2022-02-24,5.4,12624.38488,26.729166666666668,25.858333333333334,80.41666666666667,0.049999999999999996
5169,2022-02-25,4.6000000000000005,7380.67419,26.037499999999998,25.004166666666663,83.08333333333333,0.2125
5170,2022-02-26,0.0,17074.283,26.125,24.899999999999995,82.20833333333333,0.4166666666666667
5171,2022-02-27,2.2,14638.83339,26.620833333333334,25.46666666666667,79.35416666666667,0.3541666666666667
5172,2022-02-28,2.8,17433.41668,27.337499999999995,25.958333333333332,77.10416666666667,0.29583333333333334
5173,2022-03-01,7.8,5962.361849999999,26.162499999999998,25.53333333333333,81.16666666666667,0.24166666666666667
5174,2022-03-02,0.6000000000000001,10230.087539999999,26.054166666666664,25.212500000000002,78.4375,0.26666666666666666
5175,2022-03-03,15.2,12633.75,26.162499999999994,25.020833333333332,82.83333333333333,0.24166666666666667
5176,2022-03-04,0.0,13918.43952,25.733333333333338,24.704166666666666,80.91666666666667,0.18333333333333332
5177,2022-03-05,15.2,14477.7977,25.837500000000002,24.866666666666664,81.83333333333333,0.4166666666666667
5178,2022-03-06,0.4,16238.343280000001,25.59166666666667,24.370833333333334,81.75,0.2041666666666667
5179,2022-03-07,11.799999999999999,11572.1805,25.866666666666664,24.712499999999995,80.58333333333333,0.24166666666666667
5180,2022-03-08,0.6000000000000001,17807.88187,27.433333333333337,26.2,77.79166666666667,0.3541666666666667
5181,2022-03-09,2.2,15354.82608,27.754166666666666,26.329166666666666,77.14583333333333,0.2166666666666667
5182,2022-03-10,36.199999999999996,8755.98866,25.683333333333334,24.662499999999998,84.66666666666667,0.23333333333333336
5183,2022-03-11,20.2,12306.26147,24.879166666666666,24.09166666666667,86.85416666666667,0.775
5184,2022-03-12,0.6000000000000001,18125.70868,26.53333333333333,25.441666666666666,81.04166666666667,0.27499999999999997
5185,2022-03-13,0.0,20005.271,27.916666666666668,26.55416666666667,74.8125,0.3833333333333333
5186,2022-03-14,3.4000000000000004,14121.42009,26.575,25.3625,78.16666666666667,0.26666666666666666
5187,2022-03-15,0.0,12913.41623,26.7625,25.97083333333333,78.6875,0.7083333333333334
5188,2022-03-16,42.4,18396.96936,26.445833333333336,25.354166666666668,78.39583333333333,0.48750000000000004
5189,2022-03-17,0.4,22569.189,27.84583333333333,26.670833333333334,74.85416666666667,0.3416666666666666
5190,2022-03-18,3.0000000000000004,8102.5710500000005,26.07916666666667,25.145833333333332,82.14583333333333,0.3333333333333333
5191,2022-03-19,31.2,21663.79,26.495833333333337,25.4375,80.14583333333333,0.7000000000000001
5192,2022-03-20,14.8,15949.466,26.504166666666663,25.325,82.16666666666667,0.25416666666666665
5193,2022-03-21,0.8,16828.87315,27.349999999999998,26.09583333333333,78.95833333333333,0.3416666666666666
5194,2022-03-22,12.8,9181.11075,25.84583333333333,24.908333333333335,83.27083333333333,0.375
5195,2022-03-23,3.5999999999999996,14601.90964,26.962499999999995,25.77916666666667,81.54166666666667,0.6625
5196,2022-03-24,12.4,18881.631,27.270833333333332,26.212500000000002,78.0625,0.7666666666666666
5197,2022-03-25,0.4,16608.86719,27.1875,26.058333333333334,77.33333333333333,0.4291666666666667
5198,2022-03-26,0.2,13827.24105,27.337500000000002,26.0625,77.72916666666667,0.28750000000000003
5199,2022-03-27,2.1999999999999997,12855.9921,27.212500000000002,26.116666666666664,78.77083333333333,0.4291666666666667
5200,2022-03-28,26.0,14370.20238,26.587500000000002,25.474999999999998,82.75,0.5041666666666667
5201,2022-03-29,121.0,13253.90779,25.55416666666667,24.729166666666668,83.47916666666667,0.7000000000000001
5202,2022-03-30,16.0,11789.389239999999,25.979166666666668,24.825000000000003,82.25,0.5083333333333333
5203,2022-03-31,1.0,12396.266099999999,26.34583333333333,25.545833333333334,80.08333333333333,0.5125000000000001
5204,2022-04-01,0.2,15597.2004,27.120833333333334,26.066666666666663,78.79166666666667,0.15416666666666667
5205,2022-04-02,6.0,16430.963180000002,27.383333333333336,26.037499999999998,75.02083333333333,0.6124999999999999
5206,2022-04-03,6.0,13582.778460000001,26.325,24.96666666666667,82.25,0.42083333333333334
5207,2022-04-04,19.8,16539.126,26.479166666666668,25.366666666666664,82.875,0.3458333333333334
5208,2022-04-05,3.4000000000000004,13018.751,26.779166666666665,25.833333333333332,81.875,0.2625
5209,2022-04-06,0.8,17460.65984,27.141666666666666,25.958333333333332,79.16666666666667,0.24583333333333335
5210,2022-04-07,0.0,12087.59823,27.712500000000002,26.583333333333332,74.5625,0.3125
5211,2022-04-08,0.0,17791.638899999998,27.59166666666667,26.387500000000003,74.0625,0.7041666666666666
5212,2022-04-09,7.8,14506.952,26.53333333333333,25.195833333333336,79.125,0.3125
5213,2022-04-10,6.0,15910.130509999999,27.008333333333336,25.899999999999995,79.6875,0.225
5214,2022-04-11,3.0000000000000004,15816.445370000001,27.55,26.420833333333338,78.58333333333333,0.32083333333333336
5215,2022-04-12,0.0,13185.11956,28.412499999999998,27.204166666666666,72.625,0.5458333333333333
5216,2022-04-13,9.200000000000001,18331.35271,27.858333333333334,26.770833333333332,75.66666666666667,0.47916666666666674
5217,2022-04-14,0.0,15436.543730000001,28.054166666666664,26.7625,72.5625,0.1958333333333333
5218,2022-04-15,0.0,15896.14929,28.729166666666668,27.337499999999995,72.52083333333333,0.31666666666666665
5219,2022-04-16,0.0,16576.965,28.474999999999998,27.183333333333334,72.72916666666667,0.6791666666666667
5220,2022-04-17,28.2,12939.55357,26.583333333333332,25.179166666666664,80.52083333333333,0.5625
5221,2022-04-18,0.4,15384.46193,27.120833333333334,26.025000000000006,77.52083333333333,0.07083333333333335
5222,2022-04-19,2.4000000000000004,13149.336969999998,27.45,26.275000000000002,77.8125,0.7708333333333334
5223,2022-04-20,1.2000000000000002,13968.091470000001,27.05,25.958333333333332,79.4375,0.25
5224,2022-04-21,0.0,17687.942769999998,28.295833333333334,27.083333333333332,73.95833333333333,0.4583333333333333
5225,2022-04-22,0.6,17909.26312,27.516666666666666,26.245833333333337,76.45833333333333,0.3666666666666667
5226,2022-04-23,10.2,9695.36509,25.825,25.008333333333336,81.0,0.5791666666666666
5227,2022-04-24,0.0,16785.12359,26.84166666666667,25.887500000000003,75.0625,0.5958333333333333
5228,2022-04-25,0.0,21732.671,28.191666666666666,26.7375,70.5625,0.9375
5229,2022-04-26,0.0,21905.896,28.245833333333334,26.837500000000002,67.45833333333333,0.9250000000000002
5230,2022-04-27,0.0,18110.4119,29.15833333333333,27.799999999999997,66.02083333333333,0.32083333333333336
5231,2022-04-28,0.0,15742.713210000002,28.208333333333332,26.8875,69.95833333333333,0.6875
5232,2022-04-29,0.0,16580.91701,28.558333333333334,27.07916666666667,69.29166666666667,0.5333333333333333
5233,2022-04-30,0.0,16679.94941,28.491666666666664,26.90833333333333,69.14583333333333,0.5208333333333334
5234,2022-05-01,0.0,17123.20768,29.066666666666663,27.695833333333336,67.64583333333333,0.6291666666666668
5235,2022-05-02,0.0,17288.287949999998,28.337499999999995,26.962500000000002,67.27083333333333,0.4083333333333334
5236,2022-05-03,0.0,18132.199,28.416666666666668,26.895833333333332,71.75,0.1416666666666667
5237,2022-05-04,20.4,14465.43806,26.983333333333334,25.57083333333333,78.0,0.35833333333333334
5238,2022-05-05,4.199999999999999,19028.184289999997,27.52916666666667,26.39166666666667,76.14583333333333,0.4416666666666667
5239,2022-05-06,0.0,15006.300379999999,28.112499999999997,26.7,72.0,0.5750000000000001
5240,2022-05-07,1.4000000000000001,18366.065,27.45,25.925,75.97916666666667,0.07916666666666666
5241,2022-05-08,0.0,16353.248469999999,27.274999999999995,26.054166666666664,75.10416666666667,0.23749999999999996
5242,2022-05-09,0.0,11237.17657,26.975000000000005,25.97083333333333,76.625,0.20833333333333334
5243,2022-05-10,0.0,19972.141,27.59166666666667,26.283333333333335,72.625,0.45416666666666666
5244,2022-05-11,0.0,16311.335,27.52916666666667,26.208333333333332,73.02083333333333,0.225
5245,2022-05-12,0.0,14831.02999,28.433333333333334,27.1375,69.75,0.05416666666666667
5246,2022-05-13,0.2,15898.92158,28.07083333333333,26.78333333333333,73.9375,0.5291666666666667
5247,2022-05-14,0.0,14617.585219999999,28.6375,27.34166666666667,72.0,0.8958333333333334
5248,2022-05-15,0.0,12926.65494,27.925,26.708333333333332,74.91666666666667,0.4916666666666667
5249,2022-05-16,0.0,16482.843,28.5,27.370833333333334,73.29166666666667,0.5583333333333333
5250,2022-05-17,0.0,10334.087150000001,27.754166666666663,26.475000000000005,72.41666666666667,0.016666666666666666
5251,2022-05-18,0.0,17717.985,27.92083333333333,26.354166666666668,75.27083333333333,0.21666666666666667
5252,2022-05-19,0.0,15643.518,26.287499999999998,25.079166666666666,63.479166666666664,0.6666666666666666
5253,2022-05-20,0.0,10844.58031,24.974999999999998,23.970833333333335,66.375,0.020833333333333332
5254,2022-05-21,0.0,12287.50962,25.583333333333332,24.35833333333333,71.16666666666667,0.0
5255,2022-05-22,3.4,14833.65443,26.825,25.47083333333333,74.77083333333333,0.024999999999999998
5256,2022-05-23,5.6,16786.162,27.970833333333335,26.400000000000002,73.625,0.0
5257,2022-05-24,0.2,16811.59187,27.754166666666663,26.73333333333333,71.25,0.9583333333333334
5258,2022-05-25,0.0,18834.009,27.7,26.3125,64.9375,0.9833333333333334
5259,2022-05-26,0.0,15036.51632,27.629166666666666,26.20416666666667,66.35416666666667,1.2083333333333333
5260,2022-05-27,0.0,16365.177,27.816666666666663,26.504166666666666,66.89583333333333,1.2416666666666665
5261,2022-05-28,0.0,16576.25155,27.804166666666664,26.287499999999998,64.6875,0.5499999999999999
5262,2022-05-29,0.0,16399.33625,27.850000000000005,26.4375,63.1875,0.6958333333333333
5263,2022-05-30,0.0,13042.278849999999,29.133333333333336,27.545833333333334,62.854166666666664,0.6125
5264,2022-05-31,0.8,11852.311539999999,27.566666666666666,25.97083333333333,71.41666666666667,0.30833333333333335
5265,2022-06-01,0.2,12475.25732,27.6125,26.391666666666666,73.5,0.6541666666666667
5266,2022-06-02,2.2,11835.538,28.020833333333332,26.78333333333333,69.75,0.3625
5267,2022-06-03,1.2,17167.401,28.1125,26.454166666666666,69.0625,0.06666666666666667
5268,2022-06-04,0.0,11622.766529999999,26.8625,25.758333333333336,74.20833333333333,0.35000000000000003
5269,2022-06-05,0.0,16279.36259,27.349999999999998,26.162499999999998,72.41666666666667,0.9708333333333333
5270,2022-06-06,0.0,8550.89482,27.920833333333334,26.71666666666667,66.97916666666667,0.8375
5271,2022-06-07,0.0,15684.446,28.045833333333334,26.67083333333333,65.0625,0.6166666666666667
5272,2022-06-08,0.0,14398.607,26.929166666666664,25.34166666666667,68.0,0.2583333333333333
5273,2022-06-09,0.0,15283.701,27.666666666666668,26.075000000000003,67.39583333333333,0.5083333333333333
5274,2022-06-10,0.0,12606.581129999999,27.804166666666664,25.995833333333334,68.72916666666667,0.4749999999999999
5275,2022-06-11,0.0,11863.65868,27.88333333333333,26.40833333333333,71.25,0.42083333333333334
5276,2022-06-12,0.2,11807.820310000001,27.825,26.254166666666663,71.41666666666667,0.25833333333333336
5277,2022-06-13,62.39999999999999,15259.987,25.604166666666668,23.9375,80.625,0.5916666666666667
5278,2022-06-14,1.4,9553.20975,25.908333333333335,24.570833333333336,80.20833333333333,0.31249999999999994
5279,2022-06-15,0.0,16675.68611,26.40833333333333,25.099999999999998,73.41666666666667,0.8791666666666668
5280,2022-06-16,0.0,17183.546240000003,26.712499999999995,25.1875,68.91666666666667,0.34583333333333327
5281,2022-06-17,0.0,17989.202,27.79583333333333,26.195833333333336,66.91666666666667,0.3833333333333333
5282,2022-06-18,0.0,18992.77,28.208333333333332,26.679166666666664,63.604166666666664,0.4583333333333333
5283,2022-06-19,0.0,17437.397119999998,27.9875,26.558333333333334,65.0625,0.625
5284,2022-06-20,0.0,17905.233,27.770833333333332,26.2625,66.10416666666667,0.4666666666666666
5285,2022-06-21,0.0,17160.26619,26.787499999999998,25.20416666666667,66.25,0.5291666666666667
5286,2022-06-22,0.0,11404.33689,27.3875,25.9875,66.375,0.5499999999999999
5287,2022-06-23,0.0,18601.847,27.45,25.804166666666664,63.520833333333336,0.48750000000000004
5288,2022-06-24,0.0,18113.551,27.8625,26.162499999999998,61.625,0.725
5289,2022-06-25,0.0,18810.056,28.14166666666667,26.40833333333333,61.520833333333336,0.5541666666666667
5290,2022-06-26,0.0,18583.57911,27.47083333333333,25.4875,59.0625,0.2916666666666667
5291,2022-06-27,0.0,18843.157,26.525000000000002,24.695833333333336,60.979166666666664,0.6625
5292,2022-06-28,0.0,18767.092380000002,27.32916666666667,25.870833333333337,60.625,0.5333333333333333
5293,2022-06-29,0.0,16622.594,27.829166666666666,26.075000000000003,62.166666666666664,0.23333333333333336
5294,2022-06-30,0.0,13560.805699999999,27.96666666666667,26.15833333333333,62.791666666666664,0.05000000000000001
5295,2022-07-01,1.6,14472.34437,27.0625,25.1875,69.02083333333333,0.15833333333333335
5296,2022-07-02,1.2000000000000002,13755.19285,27.458333333333332,25.90833333333333,69.25,0.8874999999999998
5297,2022-07-03,0.0,13395.770410000001,28.65833333333333,27.191666666666674,58.6875,1.1083333333333334
5298,2022-07-04,0.0,12824.17244,27.679166666666664,26.170833333333334,58.3125,0.5458333333333333
5299,2022-07-05,0.0,12152.29745,28.587500000000002,27.191666666666666,57.5625,0.36666666666666664
5300,2022-07-06,0.0,11746.25192,28.5625,27.279166666666665,57.5,0.8708333333333332
5301,2022-07-07,0.0,15363.53152,28.09583333333333,26.6875,58.416666666666664,1.0833333333333333
5302,2022-07-08,0.0,13697.04704,28.520833333333332,27.458333333333332,57.1875,0.9958333333333332
5303,2022-07-09,0.0,15467.63544,27.7625,26.2,60.708333333333336,0.4875
5304,2022-07-10,0.0,17461.24,27.354166666666668,25.754166666666666,58.604166666666664,0.9249999999999999
5305,2022-07-11,0.0,10203.815809999998,28.67083333333333,27.245833333333334,52.8125,0.7041666666666666
5306,2022-07-12,0.0,17553.168,27.879166666666666,25.825,58.604166666666664,0.4916666666666667
5307,2022-07-13,0.0,11751.090189999999,28.125,26.575000000000003,60.770833333333336,0.7291666666666666
5308,2022-07-14,0.0,10974.707030000001,27.683333333333334,26.162499999999998,62.166666666666664,0.5583333333333333
5309,2022-07-15,0.0,16909.51691,27.850000000000005,26.145833333333332,59.416666666666664,0.31250000000000006
5310,2022-07-16,0.0,16012.61037,27.8,25.95,54.979166666666664,0.34166666666666673
5311,2022-07-17,0.0,15903.82344,27.366666666666664,25.28333333333333,55.75,0.20000000000000004
5312,2022-07-18,0.0,17142.2056,28.295833333333334,26.433333333333337,55.958333333333336,0.7916666666666666
5313,2022-07-19,0.0,16910.96612,28.170833333333334,26.333333333333332,54.375,0.5958333333333333
5314,2022-07-20,0.0,12911.17724,28.295833333333334,26.308333333333334,54.208333333333336,0.3583333333333334
5315,2022-07-21,0.0,16464.90708,27.745833333333334,25.741666666666664,53.291666666666664,0.4749999999999999
5316,2022-07-22,0.0,17528.857,27.016666666666662,25.287500000000005,57.291666666666664,0.6208333333333333
5317,2022-07-23,1.0,17808.00027,27.39565217391305,25.469565217391303,55.34782608695652,0.717391304347826
5318,2022-07-24,0.0,18014.28207,28.099999999999998,26.02916666666667,55.1875,0.6458333333333334
5319,2022-07-25,0.0,18080.505240000002,28.620833333333334,26.675,52.958333333333336,0.20833333333333334
5320,2022-07-26,0.0,18105.75917,28.337500000000002,26.333333333333332,51.479166666666664,0.4583333333333333
5321,2022-07-27,0.0,19718.921,28.520833333333332,26.329166666666666,49.0,0.4291666666666667
5322,2022-07-28,0.0,16819.49037,28.320833333333336,26.299999999999997,52.0625,0.19999999999999998
5323,2022-07-29,0.0,15927.26367,28.4875,26.458333333333332,54.083333333333336,0.04583333333333334
5324,2022-07-30,1.0,10598.79632,28.058333333333337,26.254166666666663,59.833333333333336,0.0
5325,2022-07-31,0.0,13788.3148,27.825,26.25,67.64583333333333,0.3625
5326,2022-08-01,2.2,13998.5745,27.55,26.320833333333336,69.75,0.37916666666666665
5327,2022-08-02,0.0,17442.42172,28.39166666666667,26.650000000000002,57.916666666666664,0.8583333333333333
5328,2022-08-03,0.0,20742.973,27.129166666666666,25.208333333333332,58.0,1.0374999999999999
5329,2022-08-04,0.0,17950.12415,28.212500000000002,26.566666666666663,59.729166666666664,0.32916666666666666
5330,2022-08-05,0.0,16787.031,28.745833333333337,26.854166666666668,57.833333333333336,0.43333333333333335
5331,2022-08-06,0.0,17970.0718,29.945833333333336,28.558333333333334,54.333333333333336,0.5791666666666666
5332,2022-08-07,0.0,15718.908650000001,28.195833333333336,26.433333333333337,59.458333333333336,0.7000000000000001
5333,2022-08-08,0.0,18690.69661,28.791666666666668,26.8625,53.854166666666664,0.7958333333333334
5334,2022-08-09,0.0,20579.54454,28.695833333333336,26.174999999999997,50.0,1.0
5335,2022-08-10,0.0,15123.484859999999,27.879166666666663,25.724999999999994,52.375,0.6541666666666667
5336,2022-08-11,0.0,21798.348,28.291666666666668,26.2625,55.041666666666664,0.6625
5337,2022-08-12,0.0,14851.5541,27.525000000000002,25.7375,60.916666666666664,0.09583333333333333
5338,2022-08-13,0.0,12388.74723,27.816666666666663,26.3,64.0,0.5291666666666667
5339,2022-08-14,0.0,15386.71877,27.47083333333333,25.704166666666666,58.75,0.22916666666666666
5340,2022-08-15,0.0,21615.58327,27.75,25.724999999999998,50.6875,0.6791666666666667
5341,2022-08-16,0.0,21479.711,28.658333333333335,26.55,47.104166666666664,0.39166666666666666
5342,2022-08-17,0.0,17526.8521,28.670833333333334,26.291666666666668,45.958333333333336,0.8583333333333333
5343,2022-08-18,0.0,19740.874,29.025000000000002,27.03333333333333,48.729166666666664,0.8624999999999999
5344,2022-08-19,0.0,19870.830759999997,29.89166666666667,28.0,50.645833333333336,0.425
5345,2022-08-20,0.0,19717.51,29.78333333333333,27.6125,48.416666666666664,0.32916666666666666
5346,2022-08-21,0.0,18418.18398,28.758333333333336,26.520833333333332,42.166666666666664,0.6208333333333335
5347,2022-08-22,0.0,16227.04769,28.179166666666664,25.920833333333334,43.895833333333336,0.7458333333333332
5348,2022-08-23,0.0,18641.24758,29.508333333333336,27.774999999999995,44.583333333333336,1.1875
5349,2022-08-24,0.0,19455.381370000003,29.3125,27.3625,50.354166666666664,0.8208333333333334
5350,2022-08-25,0.0,16107.96,28.541666666666668,26.633333333333336,58.4375,0.725
5351,2022-08-26,0.0,12885.138789999999,29.28333333333333,27.629166666666663,55.229166666666664,0.3
5352,2022-08-27,0.0,17859.63503,28.975000000000005,26.9375,47.958333333333336,0.4791666666666667
5353,2022-08-28,0.0,18838.072299999996,29.354166666666668,26.96666666666667,44.791666666666664,0.44166666666666665
5354,2022-08-29,0.0,16347.01311,28.666666666666668,26.191666666666663,44.375,0.4166666666666667
5355,2022-08-30,0.0,13937.17202,28.583333333333332,26.495833333333334,51.020833333333336,0.775
5356,2022-08-31,0.0,19445.616,29.575,27.683333333333334,49.958333333333336,0.8583333333333334
5357,2022-09-01,0.0,21058.41433,29.212500000000002,26.84166666666667,45.5,0.9458333333333334
5358,2022-09-02,0.0,18935.6322,29.266666666666666,26.9875,42.541666666666664,1.0791666666666668
5359,2022-09-03,0.0,14876.16382,30.258333333333336,28.054166666666664,42.229166666666664,1.3
5360,2022-09-04,0.0,20647.675,29.458333333333332,27.541666666666668,47.083333333333336,1.0
5361,2022-09-05,0.0,17339.0742,30.633333333333336,28.712500000000002,48.770833333333336,1.2791666666666666
5362,2022-09-06,0.0,14282.075600000002,31.066666666666666,29.233333333333334,47.354166666666664,1.1458333333333333
5363,2022-09-07,0.0,20026.317,30.05,27.833333333333332,45.791666666666664,0.4375
5364,2022-09-08,0.0,17632.64721,29.337500000000006,27.504166666666666,48.833333333333336,0.2041666666666667
5365,2022-09-09,0.0,15886.1171,28.891666666666666,27.020833333333332,52.9375,0.24583333333333335
5366,2022-09-10,0.0,19166.649,29.1125,27.09583333333333,51.3125,0.27499999999999997
5367,2022-09-11,0.0,19143.148,30.149999999999995,27.925,48.979166666666664,0.15
5368,2022-09-12,0.0,9357.34689,28.991666666666664,27.579166666666666,56.645833333333336,0.6916666666666665
5369,2022-09-13,0.2,12876.29757,28.679166666666664,27.04583333333333,61.354166666666664,0.6791666666666667
5370,2022-09-14,0.0,14316.535850000002,29.30416666666667,27.650000000000002,57.6875,0.37083333333333335
5371,2022-09-15,0.0,17182.01,29.633333333333336,28.066666666666666,55.416666666666664,0.325
5372,2022-09-16,1.0,16122.64939,30.375,28.49166666666667,53.75,0.125
5373,2022-09-17,0.0,20030.4048,29.729166666666668,28.087500000000002,60.0625,0.3791666666666667
5374,2022-09-18,0.0,13710.53424,29.825,28.337500000000002,54.166666666666664,0.3916666666666666
5375,2022-09-19,0.0,14981.54017,29.695833333333336,27.90416666666667,53.583333333333336,0.3625
5376,2022-09-20,0.0,20101.933,29.870833333333326,28.15416666666667,52.458333333333336,0.4625000000000001
5377,2022-09-21,0.0,16007.945740000001,29.991666666666664,28.42916666666667,52.6875,0.9333333333333332
5378,2022-09-22,0.0,15502.35976,29.754166666666666,28.25,53.333333333333336,0.7125
5379,2022-09-23,0.0,19940.2716,30.387500000000003,28.433333333333337,51.895833333333336,0.55
5380,2022-09-24,0.0,10084.35599,28.00833333333333,26.5,63.583333333333336,0.4166666666666667
5381,2022-09-25,0.0,14423.62769,27.408333333333335,26.016666666666666,66.0625,1.2375
5382,2022-09-26,0.0,19208.641,30.03333333333333,28.508333333333336,55.1875,0.6
5383,2022-09-27,0.0,15396.126940000002,30.870833333333334,29.166666666666668,48.1875,0.6208333333333333
5384,2022-09-28,0.0,16310.009,29.21666666666667,27.6125,52.5,0.22916666666666666
5385,2022-09-29,0.0,15077.927469999999,30.0,28.358333333333334,54.875,0.15416666666666665
5386,2022-09-30,0.0,12764.39025,29.849999999999998,28.116666666666664,51.916666666666664,0.2625
5387,2022-10-01,0.0,17219.36462,30.78333333333333,29.30416666666667,48.0,0.7125
5388,2022-10-02,0.0,21940.294,30.2,28.258333333333336,49.1875,0.3666666666666667
5389,2022-10-03,0.0,15097.31667,30.7375,28.891666666666666,48.8125,0.12916666666666668
5390,2022-10-04,0.0,16215.718,29.254166666666663,27.84166666666667,54.25,0.26666666666666666
5391,2022-10-05,0.0,22532.295,30.308333333333337,28.395833333333332,53.333333333333336,0.9416666666666665
5392,2022-10-06,0.0,15327.361,30.7,29.037499999999998,51.416666666666664,1.1875
5393,2022-10-07,0.0,18747.057200000003,30.879166666666663,29.179166666666664,49.854166666666664,1.0666666666666667
5394,2022-10-08,0.0,20312.582,30.641666666666666,28.712500000000002,48.604166666666664,0.4208333333333334
5395,2022-10-09,32.6,17144.674,29.329166666666666,27.28333333333333,61.6875,0.41250000000000003
5396,2022-10-10,0.0,8395.445169999999,27.845833333333335,26.7,75.83333333333333,0.004166666666666667
5397,2022-10-11,0.0,13132.45061,29.566666666666666,28.166666666666668,61.020833333333336,0.0
5398,2022-10-12,0.0,17067.14978,30.554166666666664,28.858333333333334,53.1875,0.0
5399,2022-10-13,0.0,17543.62324,29.829166666666666,28.058333333333334,51.875,0.004166666666666667
5400,2022-10-14,0.2,19952.880530000002,31.145833333333332,29.67083333333333,53.666666666666664,0.0
5401,2022-10-15,0.0,20062.515,31.441666666666663,29.825,50.041666666666664,0.0
5402,2022-10-16,0.0,15503.193060000001,30.525000000000002,28.995833333333334,54.208333333333336,0.016666666666666666
5403,2022-10-17,0.0,13808.11375,29.5125,27.837500000000002,56.083333333333336,0.0
5404,2022-10-18,0.0,16343.703710000002,30.212500000000002,28.837500000000002,53.333333333333336,0.0
5405,2022-10-19,0.0,13604.0416,30.958333333333332,29.3625,49.604166666666664,0.004166666666666667
5406,2022-10-20,0.0,17294.901990000002,30.983333333333334,29.320833333333336,49.8125,0.0
5407,2022-10-21,0.0,13716.52816,30.708333333333332,29.320833333333336,53.583333333333336,0.0
5408,2022-10-22,0.0,12603.13077,29.78333333333333,28.65833333333333,57.875,0.0
5409,2022-10-23,0.0,13010.17734,30.95,29.72083333333333,55.791666666666664,0.0
5410,2022-10-24,0.0,10602.142189999999,30.599999999999998,29.1125,56.166666666666664,0.0
5411,2022-10-25,18.8,13217.0265,28.07083333333333,26.625,67.5625,0.09583333333333333
5412,2022-10-26,0.0,16715.38,27.379166666666666,26.416666666666668,73.3125,0.0
5413,2022-10-27,0.8,14815.68636,29.083333333333332,27.304166666666664,65.79166666666667,0.0
5414,2022-10-28,0.0,22002.941179999998,29.850000000000005,28.5625,57.125,0.012500000000000002
5415,2022-10-29,0.0,13283.72316,30.80416666666667,29.141666666666666,51.5625,0.0
5416,2022-10-30,0.0,18613.90935,30.879166666666663,29.34166666666667,54.041666666666664,0.004166666666666667
5417,2022-10-31,0.0,18491.473280000002,32.1625,30.691666666666663,49.5625,0.0
5418,2022-11-01,4.2,7871.394,28.833333333333332,27.679166666666664,58.875,0.012500000000000002
5419,2022-11-02,0.0,18002.214939999998,27.979166666666668,26.745833333333334,68.95833333333333,0.004166666666666667
5420,2022-11-03,7.2,16834.15175,29.325000000000003,27.458333333333332,59.4375,0.020833333333333332
5421,2022-11-04,47.599999999999994,4440.638,25.504166666666663,24.72083333333333,79.875,0.0
5422,2022-11-05,0.0,17546.964210000002,27.054166666666664,26.041666666666668,73.66666666666667,0.0
5423,2022-11-06,66.19999999999999,11614.415,25.78333333333333,24.7625,78.5625,0.008333333333333333
5424,2022-11-07,8.6,11868.047050000001,27.179166666666664,25.974999999999998,74.16666666666667,0.024999999999999998
5425,2022-11-08,15.6,9946.95752,24.754166666666663,23.8875,82.625,0.004166666666666667
5426,2022-11-09,2.0,13287.353,26.295833333333334,25.287499999999998,79.0,0.0
5427,2022-11-10,0.0,24699.249,28.649999999999995,27.27916666666667,67.70833333333333,0.0
5428,2022-11-11,0.0,22859.879,28.5125,27.070833333333336,67.47916666666667,0.0
5429,2022-11-12,21.8,16390.341,27.70416666666667,26.15833333333333,71.83333333333333,0.0
5430,2022-11-13,6.2,20164.465,27.295833333333334,25.79583333333333,77.20833333333333,0.020833333333333332
5431,2022-11-14,0.0,20190.632009999998,28.49166666666667,27.308333333333334,70.5625,0.0
5432,2022-11-15,7.6000000000000005,14894.23,27.5125,25.891666666666666,73.41666666666667,0.004166666666666667
5433,2022-11-16,0.0,15103.94496,28.120833333333337,26.929166666666664,74.83333333333333,0.0
5434,2022-11-17,0.0,18721.318049999998,28.958333333333332,27.6375,68.41666666666667,0.004166666666666667
5435,2022-11-18,0.0,9072.794539999999,26.245833333333334,25.399999999999995,72.5625,0.0
5436,2022-11-19,37.0,13657.727,26.774999999999995,25.633333333333336,74.04166666666667,0.0
5437,2022-11-20,29.6,17391.146439999997,26.40833333333333,25.32083333333333,76.79166666666667,0.0
5438,2022-11-21,9.6,19297.25802,27.958333333333332,26.629166666666666,72.5,0.004166666666666667
5439,2022-11-22,0.0,19551.56518,28.245833333333334,26.979166666666668,69.29166666666667,0.0
5440,2022-11-23,0.0,18073.34663,28.708333333333332,27.5125,69.10416666666667,0.0
5441,2022-11-24,0.0,14192.596230000001,28.587500000000002,27.491666666666664,69.375,0.0
5442,2022-11-25,58.8,10067.324,25.287499999999998,24.212500000000002,83.4375,0.03333333333333333
5443,2022-11-26,1.0,13770.359,26.5,25.77916666666667,81.27083333333333,0.0
5444,2022-11-27,6.6000000000000005,18081.87026,27.245833333333337,26.070833333333336,75.02083333333333,0.024999999999999998
5445,2022-11-28,86.0,5721.253279999999,25.816666666666666,24.758333333333336,81.77083333333333,0.008333333333333333
5446,2022-11-29,12.599999999999998,6249.46709,25.004166666666666,24.104166666666668,83.3125,0.0
5447,2022-11-30,0.8,13636.073349999999,25.454166666666666,24.6125,80.875,0.0
5448,2022-12-01,8.4,10166.20135,26.40833333333333,25.441666666666666,79.70833333333333,0.004166666666666667
5449,2022-12-02,1.2,9475.43018,26.3,25.34166666666667,83.22916666666667,0.0
5450,2022-12-03,6.6,8777.967869999999,25.349999999999998,24.504166666666666,84.35416666666667,0.0375
5451,2022-12-04,0.2,13316.75176,25.829166666666666,25.058333333333337,82.39583333333333,0.0
5452,2022-12-05,2.4,10851.15243,25.90833333333333,24.8625,81.64583333333333,0.0
5453,2022-12-06,0.0,14122.930040000001,25.912499999999998,24.725000000000005,79.02083333333333,0.0
5454,2022-12-07,0.0,20409.96921,28.099999999999998,26.82083333333333,71.625,0.0
5455,2022-12-08,0.0,20225.58401,28.25,26.754166666666666,69.35416666666667,0.0
5456,2022-12-09,10.6,10391.83473,27.3875,26.008333333333336,73.47916666666667,0.0
5457,2022-12-10,2.0,20187.39875,27.395833333333332,26.020833333333332,74.02083333333333,0.004166666666666667
5458,2022-12-11,0.0,13854.49518,27.479166666666668,26.358333333333334,75.16666666666667,0.008333333333333333
5459,2022-12-12,1.2,14266.99463,27.541666666666668,26.224999999999998,75.5625,0.004166666666666667
5460,2022-12-13,0.0,19938.78677,27.916666666666668,26.650000000000002,72.54166666666667,0.0
5461,2022-12-14,0.0,14887.00365,28.683333333333337,27.104166666666668,67.0625,0.0
5462,2022-12-15,0.0,16418.75766,28.09583333333333,26.816666666666663,73.10416666666667,0.0
5463,2022-12-16,0.6,19493.334,28.462500000000002,27.162499999999998,71.14583333333333,0.0
5464,2022-12-17,1.8,10870.335,26.712500000000002,26.008333333333336,76.375,0.004166666666666667
5465,2022-12-18,0.0,17731.4607,27.670833333333334,26.458333333333332,74.41666666666667,0.0
5466,2022-12-19,0.4,14597.243620000001,28.162499999999998,26.700000000000003,71.9375,0.0
5467,2022-12-20,0.0,16409.43033,28.45,27.1375,69.45833333333333,0.0
5468,2022-12-21,2.0,14755.00686,27.829166666666666,26.125,72.5625,0.004166666666666667
5469,2022-12-22,8.0,10507.20042,26.912500000000005,25.745833333333337,76.16666666666667,0.004166666666666667
5470,2022-12-23,0.8,15603.127,26.620833333333337,25.675,78.5,0.0
5471,2022-12-24,0.2,11496.454,26.1875,25.3125,78.4375,0.0
5472,2022-12-25,5.0,14410.176,26.758333333333336,25.3125,78.79166666666667,0.0
5473,2022-12-26,40.8,11720.620289999999,25.804166666666664,24.72083333333333,84.41666666666667,0.0
5474,2022-12-27,2.8,15196.82016,26.875,25.870833333333334,78.70833333333333,0.0
5475,2022-12-28,52.2,9062.660460000001,24.758333333333336,23.99166666666667,83.5625,0.004166666666666667
5476,2022-12-29,0.0,15493.71025,26.400000000000002,25.383333333333336,79.16666666666667,0.0
5477,2022-12-30,6.0,13677.935870000001,26.979166666666668,25.833333333333332,77.35416666666667,0.012499999999999999
5478,2022-12-31,18.4,16992.954,26.208333333333332,24.650000000000002,79.83333333333333,0.004166666666666667
